State,Constituency,Work Category,Work ID A,Description A,MP A,Work ID B,Description B,MP B,Similarity,Match Strength
Uttar Pradesh,Sitting Rajya Sabha,Normal/Others,WS/MP187/2023-2024/1566,HIGH MASK LED STREET LIGHT ( 6 LED LIGHTS),Shri Javed Ali Khan (2022-28),WS/MP187/2023-2024/1419,High Mask LED Street Light ( 6 Lights),Shri Javed Ali Khan (2022-28),96.8,Very High
Uttar Pradesh,Sitting Rajya Sabha,Normal/Others,WS/MP202/2023-2024/17117,Block Sujanganj Gram Gopalpur Me Durga Ji Mandir Ke Pass 18 Watt LED Wali Solar Light ka Karya,Smt. Seema Dwivedi (2020-26),WS/MP202/2023-2024/17116,Block Sujanganj Gram Gopalpur Me Shankar Ji Mandir Ke Pass 18 Watt LED Wali Solar Light ka Karya,Smt. Seema Dwivedi (2020-26),92.6,High
Uttar Pradesh,Sitting Rajya Sabha,Normal/Others,WS/MP195/2023-2024/23158,High Mast LED Light (9.5 mtrs MS Pole with 6 LED Light 150 W,Shri B.L. Verma (2020-26),WS/MP195/2024-2025/144399,"S.N0-1,High Mast LED Light (9.5 mtrs MS Pole with 6 LED Light 150 W)",Shri B.L. Verma (2020-26),92.6,High
Uttar Pradesh,Sitting Rajya Sabha,Normal/Others,WS/MP195/2023-2024/23158,High Mast LED Light (9.5 mtrs MS Pole with 6 LED Light 150 W,Shri B.L. Verma (2020-26),WS/MP195/2024-2025/144400,"S.N0-2, High Mast LED Light (9.5 mtrs MS Pole with 6 LED Light 150 W)",Shri B.L. Verma (2020-26),92.6,High
Uttar Pradesh,Sitting Rajya Sabha,Normal/Others,WS/MP195/2023-2024/23158,High Mast LED Light (9.5 mtrs MS Pole with 6 LED Light 150 W,Shri B.L. Verma (2020-26),WS/MP195/2024-2025/144401,"S.N0-3, High Mast LED Light (9.5 mtrs MS Pole with 6 LED Light 150 W)",Shri B.L. Verma (2020-26),92.6,High
Uttar Pradesh,Sitting Rajya Sabha,Normal/Others,WS/MP195/2023-2024/23158,High Mast LED Light (9.5 mtrs MS Pole with 6 LED Light 150 W,Shri B.L. Verma (2020-26),WS/MP195/2024-2025/144402,"S.N0-4, High Mast LED Light (9.5 mtrs MS Pole with 6 LED Light 150 W)",Shri B.L. Verma (2020-26),92.6,High
Uttar Pradesh,Sitting Rajya Sabha,Normal/Others,WS/MP195/2023-2024/23158,High Mast LED Light (9.5 mtrs MS Pole with 6 LED Light 150 W,Shri B.L. Verma (2020-26),WS/MP195/2024-2025/144403,"S.N0-7, High Mast LED Light (9.5 mtrs MS Pole with 6 LED Light 150 W)",Shri B.L. Verma (2020-26),92.6,High
Uttar Pradesh,Sitting Rajya Sabha,Normal/Others,WS/MP195/2023-2024/23158,High Mast LED Light (9.5 mtrs MS Pole with 6 LED Light 150 W,Shri B.L. Verma (2020-26),WS/MP195/2024-2025/144406,"S.N0-5, High Mast LED Light (9.5 mtrs MS Pole with 6 LED Light 150 W)",Shri B.L. Verma (2020-26),92.6,High
Uttar Pradesh,Sitting Rajya Sabha,Normal/Others,WS/MP195/2023-2024/23158,High Mast LED Light (9.5 mtrs MS Pole with 6 LED Light 150 W,Shri B.L. Verma (2020-26),WS/MP195/2024-2025/144407,"S.N0-6, High Mast LED Light (9.5 mtrs MS Pole with 6 LED Light 150 W)",Shri B.L. Verma (2020-26),92.6,High
Uttar Pradesh,Sitting Rajya Sabha,Normal/Others,WS/MP203/2023-2024/69443,New Electric Transformer Installation and electrification work,Smt. Darshana Singh (2022-28),WS/MP203/2023-2024/30453,New Electric transformer installation & Electrification.,Smt. Darshana Singh (2022-28),95.3,Very High
Uttar Pradesh,Sitting Rajya Sabha,Normal/Others,WS/MP849/2023-2024/60004,Multi purpose waiting hall i.e for passengers and police personnel etc,Smt. Geeta alias Chandraprabha (2020-26),WS/MP849/2023-2024/60000,"Multi purpose waiting hall i.e for passengers,police personnel etc",Smt. Geeta alias Chandraprabha (2020-26),98.2,Extremely High
Uttar Pradesh,Sitting Rajya Sabha,Normal/Others,WS/MP849/2023-2024/60007,Multi purpose waiting hall for passengers and police personnel etc,Smt. Geeta alias Chandraprabha (2020-26),WS/MP849/2023-2024/60000,"Multi purpose waiting hall i.e for passengers,police personnel etc",Smt. Geeta alias Chandraprabha (2020-26),96.4,Very High
Uttar Pradesh,Sitting Rajya Sabha,Normal/Others,WS/MP849/2023-2024/60007,Multi purpose waiting hall for passengers and police personnel etc,Smt. Geeta alias Chandraprabha (2020-26),WS/MP849/2023-2024/60004,Multi purpose waiting hall i.e for passengers and police personnel etc,Smt. Geeta alias Chandraprabha (2020-26),98.2,Extremely High
Uttar Pradesh,Sitting Rajya Sabha,Normal/Others,WS/MP849/2023-2024/60012,Multi purpose waiting hall for passengers and police personnel,Smt. Geeta alias Chandraprabha (2020-26),WS/MP849/2023-2024/60007,Multi purpose waiting hall for passengers and police personnel etc,Smt. Geeta alias Chandraprabha (2020-26),93.1,High
Uttar Pradesh,Sitting Rajya Sabha,Normal/Others,WS/MP849/2023-2024/61128,Installation of high mast light with 12.5 meter pole and 6 lights of 200 watt each,Smt. Geeta alias Chandraprabha (2020-26),WS/MP849/2023-2024/60035,"Installation of high mast light with 12.5 mtr pole, and 6 lights of 200 watt each",Smt. Geeta alias Chandraprabha (2020-26),92.6,High
Uttar Pradesh,Sitting Rajya Sabha,Normal/Others,WS/MP849/2023-2024/60036,Installation of high mast light with 12.5 meter pole and 6 lights 200 watt each,Smt. Geeta alias Chandraprabha (2020-26),WS/MP849/2023-2024/61128,Installation of high mast light with 12.5 meter pole and 6 lights of 200 watt each,Smt. Geeta alias Chandraprabha (2020-26),98.9,Extremely High
Uttar Pradesh,Sitting Rajya Sabha,Normal/Others,WS/MP849/2023-2024/62241,Installation of high mast light with 12.5 meter pole 6 lights of 200 watt each,Smt. Geeta alias Chandraprabha (2020-26),WS/MP849/2023-2024/60036,Installation of high mast light with 12.5 meter pole and 6 lights 200 watt each,Smt. Geeta alias Chandraprabha (2020-26),97.3,Very High
Uttar Pradesh,Sitting Rajya Sabha,Normal/Others,WS/MP849/2023-2024/62241,Installation of high mast light with 12.5 meter pole 6 lights of 200 watt each,Smt. Geeta alias Chandraprabha (2020-26),WS/MP849/2023-2024/61128,Installation of high mast light with 12.5 meter pole and 6 lights of 200 watt each,Smt. Geeta alias Chandraprabha (2020-26),98.5,Extremely High
Uttar Pradesh,Sitting Rajya Sabha,Normal/Others,WS/MP849/2023-2024/61434,Solar light 30 wat At 15 places listed in the attachment Amount: 15*50000= 750000,Smt. Geeta alias Chandraprabha (2020-26),WS/MP849/2023-2024/61440,Solar light 30 watt At 15 places listed in the attachment Amount 15*50000=750000,Smt. Geeta alias Chandraprabha (2020-26),93.0,High
Uttar Pradesh,Sitting Rajya Sabha,Normal/Others,WS/MP849/2023-2024/62110,Solar lights 30 watt at 3 places,Smt. Geeta alias Chandraprabha (2020-26),WS/MP849/2023-2024/62099,Solar lights 30 watt at 9 places,Smt. Geeta alias Chandraprabha (2020-26),98.1,Extremely High
Uttar Pradesh,Sitting Rajya Sabha,Normal/Others,WS/MP849/2023-2024/62201,Solar lights 30 watt at 8 places,Smt. Geeta alias Chandraprabha (2020-26),WS/MP849/2023-2024/62099,Solar lights 30 watt at 9 places,Smt. Geeta alias Chandraprabha (2020-26),98.1,Extremely High
Uttar Pradesh,Sitting Rajya Sabha,Normal/Others,WS/MP849/2023-2024/62106,Solar lights 30 watt at 18 places,Smt. Geeta alias Chandraprabha (2020-26),WS/MP849/2023-2024/62201,Solar lights 30 watt at 8 places,Smt. Geeta alias Chandraprabha (2020-26),92.4,High
Uttar Pradesh,Sitting Rajya Sabha,Normal/Others,WS/MP849/2023-2024/62112,Solar lights 30 watt at 13 places,Smt. Geeta alias Chandraprabha (2020-26),WS/MP849/2023-2024/62110,Solar lights 30 watt at 3 places,Smt. Geeta alias Chandraprabha (2020-26),92.4,High
Uttar Pradesh,Sitting Rajya Sabha,Normal/Others,WS/MP849/2023-2024/62110,Solar lights 30 watt at 3 places,Smt. Geeta alias Chandraprabha (2020-26),WS/MP849/2023-2024/62201,Solar lights 30 watt at 8 places,Smt. Geeta alias Chandraprabha (2020-26),98.1,Extremely High
Uttar Pradesh,Sitting Rajya Sabha,Normal/Others,WS/MP192/2023-2024/81624,"Lighting of public spaces.(Eight light wali) , kasba Jewar me Khurja Jewar Road ke samne yatri shed ke pass. Working Agency- Provincial Co-Operative Construction And Development LTD Bulandshahr Contact-MLA Dhirendra Singh-9412225444",Shri Surendra Singh Nagar (2022-28),WS/MP192/2023-2024/81623,"Lighting of public spaces.(Eight light wali) , kasba Jewar me tahsil ke samne yatri shed ke pass. Working Agency- Provincial Co-Operative Construction And Development LTD Bulandshahr Contact-MLA Dhirendra Singh-9412225444",Shri Surendra Singh Nagar (2022-28),93.0,High
Uttar Pradesh,Sitting Rajya Sabha,Normal/Others,WS/MP847/2024-2025/157758,"300 mtr CC road bnaye jane hetu Karyadayi Sanstha- Gramin Abhiyantran Vibhag (RED) Hamirpur, U.P",Shri Baburam Nishad (2022-28),WS/MP847/2024-2025/89994,"600 mtr CC road bnaye jane hetu Karyadayi Sanstha- Gramin Abhiyantran Vibhag (RED) Hamirpur, U.P",Shri Baburam Nishad (2022-28),94.0,High
Uttar Pradesh,Sitting Rajya Sabha,Normal/Others,WS/MP847/2024-2025/157756,"3. 200 mtr CC Road Bnaye Jane hetu Karyadayi Sanstha- Gramin Abhiyantran Vibhag (RED) Hamirpur, U.P.",Shri Baburam Nishad (2022-28),WS/MP847/2024-2025/89994,"600 mtr CC road bnaye jane hetu Karyadayi Sanstha- Gramin Abhiyantran Vibhag (RED) Hamirpur, U.P",Shri Baburam Nishad (2022-28),93.4,High
Uttar Pradesh,Sitting Rajya Sabha,Normal/Others,WS/MP203/2024-2025/140391,Please see attached document.,Smt. Darshana Singh (2022-28),WS/MP203/2023-2024/107448,Please see the attached document.,Smt. Darshana Singh (2022-28),96.0,Very High
Uttar Pradesh,Sitting Rajya Sabha,Normal/Others,WS/MP849/2024-2025/136083,15 solar lights at different public places Amount 50000 per light,Smt. Geeta alias Chandraprabha (2020-26),WS/MP849/2024-2025/139725,7 solar lights at different public places amount 50000 per light,Smt. Geeta alias Chandraprabha (2020-26),94.6,High
Uttar Pradesh,Sitting Rajya Sabha,Normal/Others,WS/MP849/2024-2025/136083,15 solar lights at different public places Amount 50000 per light,Smt. Geeta alias Chandraprabha (2020-26),WS/MP849/2024-2025/137713,Solar lights at different public places amount 50000 per light,Smt. Geeta alias Chandraprabha (2020-26),94.6,High
Uttar Pradesh,Sitting Rajya Sabha,Normal/Others,WS/MP849/2024-2025/136084,Solar lights at 15 different public places Amount: 50000 per light,Smt. Geeta alias Chandraprabha (2020-26),WS/MP849/2024-2025/137713,Solar lights at different public places amount 50000 per light,Smt. Geeta alias Chandraprabha (2020-26),94.6,High
Uttar Pradesh,Sitting Rajya Sabha,Normal/Others,WS/MP849/2024-2025/139725,7 solar lights at different public places amount 50000 per light,Smt. Geeta alias Chandraprabha (2020-26),WS/MP849/2024-2025/136084,Solar lights at 15 different public places Amount: 50000 per light,Smt. Geeta alias Chandraprabha (2020-26),93.7,High
Uttar Pradesh,Sitting Rajya Sabha,Normal/Others,WS/MP849/2024-2025/136083,15 solar lights at different public places Amount 50000 per light,Smt. Geeta alias Chandraprabha (2020-26),WS/MP849/2024-2025/136084,Solar lights at 15 different public places Amount: 50000 per light,Smt. Geeta alias Chandraprabha (2020-26),97.2,Very High
Uttar Pradesh,Sitting Rajya Sabha,Normal/Others,WS/MP849/2024-2025/136085,17 solar lights at different public places amount 50000 per light,Smt. Geeta alias Chandraprabha (2020-26),WS/MP849/2024-2025/139725,7 solar lights at different public places amount 50000 per light,Smt. Geeta alias Chandraprabha (2020-26),95.5,Very High
Uttar Pradesh,Sitting Rajya Sabha,Normal/Others,WS/MP849/2024-2025/136085,17 solar lights at different public places amount 50000 per light,Smt. Geeta alias Chandraprabha (2020-26),WS/MP849/2024-2025/137713,Solar lights at different public places amount 50000 per light,Smt. Geeta alias Chandraprabha (2020-26),94.6,High
Uttar Pradesh,Sitting Rajya Sabha,Normal/Others,WS/MP849/2024-2025/136089,15 solar lights at different places amount 50000 per light,Smt. Geeta alias Chandraprabha (2020-26),WS/MP849/2024-2025/136083,15 solar lights at different public places Amount 50000 per light,Smt. Geeta alias Chandraprabha (2020-26),92.6,High
Uttar Pradesh,Sitting Rajya Sabha,Normal/Others,WS/MP849/2024-2025/136101,14 solar lights at different public places amount 50000 per light,Smt. Geeta alias Chandraprabha (2020-26),WS/MP849/2024-2025/139725,7 solar lights at different public places amount 50000 per light,Smt. Geeta alias Chandraprabha (2020-26),94.6,High
Uttar Pradesh,Sitting Rajya Sabha,Normal/Others,WS/MP849/2024-2025/136101,14 solar lights at different public places amount 50000 per light,Smt. Geeta alias Chandraprabha (2020-26),WS/MP849/2024-2025/137713,Solar lights at different public places amount 50000 per light,Smt. Geeta alias Chandraprabha (2020-26),94.6,High
Uttar Pradesh,Sitting Rajya Sabha,Normal/Others,WS/MP849/2024-2025/136150,13 solar lights at different public places amount 50000 per light,Smt. Geeta alias Chandraprabha (2020-26),WS/MP849/2024-2025/139725,7 solar lights at different public places amount 50000 per light,Smt. Geeta alias Chandraprabha (2020-26),94.6,High
Uttar Pradesh,Sitting Rajya Sabha,Normal/Others,WS/MP849/2024-2025/136150,13 solar lights at different public places amount 50000 per light,Smt. Geeta alias Chandraprabha (2020-26),WS/MP849/2024-2025/137713,Solar lights at different public places amount 50000 per light,Smt. Geeta alias Chandraprabha (2020-26),94.6,High
Uttar Pradesh,Sitting Rajya Sabha,Normal/Others,WS/MP849/2024-2025/136153,19 Solar lights at different public places amount 50000 per light,Smt. Geeta alias Chandraprabha (2020-26),WS/MP849/2024-2025/139725,7 solar lights at different public places amount 50000 per light,Smt. Geeta alias Chandraprabha (2020-26),94.6,High
Uttar Pradesh,Sitting Rajya Sabha,Normal/Others,WS/MP849/2024-2025/136153,19 Solar lights at different public places amount 50000 per light,Smt. Geeta alias Chandraprabha (2020-26),WS/MP849/2024-2025/137713,Solar lights at different public places amount 50000 per light,Smt. Geeta alias Chandraprabha (2020-26),94.6,High
Uttar Pradesh,Sitting Rajya Sabha,Normal/Others,WS/MP849/2024-2025/136154,18 solar lights at different public places amount 50000 per light,Smt. Geeta alias Chandraprabha (2020-26),WS/MP849/2024-2025/139725,7 solar lights at different public places amount 50000 per light,Smt. Geeta alias Chandraprabha (2020-26),94.6,High
Uttar Pradesh,Sitting Rajya Sabha,Normal/Others,WS/MP849/2024-2025/136154,18 solar lights at different public places amount 50000 per light,Smt. Geeta alias Chandraprabha (2020-26),WS/MP849/2024-2025/137713,Solar lights at different public places amount 50000 per light,Smt. Geeta alias Chandraprabha (2020-26),94.6,High
Uttar Pradesh,Sitting Rajya Sabha,Normal/Others,WS/MP849/2024-2025/136173,2 high mast light at different public places amount 280000 per light,Smt. Geeta alias Chandraprabha (2020-26),WS/MP849/2024-2025/136172,3 high mast light at different public places Amount 280000 per light,Smt. Geeta alias Chandraprabha (2020-26),99.1,Extremely High
Uttar Pradesh,Sitting Rajya Sabha,Normal/Others,WS/MP847/2025-2026/137931,"LED SEMI HIGH MAST LIGHT (6 LED) WITH 150 WATT, 9.5 METER POLE",Shri Baburam Nishad (2022-28),WS/MP847/2025-2026/137393,"LED SEMI HIGH MAST LIGHT (6 LED) WITH 150 WATT, 9 METER POLE",Shri Baburam Nishad (2022-28),99.0,Extremely High
Uttar Pradesh,Sitting Rajya Sabha,Normal/Others,WS/MP847/2026-2027/230959,"Led Semi High Mast Light (06 LED) with 150-watt, 09 meter pole",Shri Baburam Nishad (2022-28),WS/MP847/2025-2026/137393,"LED SEMI HIGH MAST LIGHT (6 LED) WITH 150 WATT, 9 METER POLE",Shri Baburam Nishad (2022-28),92.3,High
Uttar Pradesh,Sitting Rajya Sabha,Normal/Others,WS/MP847/2025-2026/194501,"Led Semi High Mast Light 6 LED with 150 Watt, (.5 meter pole",Shri Baburam Nishad (2022-28),WS/MP847/2025-2026/137393,"LED SEMI HIGH MAST LIGHT (6 LED) WITH 150 WATT, 9 METER POLE",Shri Baburam Nishad (2022-28),98.9,Extremely High
Uttar Pradesh,Sitting Rajya Sabha,Normal/Others,WS/MP847/2025-2026/137393,"LED SEMI HIGH MAST LIGHT (6 LED) WITH 150 WATT, 9 METER POLE",Shri Baburam Nishad (2022-28),WS/MP847/2025-2026/160270,"Led Semi High Mast Light (6LED) with 150-watt, 9.5-meter pole",Shri Baburam Nishad (2022-28),94.8,High
Uttar Pradesh,Sitting Rajya Sabha,Normal/Others,WS/MP849/2024-2025/139725,7 solar lights at different public places amount 50000 per light,Smt. Geeta alias Chandraprabha (2020-26),WS/MP849/2024-2025/137713,Solar lights at different public places amount 50000 per light,Smt. Geeta alias Chandraprabha (2020-26),99.0,Extremely High
Uttar Pradesh,Sitting Rajya Sabha,Normal/Others,WS/MP849/2024-2025/139721,12 solar lights at different public places amount 50000 per light,Smt. Geeta alias Chandraprabha (2020-26),WS/MP849/2024-2025/137713,Solar lights at different public places amount 50000 per light,Smt. Geeta alias Chandraprabha (2020-26),94.6,High
Uttar Pradesh,Sitting Rajya Sabha,Normal/Others,WS/MP849/2024-2025/137723,High mast light at different public places with 9 meter pole and 6 lights 280000 per light,Smt. Geeta alias Chandraprabha (2020-26),WS/MP849/2024-2025/137724,High mast light at different public places with 9 meter pole and 6 lights Amount 280000 per light,Smt. Geeta alias Chandraprabha (2020-26),94.7,High
Uttar Pradesh,Sitting Rajya Sabha,Normal/Others,WS/MP847/2025-2026/137931,"LED SEMI HIGH MAST LIGHT (6 LED) WITH 150 WATT, 9.5 METER POLE",Shri Baburam Nishad (2022-28),WS/MP847/2025-2026/160270,"Led Semi High Mast Light (6LED) with 150-watt, 9.5-meter pole",Shri Baburam Nishad (2022-28),95.9,Very High
Uttar Pradesh,Sitting Rajya Sabha,Normal/Others,WS/MP847/2025-2026/194501,"Led Semi High Mast Light 6 LED with 150 Watt, (.5 meter pole",Shri Baburam Nishad (2022-28),WS/MP847/2025-2026/137931,"LED SEMI HIGH MAST LIGHT (6 LED) WITH 150 WATT, 9.5 METER POLE",Shri Baburam Nishad (2022-28),99.0,Extremely High
Uttar Pradesh,Sitting Rajya Sabha,Normal/Others,WS/MP202/2024-2025/138316,Prathmik Vidhyalay Kundaha Sujanganj Me Multi Open Fitness Gym Upkaran Ka Adhishthpan Karya,Smt. Seema Dwivedi (2020-26),WS/MP202/2024-2025/138510,Prathmik Vidhyalay Kushmaul Sujanganj Me Multi Open Fitness Gym Upkaran Ka Adhishthpan Karya,Smt. Seema Dwivedi (2020-26),92.0,High
Uttar Pradesh,Sitting Rajya Sabha,Normal/Others,WS/MP202/2024-2025/138321,Prathmik Vidhyalay Haripur Sujanganj Me Multi Open Fitness Gym Upkaran Ka Adhishthpan Karya,Smt. Seema Dwivedi (2020-26),WS/MP202/2024-2025/138511,Prathmik Vidhyalay Sachipuram Sujanganj Me Multi Open Fitness Gym Upkaran Ka Adhishthpan Karya,Smt. Seema Dwivedi (2020-26),92.0,High
Uttar Pradesh,Sitting Rajya Sabha,Normal/Others,WS/MP849/2024-2025/139721,12 solar lights at different public places amount 50000 per light,Smt. Geeta alias Chandraprabha (2020-26),WS/MP849/2024-2025/139725,7 solar lights at different public places amount 50000 per light,Smt. Geeta alias Chandraprabha (2020-26),94.6,High
Uttar Pradesh,Sitting Rajya Sabha,Normal/Others,WS/MP190/2025-2026/239049,Installation of 5 LED Highmast Lights for Rural and Urban areas as per enclosed List.,Shri Mithlesh Kumar (2022-28),WS/MP190/2024-2025/144137,Installation of 73 LED Highmast Lights for Rural and Urban areas as per enclosed List.,Shri Mithlesh Kumar (2022-28),95.3,Very High
Uttar Pradesh,Sitting Rajya Sabha,Normal/Others,WS/MP195/2024-2025/144399,"S.N0-1,High Mast LED Light (9.5 mtrs MS Pole with 6 LED Light 150 W)",Shri B.L. Verma (2020-26),WS/MP195/2024-2025/144404,"S.N0-11, High Mast LED Light (9.5 mtrs MS Pole with 6 LED Light 150 W)",Shri B.L. Verma (2020-26),95.9,Very High
Uttar Pradesh,Sitting Rajya Sabha,Normal/Others,WS/MP195/2024-2025/144399,"S.N0-1,High Mast LED Light (9.5 mtrs MS Pole with 6 LED Light 150 W)",Shri B.L. Verma (2020-26),WS/MP195/2024-2025/144405,"S.N0-12, High Mast LED Light (9.5 mtrs MS Pole with 6 LED Light 150 W)",Shri B.L. Verma (2020-26),95.9,Very High
Uttar Pradesh,Sitting Rajya Sabha,Normal/Others,WS/MP195/2024-2025/144399,"S.N0-1,High Mast LED Light (9.5 mtrs MS Pole with 6 LED Light 150 W)",Shri B.L. Verma (2020-26),WS/MP195/2024-2025/144408,"S.N0-13, High Mast LED Light (9.5 mtrs MS Pole with 6 LED Light 150 W)",Shri B.L. Verma (2020-26),95.9,Very High
Uttar Pradesh,Sitting Rajya Sabha,Normal/Others,WS/MP195/2024-2025/144399,"S.N0-1,High Mast LED Light (9.5 mtrs MS Pole with 6 LED Light 150 W)",Shri B.L. Verma (2020-26),WS/MP195/2024-2025/144409,"S.N0-14, High Mast LED Light (9.5 mtrs MS Pole with 6 LED Light 150 W)",Shri B.L. Verma (2020-26),95.9,Very High
Uttar Pradesh,Sitting Rajya Sabha,Normal/Others,WS/MP195/2024-2025/144399,"S.N0-1,High Mast LED Light (9.5 mtrs MS Pole with 6 LED Light 150 W)",Shri B.L. Verma (2020-26),WS/MP195/2024-2025/144400,"S.N0-2, High Mast LED Light (9.5 mtrs MS Pole with 6 LED Light 150 W)",Shri B.L. Verma (2020-26),99.1,Extremely High
Uttar Pradesh,Sitting Rajya Sabha,Normal/Others,WS/MP195/2024-2025/144399,"S.N0-1,High Mast LED Light (9.5 mtrs MS Pole with 6 LED Light 150 W)",Shri B.L. Verma (2020-26),WS/MP195/2024-2025/144401,"S.N0-3, High Mast LED Light (9.5 mtrs MS Pole with 6 LED Light 150 W)",Shri B.L. Verma (2020-26),99.1,Extremely High
Uttar Pradesh,Sitting Rajya Sabha,Normal/Others,WS/MP195/2024-2025/144399,"S.N0-1,High Mast LED Light (9.5 mtrs MS Pole with 6 LED Light 150 W)",Shri B.L. Verma (2020-26),WS/MP195/2024-2025/144402,"S.N0-4, High Mast LED Light (9.5 mtrs MS Pole with 6 LED Light 150 W)",Shri B.L. Verma (2020-26),99.1,Extremely High
Uttar Pradesh,Sitting Rajya Sabha,Normal/Others,WS/MP195/2024-2025/144399,"S.N0-1,High Mast LED Light (9.5 mtrs MS Pole with 6 LED Light 150 W)",Shri B.L. Verma (2020-26),WS/MP195/2024-2025/144403,"S.N0-7, High Mast LED Light (9.5 mtrs MS Pole with 6 LED Light 150 W)",Shri B.L. Verma (2020-26),99.1,Extremely High
Uttar Pradesh,Sitting Rajya Sabha,Normal/Others,WS/MP195/2024-2025/144399,"S.N0-1,High Mast LED Light (9.5 mtrs MS Pole with 6 LED Light 150 W)",Shri B.L. Verma (2020-26),WS/MP195/2024-2025/144406,"S.N0-5, High Mast LED Light (9.5 mtrs MS Pole with 6 LED Light 150 W)",Shri B.L. Verma (2020-26),99.1,Extremely High
Uttar Pradesh,Sitting Rajya Sabha,Normal/Others,WS/MP195/2024-2025/144405,"S.N0-12, High Mast LED Light (9.5 mtrs MS Pole with 6 LED Light 150 W)",Shri B.L. Verma (2020-26),WS/MP195/2024-2025/144400,"S.N0-2, High Mast LED Light (9.5 mtrs MS Pole with 6 LED Light 150 W)",Shri B.L. Verma (2020-26),95.9,Very High
Uttar Pradesh,Sitting Rajya Sabha,Normal/Others,WS/MP195/2024-2025/144400,"S.N0-2, High Mast LED Light (9.5 mtrs MS Pole with 6 LED Light 150 W)",Shri B.L. Verma (2020-26),WS/MP195/2024-2025/144401,"S.N0-3, High Mast LED Light (9.5 mtrs MS Pole with 6 LED Light 150 W)",Shri B.L. Verma (2020-26),99.1,Extremely High
Uttar Pradesh,Sitting Rajya Sabha,Normal/Others,WS/MP195/2024-2025/144400,"S.N0-2, High Mast LED Light (9.5 mtrs MS Pole with 6 LED Light 150 W)",Shri B.L. Verma (2020-26),WS/MP195/2024-2025/144402,"S.N0-4, High Mast LED Light (9.5 mtrs MS Pole with 6 LED Light 150 W)",Shri B.L. Verma (2020-26),99.1,Extremely High
Uttar Pradesh,Sitting Rajya Sabha,Normal/Others,WS/MP195/2024-2025/144400,"S.N0-2, High Mast LED Light (9.5 mtrs MS Pole with 6 LED Light 150 W)",Shri B.L. Verma (2020-26),WS/MP195/2024-2025/144403,"S.N0-7, High Mast LED Light (9.5 mtrs MS Pole with 6 LED Light 150 W)",Shri B.L. Verma (2020-26),99.1,Extremely High
Uttar Pradesh,Sitting Rajya Sabha,Normal/Others,WS/MP195/2024-2025/144400,"S.N0-2, High Mast LED Light (9.5 mtrs MS Pole with 6 LED Light 150 W)",Shri B.L. Verma (2020-26),WS/MP195/2024-2025/144406,"S.N0-5, High Mast LED Light (9.5 mtrs MS Pole with 6 LED Light 150 W)",Shri B.L. Verma (2020-26),99.1,Extremely High
Uttar Pradesh,Sitting Rajya Sabha,Normal/Others,WS/MP195/2024-2025/144400,"S.N0-2, High Mast LED Light (9.5 mtrs MS Pole with 6 LED Light 150 W)",Shri B.L. Verma (2020-26),WS/MP195/2024-2025/144407,"S.N0-6, High Mast LED Light (9.5 mtrs MS Pole with 6 LED Light 150 W)",Shri B.L. Verma (2020-26),99.1,Extremely High
Uttar Pradesh,Sitting Rajya Sabha,Normal/Others,WS/MP195/2024-2025/144404,"S.N0-11, High Mast LED Light (9.5 mtrs MS Pole with 6 LED Light 150 W)",Shri B.L. Verma (2020-26),WS/MP195/2024-2025/144400,"S.N0-2, High Mast LED Light (9.5 mtrs MS Pole with 6 LED Light 150 W)",Shri B.L. Verma (2020-26),95.0,Very High
Uttar Pradesh,Sitting Rajya Sabha,Normal/Others,WS/MP195/2024-2025/144408,"S.N0-13, High Mast LED Light (9.5 mtrs MS Pole with 6 LED Light 150 W)",Shri B.L. Verma (2020-26),WS/MP195/2024-2025/144400,"S.N0-2, High Mast LED Light (9.5 mtrs MS Pole with 6 LED Light 150 W)",Shri B.L. Verma (2020-26),95.0,Very High
Uttar Pradesh,Sitting Rajya Sabha,Normal/Others,WS/MP195/2024-2025/144408,"S.N0-13, High Mast LED Light (9.5 mtrs MS Pole with 6 LED Light 150 W)",Shri B.L. Verma (2020-26),WS/MP195/2024-2025/144401,"S.N0-3, High Mast LED Light (9.5 mtrs MS Pole with 6 LED Light 150 W)",Shri B.L. Verma (2020-26),95.9,Very High
Uttar Pradesh,Sitting Rajya Sabha,Normal/Others,WS/MP195/2024-2025/144401,"S.N0-3, High Mast LED Light (9.5 mtrs MS Pole with 6 LED Light 150 W)",Shri B.L. Verma (2020-26),WS/MP195/2024-2025/144402,"S.N0-4, High Mast LED Light (9.5 mtrs MS Pole with 6 LED Light 150 W)",Shri B.L. Verma (2020-26),99.1,Extremely High
Uttar Pradesh,Sitting Rajya Sabha,Normal/Others,WS/MP195/2024-2025/144401,"S.N0-3, High Mast LED Light (9.5 mtrs MS Pole with 6 LED Light 150 W)",Shri B.L. Verma (2020-26),WS/MP195/2024-2025/144403,"S.N0-7, High Mast LED Light (9.5 mtrs MS Pole with 6 LED Light 150 W)",Shri B.L. Verma (2020-26),99.1,Extremely High
Uttar Pradesh,Sitting Rajya Sabha,Normal/Others,WS/MP195/2024-2025/144401,"S.N0-3, High Mast LED Light (9.5 mtrs MS Pole with 6 LED Light 150 W)",Shri B.L. Verma (2020-26),WS/MP195/2024-2025/144406,"S.N0-5, High Mast LED Light (9.5 mtrs MS Pole with 6 LED Light 150 W)",Shri B.L. Verma (2020-26),99.1,Extremely High
Uttar Pradesh,Sitting Rajya Sabha,Normal/Others,WS/MP195/2024-2025/144401,"S.N0-3, High Mast LED Light (9.5 mtrs MS Pole with 6 LED Light 150 W)",Shri B.L. Verma (2020-26),WS/MP195/2024-2025/144407,"S.N0-6, High Mast LED Light (9.5 mtrs MS Pole with 6 LED Light 150 W)",Shri B.L. Verma (2020-26),99.1,Extremely High
Uttar Pradesh,Sitting Rajya Sabha,Normal/Others,WS/MP195/2024-2025/144404,"S.N0-11, High Mast LED Light (9.5 mtrs MS Pole with 6 LED Light 150 W)",Shri B.L. Verma (2020-26),WS/MP195/2024-2025/144401,"S.N0-3, High Mast LED Light (9.5 mtrs MS Pole with 6 LED Light 150 W)",Shri B.L. Verma (2020-26),95.0,Very High
Uttar Pradesh,Sitting Rajya Sabha,Normal/Others,WS/MP195/2024-2025/144405,"S.N0-12, High Mast LED Light (9.5 mtrs MS Pole with 6 LED Light 150 W)",Shri B.L. Verma (2020-26),WS/MP195/2024-2025/144401,"S.N0-3, High Mast LED Light (9.5 mtrs MS Pole with 6 LED Light 150 W)",Shri B.L. Verma (2020-26),95.0,Very High
Uttar Pradesh,Sitting Rajya Sabha,Normal/Others,WS/MP195/2024-2025/144409,"S.N0-14, High Mast LED Light (9.5 mtrs MS Pole with 6 LED Light 150 W)",Shri B.L. Verma (2020-26),WS/MP195/2024-2025/144402,"S.N0-4, High Mast LED Light (9.5 mtrs MS Pole with 6 LED Light 150 W)",Shri B.L. Verma (2020-26),95.9,Very High
Uttar Pradesh,Sitting Rajya Sabha,Normal/Others,WS/MP195/2024-2025/144402,"S.N0-4, High Mast LED Light (9.5 mtrs MS Pole with 6 LED Light 150 W)",Shri B.L. Verma (2020-26),WS/MP195/2024-2025/144403,"S.N0-7, High Mast LED Light (9.5 mtrs MS Pole with 6 LED Light 150 W)",Shri B.L. Verma (2020-26),99.1,Extremely High
Uttar Pradesh,Sitting Rajya Sabha,Normal/Others,WS/MP195/2024-2025/144402,"S.N0-4, High Mast LED Light (9.5 mtrs MS Pole with 6 LED Light 150 W)",Shri B.L. Verma (2020-26),WS/MP195/2024-2025/144406,"S.N0-5, High Mast LED Light (9.5 mtrs MS Pole with 6 LED Light 150 W)",Shri B.L. Verma (2020-26),99.1,Extremely High
Uttar Pradesh,Sitting Rajya Sabha,Normal/Others,WS/MP195/2024-2025/144402,"S.N0-4, High Mast LED Light (9.5 mtrs MS Pole with 6 LED Light 150 W)",Shri B.L. Verma (2020-26),WS/MP195/2024-2025/144407,"S.N0-6, High Mast LED Light (9.5 mtrs MS Pole with 6 LED Light 150 W)",Shri B.L. Verma (2020-26),99.1,Extremely High
Uttar Pradesh,Sitting Rajya Sabha,Normal/Others,WS/MP195/2024-2025/144404,"S.N0-11, High Mast LED Light (9.5 mtrs MS Pole with 6 LED Light 150 W)",Shri B.L. Verma (2020-26),WS/MP195/2024-2025/144402,"S.N0-4, High Mast LED Light (9.5 mtrs MS Pole with 6 LED Light 150 W)",Shri B.L. Verma (2020-26),95.0,Very High
Uttar Pradesh,Sitting Rajya Sabha,Normal/Others,WS/MP195/2024-2025/144405,"S.N0-12, High Mast LED Light (9.5 mtrs MS Pole with 6 LED Light 150 W)",Shri B.L. Verma (2020-26),WS/MP195/2024-2025/144402,"S.N0-4, High Mast LED Light (9.5 mtrs MS Pole with 6 LED Light 150 W)",Shri B.L. Verma (2020-26),95.0,Very High
Uttar Pradesh,Sitting Rajya Sabha,Normal/Others,WS/MP195/2024-2025/144406,"S.N0-5, High Mast LED Light (9.5 mtrs MS Pole with 6 LED Light 150 W)",Shri B.L. Verma (2020-26),WS/MP195/2024-2025/144403,"S.N0-7, High Mast LED Light (9.5 mtrs MS Pole with 6 LED Light 150 W)",Shri B.L. Verma (2020-26),99.1,Extremely High
Uttar Pradesh,Sitting Rajya Sabha,Normal/Others,WS/MP195/2024-2025/144407,"S.N0-6, High Mast LED Light (9.5 mtrs MS Pole with 6 LED Light 150 W)",Shri B.L. Verma (2020-26),WS/MP195/2024-2025/144403,"S.N0-7, High Mast LED Light (9.5 mtrs MS Pole with 6 LED Light 150 W)",Shri B.L. Verma (2020-26),99.1,Extremely High
Uttar Pradesh,Sitting Rajya Sabha,Normal/Others,WS/MP195/2024-2025/144404,"S.N0-11, High Mast LED Light (9.5 mtrs MS Pole with 6 LED Light 150 W)",Shri B.L. Verma (2020-26),WS/MP195/2024-2025/144403,"S.N0-7, High Mast LED Light (9.5 mtrs MS Pole with 6 LED Light 150 W)",Shri B.L. Verma (2020-26),95.0,Very High
Uttar Pradesh,Sitting Rajya Sabha,Normal/Others,WS/MP195/2024-2025/144405,"S.N0-12, High Mast LED Light (9.5 mtrs MS Pole with 6 LED Light 150 W)",Shri B.L. Verma (2020-26),WS/MP195/2024-2025/144403,"S.N0-7, High Mast LED Light (9.5 mtrs MS Pole with 6 LED Light 150 W)",Shri B.L. Verma (2020-26),95.0,Very High
Uttar Pradesh,Sitting Rajya Sabha,Normal/Others,WS/MP195/2024-2025/144408,"S.N0-13, High Mast LED Light (9.5 mtrs MS Pole with 6 LED Light 150 W)",Shri B.L. Verma (2020-26),WS/MP195/2024-2025/144403,"S.N0-7, High Mast LED Light (9.5 mtrs MS Pole with 6 LED Light 150 W)",Shri B.L. Verma (2020-26),95.0,Very High
Uttar Pradesh,Sitting Rajya Sabha,Normal/Others,WS/MP195/2024-2025/144404,"S.N0-11, High Mast LED Light (9.5 mtrs MS Pole with 6 LED Light 150 W)",Shri B.L. Verma (2020-26),WS/MP195/2024-2025/144405,"S.N0-12, High Mast LED Light (9.5 mtrs MS Pole with 6 LED Light 150 W)",Shri B.L. Verma (2020-26),92.4,High
Uttar Pradesh,Sitting Rajya Sabha,Normal/Others,WS/MP195/2024-2025/144404,"S.N0-11, High Mast LED Light (9.5 mtrs MS Pole with 6 LED Light 150 W)",Shri B.L. Verma (2020-26),WS/MP195/2024-2025/144408,"S.N0-13, High Mast LED Light (9.5 mtrs MS Pole with 6 LED Light 150 W)",Shri B.L. Verma (2020-26),92.4,High
Uttar Pradesh,Sitting Rajya Sabha,Normal/Others,WS/MP195/2024-2025/144404,"S.N0-11, High Mast LED Light (9.5 mtrs MS Pole with 6 LED Light 150 W)",Shri B.L. Verma (2020-26),WS/MP195/2024-2025/144409,"S.N0-14, High Mast LED Light (9.5 mtrs MS Pole with 6 LED Light 150 W)",Shri B.L. Verma (2020-26),92.4,High
Uttar Pradesh,Sitting Rajya Sabha,Normal/Others,WS/MP195/2024-2025/144404,"S.N0-11, High Mast LED Light (9.5 mtrs MS Pole with 6 LED Light 150 W)",Shri B.L. Verma (2020-26),WS/MP195/2024-2025/144406,"S.N0-5, High Mast LED Light (9.5 mtrs MS Pole with 6 LED Light 150 W)",Shri B.L. Verma (2020-26),95.0,Very High
Uttar Pradesh,Sitting Rajya Sabha,Normal/Others,WS/MP195/2024-2025/144405,"S.N0-12, High Mast LED Light (9.5 mtrs MS Pole with 6 LED Light 150 W)",Shri B.L. Verma (2020-26),WS/MP195/2024-2025/144408,"S.N0-13, High Mast LED Light (9.5 mtrs MS Pole with 6 LED Light 150 W)",Shri B.L. Verma (2020-26),92.4,High
Uttar Pradesh,Sitting Rajya Sabha,Normal/Others,WS/MP195/2024-2025/144405,"S.N0-12, High Mast LED Light (9.5 mtrs MS Pole with 6 LED Light 150 W)",Shri B.L. Verma (2020-26),WS/MP195/2024-2025/144409,"S.N0-14, High Mast LED Light (9.5 mtrs MS Pole with 6 LED Light 150 W)",Shri B.L. Verma (2020-26),92.4,High
Uttar Pradesh,Sitting Rajya Sabha,Normal/Others,WS/MP195/2024-2025/144405,"S.N0-12, High Mast LED Light (9.5 mtrs MS Pole with 6 LED Light 150 W)",Shri B.L. Verma (2020-26),WS/MP195/2024-2025/144406,"S.N0-5, High Mast LED Light (9.5 mtrs MS Pole with 6 LED Light 150 W)",Shri B.L. Verma (2020-26),95.0,Very High
Uttar Pradesh,Sitting Rajya Sabha,Normal/Others,WS/MP195/2024-2025/144406,"S.N0-5, High Mast LED Light (9.5 mtrs MS Pole with 6 LED Light 150 W)",Shri B.L. Verma (2020-26),WS/MP195/2024-2025/144407,"S.N0-6, High Mast LED Light (9.5 mtrs MS Pole with 6 LED Light 150 W)",Shri B.L. Verma (2020-26),99.1,Extremely High
Uttar Pradesh,Sitting Rajya Sabha,Normal/Others,WS/MP195/2024-2025/144408,"S.N0-13, High Mast LED Light (9.5 mtrs MS Pole with 6 LED Light 150 W)",Shri B.L. Verma (2020-26),WS/MP195/2024-2025/144406,"S.N0-5, High Mast LED Light (9.5 mtrs MS Pole with 6 LED Light 150 W)",Shri B.L. Verma (2020-26),95.0,Very High
Uttar Pradesh,Sitting Rajya Sabha,Normal/Others,WS/MP195/2024-2025/144399,"S.N0-1,High Mast LED Light (9.5 mtrs MS Pole with 6 LED Light 150 W)",Shri B.L. Verma (2020-26),WS/MP195/2024-2025/144407,"S.N0-6, High Mast LED Light (9.5 mtrs MS Pole with 6 LED Light 150 W)",Shri B.L. Verma (2020-26),99.1,Extremely High
Uttar Pradesh,Sitting Rajya Sabha,Normal/Others,WS/MP195/2024-2025/144404,"S.N0-11, High Mast LED Light (9.5 mtrs MS Pole with 6 LED Light 150 W)",Shri B.L. Verma (2020-26),WS/MP195/2024-2025/144407,"S.N0-6, High Mast LED Light (9.5 mtrs MS Pole with 6 LED Light 150 W)",Shri B.L. Verma (2020-26),95.0,Very High
Uttar Pradesh,Sitting Rajya Sabha,Normal/Others,WS/MP195/2024-2025/144405,"S.N0-12, High Mast LED Light (9.5 mtrs MS Pole with 6 LED Light 150 W)",Shri B.L. Verma (2020-26),WS/MP195/2024-2025/144407,"S.N0-6, High Mast LED Light (9.5 mtrs MS Pole with 6 LED Light 150 W)",Shri B.L. Verma (2020-26),95.0,Very High
Uttar Pradesh,Sitting Rajya Sabha,Normal/Others,WS/MP195/2024-2025/144408,"S.N0-13, High Mast LED Light (9.5 mtrs MS Pole with 6 LED Light 150 W)",Shri B.L. Verma (2020-26),WS/MP195/2024-2025/144407,"S.N0-6, High Mast LED Light (9.5 mtrs MS Pole with 6 LED Light 150 W)",Shri B.L. Verma (2020-26),95.0,Very High
Uttar Pradesh,Sitting Rajya Sabha,Normal/Others,WS/MP195/2024-2025/144408,"S.N0-13, High Mast LED Light (9.5 mtrs MS Pole with 6 LED Light 150 W)",Shri B.L. Verma (2020-26),WS/MP195/2024-2025/144409,"S.N0-14, High Mast LED Light (9.5 mtrs MS Pole with 6 LED Light 150 W)",Shri B.L. Verma (2020-26),92.4,High
Uttar Pradesh,Sitting Rajya Sabha,Normal/Others,WS/MP195/2024-2025/144408,"S.N0-13, High Mast LED Light (9.5 mtrs MS Pole with 6 LED Light 150 W)",Shri B.L. Verma (2020-26),WS/MP195/2024-2025/144402,"S.N0-4, High Mast LED Light (9.5 mtrs MS Pole with 6 LED Light 150 W)",Shri B.L. Verma (2020-26),95.0,Very High
Uttar Pradesh,Sitting Rajya Sabha,Normal/Others,WS/MP195/2024-2025/144409,"S.N0-14, High Mast LED Light (9.5 mtrs MS Pole with 6 LED Light 150 W)",Shri B.L. Verma (2020-26),WS/MP195/2024-2025/144400,"S.N0-2, High Mast LED Light (9.5 mtrs MS Pole with 6 LED Light 150 W)",Shri B.L. Verma (2020-26),95.0,Very High
Uttar Pradesh,Sitting Rajya Sabha,Normal/Others,WS/MP195/2024-2025/144409,"S.N0-14, High Mast LED Light (9.5 mtrs MS Pole with 6 LED Light 150 W)",Shri B.L. Verma (2020-26),WS/MP195/2024-2025/144401,"S.N0-3, High Mast LED Light (9.5 mtrs MS Pole with 6 LED Light 150 W)",Shri B.L. Verma (2020-26),95.0,Very High
Uttar Pradesh,Sitting Rajya Sabha,Normal/Others,WS/MP195/2024-2025/144409,"S.N0-14, High Mast LED Light (9.5 mtrs MS Pole with 6 LED Light 150 W)",Shri B.L. Verma (2020-26),WS/MP195/2024-2025/144403,"S.N0-7, High Mast LED Light (9.5 mtrs MS Pole with 6 LED Light 150 W)",Shri B.L. Verma (2020-26),95.0,Very High
Uttar Pradesh,Sitting Rajya Sabha,Normal/Others,WS/MP195/2024-2025/144409,"S.N0-14, High Mast LED Light (9.5 mtrs MS Pole with 6 LED Light 150 W)",Shri B.L. Verma (2020-26),WS/MP195/2024-2025/144406,"S.N0-5, High Mast LED Light (9.5 mtrs MS Pole with 6 LED Light 150 W)",Shri B.L. Verma (2020-26),95.0,Very High
Uttar Pradesh,Sitting Rajya Sabha,Normal/Others,WS/MP195/2024-2025/144410,"S.N0-8, KOTHI NAGLA High Mast LED Light (9.5 mtrs MS Pole with 6 LED Light 150 W)",Shri B.L. Verma (2020-26),WS/MP195/2024-2025/144411,"S.N0-9, KOTHI NAGLA High Mast LED Light (9.5 mtrs MS Pole with 6 LED Light 150 W)",Shri B.L. Verma (2020-26),99.2,Extremely High
Uttar Pradesh,Sitting Rajya Sabha,Normal/Others,WS/MP195/2024-2025/144412,"S.N0-15, VEER SAHAY NAGLA High Mast LED Light (9.5 mtrs MS Pole with 6 LED Light 150 W)",Shri B.L. Verma (2020-26),WS/MP195/2024-2025/144413,"S.N0-16, VEER SAHAY NAGLA High Mast LED Light (9.5 mtrs MS Pole with 6 LED Light 150 W)",Shri B.L. Verma (2020-26),94.0,High
Uttar Pradesh,Sitting Rajya Sabha,Normal/Others,WS/MP18317/2024-2025/144434,NAGAR PALIKA PARISHAD GHAZIPUR WARD NO. 21 MAHILLA HOSPITAL PARISAR MEIN SARWAJANIK STHAL PAR 6 X 200 WATT SEMI HIGH MAST LIGHT ADHISHTHAAPAN KA KARYA,Dr. Sangeeta Balwant (2024-30),WS/MP18317/2024-2025/144433,NAGAR PALIKA PARISHAD GHAZIPUR WARD NO. 8 SADAR HOSPITAL PARISAR MEIN SARWAJANIK STHAL PAR 6 X 200 WATT SEMI HIGH MAST LIGHT ADHISHTHAAPAN KA KARYA,Dr. Sangeeta Balwant (2024-30),92.8,High
Uttar Pradesh,Sitting Rajya Sabha,Normal/Others,WS/MP18317/2024-2025/144453,NAGAR PALIKA PARISHAD GHAZIPUR WARD NO 24 ANJANI GHAT KE PASS SARWAJANIK STHAL PAR 6 X 200 WATT SEMI HIGH MAST LIGHT ADHISHTHAAPAN KA KARYA,Dr. Sangeeta Balwant (2024-30),WS/MP18317/2024-2025/144456,NAGAR PALIKA PARISHAD GHAZIPUR WARD NO 24 KHIRKIGHAT KE PASS SARWAJANIK STHAL PAR 6 X 200 WATT SEMI HIGH MAST LIGHT ADHISHTHAAPAN KA KARYA,Dr. Sangeeta Balwant (2024-30),92.6,High
Uttar Pradesh,Sitting Rajya Sabha,Normal/Others,WS/MP18317/2024-2025/144508,BLOCK SADAR GRAM MAHARAJGANJ ME BINDU BIND KE GHAR KE SAMNE SARWAJANIK STHAL PAR 6 X 200 WATT SEMI HIGH MAST LIGHT ADHISHTHAAPAN KA KARYA,Dr. Sangeeta Balwant (2024-30),WS/MP18317/2024-2025/144505,BLOCK SADAR GRAM MAHARAJGANJ ME RAMSURAT BIND KE GHAR KE SAMNE SARWAJANIK STHAL PAR 6 X 200 WATT SEMI HIGH MAST LIGHT ADHISHTHAAPAN KA KARYA,Dr. Sangeeta Balwant (2024-30),94.1,High
Uttar Pradesh,Sitting Rajya Sabha,Normal/Others,WS/MP18317/2024-2025/144526,BLOCK KARANDA GRAM PARMETH HANUMAN MANDIR KE PASS SARWAJANIK STHAL PAR 6 X 200 WATT SEMI HIGH MAST LIGHT ADHISHTHAAPAN KA KARYA,Dr. Sangeeta Balwant (2024-30),WS/MP18317/2024-2025/144528,BLOCK KARANDA GRAM PARMETH KALI MATA MANDIR KE PASS SARWAJANIK STHAL PAR 6 X 200 WATT SEMI HIGH MAST LIGHT ADHISHTHAAPAN KA KARYA,Dr. Sangeeta Balwant (2024-30),92.2,High
Uttar Pradesh,Sitting Rajya Sabha,Normal/Others,WS/MP18317/2024-2025/144526,BLOCK KARANDA GRAM PARMETH HANUMAN MANDIR KE PASS SARWAJANIK STHAL PAR 6 X 200 WATT SEMI HIGH MAST LIGHT ADHISHTHAAPAN KA KARYA,Dr. Sangeeta Balwant (2024-30),WS/MP18317/2024-2025/144527,BLOCK KARANDA GRAM PARMETH SANKAR JII MANDIR KE PASS SARWAJANIK STHAL PAR 6 X 200 WATT SEMI HIGH MAST LIGHT ADHISHTHAAPAN KA KARYA,Dr. Sangeeta Balwant (2024-30),92.0,High
Uttar Pradesh,Sitting Rajya Sabha,Normal/Others,WS/MP18317/2024-2025/144534,BLOCK KARANDA GRAM PANCHAYAT DINAPUR BIND BASTI SANKAR JII MANDIR KE PASS SARWAJANIK STHAL PAR 6 X 200 WATT SEMI HIGH MAST LIGHT ADHISHTHAAPAN KA KARYA,Dr. Sangeeta Balwant (2024-30),WS/MP18317/2024-2025/144535,BLOCK KARANDA GRAM PANCHAYAT DINAPUR TULSIPUR SANKAR JII MANDIR KE PASS SARWAJANIK STHAL PAR 6 X 200 WATT SEMI HIGH MAST LIGHT ADHISHTHAAPAN KA KARYA,Dr. Sangeeta Balwant (2024-30),92.4,High
Uttar Pradesh,Sitting Rajya Sabha,Normal/Others,WS/MP18317/2024-2025/144631,BLOCK ZAMANIA GRAM PANCHAYAT JIVPUR SHIV MANDIR KE PASS SARWAJANIK STHAL PAR 6 X 200 WATT SEMI HIGH MAST LIGHT ADHISHTHAAPAN KA KARYA,Dr. Sangeeta Balwant (2024-30),WS/MP18317/2024-2025/144630,BLOCK ZAMANIA GRAM PANCHAYAT SAIDABAD SHIV MANDIR KE PASS SARWAJANIK STHAL PAR 6 X 200 WATT SEMI HIGH MAST LIGHT ADHISHTHAAPAN KA KARYA,Dr. Sangeeta Balwant (2024-30),93.7,High
Uttar Pradesh,Sitting Rajya Sabha,Normal/Others,WS/MP18317/2024-2025/144644,BLOCK DEOKALI GRAM SARA SARIF KUNDIPUR ME KAALI MATA MANDIR KE PASS SARWAJANIK STHAL PAR 6 X 200 WATT SEMI HIGH MAST LIGHT ADHISHTHAAPAN KA KARYA,Dr. Sangeeta Balwant (2024-30),WS/MP18317/2024-2025/144645,BLOCK DEOKALI GRAM SARA SARIF RATHAULLI ME KAALI MATA MANDIR KE PASS SARWAJANIK STHAL PAR 6 X 200 WATT SEMI HIGH MAST LIGHT ADHISHTHAAPAN KA KARYA,Dr. Sangeeta Balwant (2024-30),94.1,High
Uttar Pradesh,Sitting Rajya Sabha,Normal/Others,WS/MP18317/2024-2025/144672,NAGAR PANCHAYAT SAIDPUR WARD NO 15 RAM GHAT KE PASS SARWAJANIK STHAL PAR 6 X 200 WATT SEMI HIGH MAST LIGHT ADHISHTHAAPAN KA KARYA,Dr. Sangeeta Balwant (2024-30),WS/MP18317/2024-2025/144671,NAGAR PANCHAYAT SAIDPUR WARD NO 9 SANGAT GHAT KE PASS SARWAJANIK STHAL PAR 6 X 200 WATT SEMI HIGH MAST LIGHT ADHISHTHAAPAN KA KARYA,Dr. Sangeeta Balwant (2024-30),92.5,High
Uttar Pradesh,Sitting Rajya Sabha,Normal/Others,WS/MP18317/2024-2025/144673,NAGAR PANCHAYAT SAIDPUR WARD NO 7 KOLHUWA GHAT KE PASS SARWAJANIK STHAL PAR 6 X 200 WATT SEMI HIGH MAST LIGHT ADHISHTHAAPAN KA KARYA,Dr. Sangeeta Balwant (2024-30),WS/MP18317/2024-2025/144671,NAGAR PANCHAYAT SAIDPUR WARD NO 9 SANGAT GHAT KE PASS SARWAJANIK STHAL PAR 6 X 200 WATT SEMI HIGH MAST LIGHT ADHISHTHAAPAN KA KARYA,Dr. Sangeeta Balwant (2024-30),93.4,High
Uttar Pradesh,Sitting Rajya Sabha,Normal/Others,WS/MP18317/2024-2025/144672,NAGAR PANCHAYAT SAIDPUR WARD NO 15 RAM GHAT KE PASS SARWAJANIK STHAL PAR 6 X 200 WATT SEMI HIGH MAST LIGHT ADHISHTHAAPAN KA KARYA,Dr. Sangeeta Balwant (2024-30),WS/MP18317/2024-2025/144673,NAGAR PANCHAYAT SAIDPUR WARD NO 7 KOLHUWA GHAT KE PASS SARWAJANIK STHAL PAR 6 X 200 WATT SEMI HIGH MAST LIGHT ADHISHTHAAPAN KA KARYA,Dr. Sangeeta Balwant (2024-30),92.3,High
Uttar Pradesh,Sitting Rajya Sabha,Normal/Others,WS/MP202/2024-2025/153191,BLOCK SUJANGANJ GRAM FARIDABAD ( KODAI KA PURA ) SUJANGANJ ME SHREE OM PRAKESH TIWARI KE DARWAJE SE SHREE CHANDAN TIWARI KE DARWAJE TAK 200 MEETAR INTERLOCKING AWM BICHO BEECH NALI NALI KA NIRMAN KARYA SAMPARK SUTRA 9984262726,Smt. Seema Dwivedi (2020-26),WS/MP202/2024-2025/156439,BLOCK SUJANGANJ GRAM FARIDABAD ( KODAI KA PURA ) SUJANGANJ ME SHREE OM PRAKESH TIWARI KE DARWAJE SE SHREE CHANDAN TIWARI KE DARWAJE TAK AWASESH BHAG 200 MEETAR INTERLOCKING AWM BICHO BEECH NALI NALI KA NIRMAN KARYA SAMPARK SUTRA 9984262726/8400373232,Smt. Seema Dwivedi (2020-26),93.2,High
Uttar Pradesh,Sitting Rajya Sabha,Normal/Others,WS/MP847/2024-2025/157756,"3. 200 mtr CC Road Bnaye Jane hetu Karyadayi Sanstha- Gramin Abhiyantran Vibhag (RED) Hamirpur, U.P.",Shri Baburam Nishad (2022-28),WS/MP847/2024-2025/157758,"300 mtr CC road bnaye jane hetu Karyadayi Sanstha- Gramin Abhiyantran Vibhag (RED) Hamirpur, U.P",Shri Baburam Nishad (2022-28),94.0,High
Uttar Pradesh,Sitting Rajya Sabha,Normal/Others,WS/MP180/2024-2025/159858,GRAM MISHRANPURVA BLOCK RAJEPUR ME S.C BASTI ME SEMI HIGH MAST L.E.D LIGHT INPLEMENT AGENCY PROVINCIAL CO-OPERATIVE CONSTRUCTION AND DEVELOPMENT (P.C.C.D) LTD FARRUKHABAD,Dr. K. Laxman (2022-28),WS/MP180/2024-2025/159860,GRAM SAWASI BLOCK RAJEPUR ME S.C BASTI ME SEMI HIGH MAST L.E.D LIGHT INPLEMENT AGENCY PROVINCIAL CO-OPERATIVE CONSTRUCTION AND DEVELOPMENT (P.C.C.D) LTD FARRUKHABAD,Dr. K. Laxman (2022-28),93.4,High
Uttar Pradesh,Sitting Rajya Sabha,Normal/Others,WS/MP180/2024-2025/159858,GRAM MISHRANPURVA BLOCK RAJEPUR ME S.C BASTI ME SEMI HIGH MAST L.E.D LIGHT INPLEMENT AGENCY PROVINCIAL CO-OPERATIVE CONSTRUCTION AND DEVELOPMENT (P.C.C.D) LTD FARRUKHABAD,Dr. K. Laxman (2022-28),WS/MP180/2024-2025/159859,GRAM SIYA BLOCK RAJEPUR ME S.C BASTI ME SEMI HIGH MAST L.E.D LIGHT INPLEMENT AGENCY PROVINCIAL CO-OPERATIVE CONSTRUCTION AND DEVELOPMENT (P.C.C.D) LTD FARRUKHABAD,Dr. K. Laxman (2022-28),93.4,High
Uttar Pradesh,Sitting Rajya Sabha,Normal/Others,WS/MP180/2024-2025/159860,GRAM SAWASI BLOCK RAJEPUR ME S.C BASTI ME SEMI HIGH MAST L.E.D LIGHT INPLEMENT AGENCY PROVINCIAL CO-OPERATIVE CONSTRUCTION AND DEVELOPMENT (P.C.C.D) LTD FARRUKHABAD,Dr. K. Laxman (2022-28),WS/MP180/2024-2025/159859,GRAM SIYA BLOCK RAJEPUR ME S.C BASTI ME SEMI HIGH MAST L.E.D LIGHT INPLEMENT AGENCY PROVINCIAL CO-OPERATIVE CONSTRUCTION AND DEVELOPMENT (P.C.C.D) LTD FARRUKHABAD,Dr. K. Laxman (2022-28),94.4,High
Uttar Pradesh,Sitting Rajya Sabha,Normal/Others,WS/MP180/2024-2025/159866,GRAM SALEMPUR BLOCK RAJEPUR ME BAZAR ME RAVI SHANKAR KE PARAMARSH SE SEMI HIGH MAST L.E.D LIGHT INPLEMENT AGENCY PROVINCIAL CO-OPERATIVE CONSTRUCTION AND DEVELOPMENT (P.C.C.D) LTD FARRUKHABAD,Dr. K. Laxman (2022-28),WS/MP180/2024-2025/159894,GRAM SALMEPUR BLOCK RAJEPUR ME BAZAR ME RAVI SHANKAR CHAUHAN KE PARAMARSH SE SEMI HIGH MAST L.E.D LIGHT INPLEMENT AGENCY PROVINCIAL CO-OPERATIVE CONSTRUCTION AND DEVELOPMENT (P.C.C.D) LTD FARRUKHABAD,Dr. K. Laxman (2022-28),93.4,High
Uttar Pradesh,Sitting Rajya Sabha,Normal/Others,WS/MP180/2024-2025/159891,GRAM BARRAKHEDA BLOCK RAJEPUR ME GRAM PRADHAN KE PARAMARSH SE SEMI HIGH MAST L.E.D LIGHT INPLEMENT AGENCY PROVINCIAL CO-OPERATIVE CONSTRUCTION AND DEVELOPMENT (P.C.C.D) LTD FARRUKHABAD,Dr. K. Laxman (2022-28),WS/MP180/2024-2025/159892,GRAM BARRAKHEEDA BLOCK RAJEPUR ME GRAM PRADHAN KE PARAMARSH SE SEMI HIGH MAST L.E.D LIGHT INPLEMENT AGENCY PROVINCIAL CO-OPERATIVE CONSTRUCTION AND DEVELOPMENT (P.C.C.D) LTD FARRUKHABAD,Dr. K. Laxman (2022-28),96.0,Very High
Uttar Pradesh,Sitting Rajya Sabha,Normal/Others,WS/MP847/2025-2026/194501,"Led Semi High Mast Light 6 LED with 150 Watt, (.5 meter pole",Shri Baburam Nishad (2022-28),WS/MP847/2025-2026/160270,"Led Semi High Mast Light (6LED) with 150-watt, 9.5-meter pole",Shri Baburam Nishad (2022-28),94.8,High
Uttar Pradesh,Sitting Rajya Sabha,Normal/Others,WS/MP019/2024-2025/165048,Work of one solar water pump with boring near the composite school premises of village panchayat Mitihinia of development block Kon,Shri Hardeep Singh Puri (2020-26),WS/MP019/2024-2025/165054,Work of one solar water pump with boring near the composite school premises of village panchayat Salaiyadih of development block Kon,Shri Hardeep Singh Puri (2020-26),92.0,High
Uttar Pradesh,Sitting Rajya Sabha,Normal/Others,WS/MP019/2024-2025/165048,Work of one solar water pump with boring near the composite school premises of village panchayat Mitihinia of development block Kon,Shri Hardeep Singh Puri (2020-26),WS/MP019/2024-2025/165049,Work of one solar water pump with boring near the composite school premises of village panchayat Nakatwar of development block Kon,Shri Hardeep Singh Puri (2020-26),92.0,High
Uttar Pradesh,Sitting Rajya Sabha,Normal/Others,WS/MP019/2024-2025/165049,Work of one solar water pump with boring near the composite school premises of village panchayat Nakatwar of development block Kon,Shri Hardeep Singh Puri (2020-26),WS/MP019/2024-2025/165054,Work of one solar water pump with boring near the composite school premises of village panchayat Salaiyadih of development block Kon,Shri Hardeep Singh Puri (2020-26),92.3,High
Uttar Pradesh,Sitting Rajya Sabha,Normal/Others,WS/MP190/2025-2026/191376,Installation of 150 LED Highmast Lights for Rural and Urban areas as per enclosed List,Shri Mithlesh Kumar (2022-28),WS/MP190/2025-2026/239049,Installation of 5 LED Highmast Lights for Rural and Urban areas as per enclosed List.,Shri Mithlesh Kumar (2022-28),95.7,Very High
Uttar Pradesh,Sitting Rajya Sabha,Normal/Others,WS/MP847/2025-2026/195899,"Led Semi High Mast Light (6LED) with 170-watt, 9 meter pole",Shri Baburam Nishad (2022-28),WS/MP847/2025-2026/196502,"LED Semi High Mast Light (6LED) with 170-watts, 9-meter pole",Shri Baburam Nishad (2022-28),92.8,High
Uttar Pradesh,Sitting Rajya Sabha,Normal/Others,WS/MP847/2025-2026/196410,"LED Semi High Mast Light (6 LED) with 170 watts, 9-meter pole",Shri Baburam Nishad (2022-28),WS/MP847/2025-2026/196502,"LED Semi High Mast Light (6LED) with 170-watts, 9-meter pole",Shri Baburam Nishad (2022-28),95.8,Very High
Uttar Pradesh,Sitting Rajya Sabha,Normal/Others,WS/MP847/2025-2026/196501,"LED Semi High Mast Light (6LED) witg 170- watts, 9-meter pole",Shri Baburam Nishad (2022-28),WS/MP847/2025-2026/196502,"LED Semi High Mast Light (6LED) with 170-watts, 9-meter pole",Shri Baburam Nishad (2022-28),92.3,High
Uttar Pradesh,Sitting Rajya Sabha,Normal/Others,WS/MP847/2025-2026/197939,"Led Semi High Mast Light (10 LED) with 200-watt, 12.5 meter pole",Shri Baburam Nishad (2022-28),WS/MP847/2025-2026/197853,"Led Semi High Mast Light (10LED) with 200-watt, 12.5 meter pole",Shri Baburam Nishad (2022-28),93.4,High
Uttar Pradesh,Sitting Rajya Sabha,Normal/Others,WS/MP202/2025-2026/199012,VIKASH KHAND MUNGRA BADSAHPUR PRATHAMIK VIDHYALAY BURHANSPUR ME JAUNPUR ME MULTY OPEN FITNESS ZYM KA ADHISTHAPAN KA KARYA,Smt. Seema Dwivedi (2020-26),WS/MP202/2025-2026/199015,VIKASH KHAND MUNGRA BADSAHPUR PRATHAMIK VIDHYALAY MOLNAPUR JAUNPUR ME MULTY OPEN FITNESS ZYM KA ADHISTHAPAN KA KARYA,Smt. Seema Dwivedi (2020-26),92.0,High
Uttar Pradesh,Sitting Rajya Sabha,Normal/Others,WS/MP202/2025-2026/199015,VIKASH KHAND MUNGRA BADSAHPUR PRATHAMIK VIDHYALAY MOLNAPUR JAUNPUR ME MULTY OPEN FITNESS ZYM KA ADHISTHAPAN KA KARYA,Smt. Seema Dwivedi (2020-26),WS/MP202/2025-2026/199013,VIKASH KHAND MUNGRA BADSAHPUR PRATHAMIK VIDHYALAY NADAR JAUNPUR ME MULTY OPEN FITNESS ZYM KA ADHISTHAPAN KA KARYA,Smt. Seema Dwivedi (2020-26),93.5,High
Uttar Pradesh,Sitting Rajya Sabha,Normal/Others,WS/MP202/2025-2026/199016,VIKASH KHAND MUNGRA BADSAHPUR PRATHAMIK VIDHYALAY MODAWAN JAUNPUR ME MULTY OPEN FITNESS ZYM KA ADHISTHAPAN KA KARYA,Smt. Seema Dwivedi (2020-26),WS/MP202/2025-2026/199013,VIKASH KHAND MUNGRA BADSAHPUR PRATHAMIK VIDHYALAY NADAR JAUNPUR ME MULTY OPEN FITNESS ZYM KA ADHISTHAPAN KA KARYA,Smt. Seema Dwivedi (2020-26),93.2,High
Uttar Pradesh,Sitting Rajya Sabha,Normal/Others,WS/MP202/2025-2026/199014,VIKASH KHAND MUNGRA BADSAHPUR PRATHAMIK VIDHYALAY BABHANIYAWAN JAUNPUR ME MULTY OPEN FITNESS ZYM KA ADHISTHAPAN KA KARYA,Smt. Seema Dwivedi (2020-26),WS/MP202/2025-2026/199013,VIKASH KHAND MUNGRA BADSAHPUR PRATHAMIK VIDHYALAY NADAR JAUNPUR ME MULTY OPEN FITNESS ZYM KA ADHISTHAPAN KA KARYA,Smt. Seema Dwivedi (2020-26),92.5,High
Uttar Pradesh,Sitting Rajya Sabha,Normal/Others,WS/MP202/2025-2026/199014,VIKASH KHAND MUNGRA BADSAHPUR PRATHAMIK VIDHYALAY BABHANIYAWAN JAUNPUR ME MULTY OPEN FITNESS ZYM KA ADHISTHAPAN KA KARYA,Smt. Seema Dwivedi (2020-26),WS/MP202/2025-2026/199016,VIKASH KHAND MUNGRA BADSAHPUR PRATHAMIK VIDHYALAY MODAWAN JAUNPUR ME MULTY OPEN FITNESS ZYM KA ADHISTHAPAN KA KARYA,Smt. Seema Dwivedi (2020-26),92.5,High
Uttar Pradesh,Sitting Rajya Sabha,Normal/Others,WS/MP202/2025-2026/199016,VIKASH KHAND MUNGRA BADSAHPUR PRATHAMIK VIDHYALAY MODAWAN JAUNPUR ME MULTY OPEN FITNESS ZYM KA ADHISTHAPAN KA KARYA,Smt. Seema Dwivedi (2020-26),WS/MP202/2025-2026/199015,VIKASH KHAND MUNGRA BADSAHPUR PRATHAMIK VIDHYALAY MOLNAPUR JAUNPUR ME MULTY OPEN FITNESS ZYM KA ADHISTHAPAN KA KARYA,Smt. Seema Dwivedi (2020-26),93.0,High
Uttar Pradesh,Sitting Rajya Sabha,Normal/Others,WS/MP202/2025-2026/199077,VIKASH KHAND SUJANGANJ PRATHMIK VIDHYALAY DOMPUR JAUNPUR ME MULTY OPEN FITNESS ZYM KA ADHISTHAPAN KA KARYA,Smt. Seema Dwivedi (2020-26),WS/MP202/2025-2026/199019,VIKASH KHAND SUJANGANJ PRATHMIK VIDHYALAY NARIPUR JAUNPUR ME MULTY OPEN FITNESS ZYM KA ADHISTHAPAN KA KARYA,Smt. Seema Dwivedi (2020-26),93.0,High
Uttar Pradesh,Sitting Rajya Sabha,Normal/Others,WS/MP202/2025-2026/199074,VIKASH KHAND SUJANGANJ PRATHMIK VIDHYALAY DAN JAUNPUR ME MULTY OPEN FITNESS ZYM KA ADHISTHAPAN KA KARYA,Smt. Seema Dwivedi (2020-26),WS/MP202/2025-2026/199019,VIKASH KHAND SUJANGANJ PRATHMIK VIDHYALAY NARIPUR JAUNPUR ME MULTY OPEN FITNESS ZYM KA ADHISTHAPAN KA KARYA,Smt. Seema Dwivedi (2020-26),92.7,High
Uttar Pradesh,Sitting Rajya Sabha,Normal/Others,WS/MP202/2025-2026/199023,VIKASH KHAND SUJANGANJ PRATHMIK VIDHYALAY BALHAMAU JAUNPUR ME MULTY OPEN FITNESS ZYM KA ADHISTHAPAN KA KARYA,Smt. Seema Dwivedi (2020-26),WS/MP202/2025-2026/199074,VIKASH KHAND SUJANGANJ PRATHMIK VIDHYALAY DAN JAUNPUR ME MULTY OPEN FITNESS ZYM KA ADHISTHAPAN KA KARYA,Smt. Seema Dwivedi (2020-26),92.4,High
Uttar Pradesh,Sitting Rajya Sabha,Normal/Others,WS/MP202/2025-2026/199023,VIKASH KHAND SUJANGANJ PRATHMIK VIDHYALAY BALHAMAU JAUNPUR ME MULTY OPEN FITNESS ZYM KA ADHISTHAPAN KA KARYA,Smt. Seema Dwivedi (2020-26),WS/MP202/2025-2026/199077,VIKASH KHAND SUJANGANJ PRATHMIK VIDHYALAY DOMPUR JAUNPUR ME MULTY OPEN FITNESS ZYM KA ADHISTHAPAN KA KARYA,Smt. Seema Dwivedi (2020-26),92.2,High
Uttar Pradesh,Sitting Rajya Sabha,Normal/Others,WS/MP202/2025-2026/199074,VIKASH KHAND SUJANGANJ PRATHMIK VIDHYALAY DAN JAUNPUR ME MULTY OPEN FITNESS ZYM KA ADHISTHAPAN KA KARYA,Smt. Seema Dwivedi (2020-26),WS/MP202/2025-2026/199077,VIKASH KHAND SUJANGANJ PRATHMIK VIDHYALAY DOMPUR JAUNPUR ME MULTY OPEN FITNESS ZYM KA ADHISTHAPAN KA KARYA,Smt. Seema Dwivedi (2020-26),93.0,High
Uttar Pradesh,Sitting Rajya Sabha,Normal/Others,WS/MP202/2025-2026/199125,VIKASH KHAND SIKRARA GULAB TIWARI BHILAMPUR JAUNPUR ME 06VE 200 WATT 9 METER POLL SAHIT VIDHUT HIGH MAST LIGHT KA KARYA,Smt. Seema Dwivedi (2020-26),WS/MP202/2025-2026/199127,VIKASH KHAND SIKRARA KAPOOR TIWARI BHILAMPUR JAUNPUR ME 06VE 200 WATT 9 METER POLL SAHIT VIDHUT HIGH MAST LIGHT KA KARYA,Smt. Seema Dwivedi (2020-26),93.9,High
Uttar Pradesh,Sitting Rajya Sabha,Normal/Others,WS/MP202/2025-2026/199156,VIKASH KHAND SUJANGANJ GANESH JI MANDIR SABELI JAUNPUR ME 06VE 200 WATT 9 METER POLL SAHIT VIDHUT HIGH MAST LIGHT KA KARYA,Smt. Seema Dwivedi (2020-26),WS/MP202/2025-2026/199188,VIKASH KHAND SUJANGANJ SHIV MANDIR SABELI JAUNPUR ME 06VE 200 WATT 9 METER POLL SAHIT VIDHUT HIGH MAST LIGHT KA KARYA,Smt. Seema Dwivedi (2020-26),92.8,High
Uttar Pradesh,Sitting Rajya Sabha,Normal/Others,WS/MP202/2025-2026/199187,VIKASH KHAND SUJANGANJ CHAURAMATA MANDIR SABELI JAUNPUR ME 06VE 200 WATT 9 METER POLL SAHIT VIDHUT HIGH MAST LIGHT KA KARYA,Smt. Seema Dwivedi (2020-26),WS/MP202/2025-2026/199188,VIKASH KHAND SUJANGANJ SHIV MANDIR SABELI JAUNPUR ME 06VE 200 WATT 9 METER POLL SAHIT VIDHUT HIGH MAST LIGHT KA KARYA,Smt. Seema Dwivedi (2020-26),93.2,High
Uttar Pradesh,Sitting Rajya Sabha,Normal/Others,WS/MP198/2025-2026/202875,village motipur block bakeganj grant no. 14 ambedkar park at public place solar light,Shri Ramji (2020-26),WS/MP198/2025-2026/202864,village motipur block bakeganj grant no. 14 near ambedkar park at public place solar light,Shri Ramji (2020-26),95.4,Very High
Uttar Pradesh,Sitting Rajya Sabha,Normal/Others,WS/MP198/2025-2026/202897,village behjam block behjam near ambedkar park at public place solar light,Shri Ramji (2020-26),WS/MP198/2025-2026/202934,village bekunda block behjam near ambedkar park at public place solar light,Shri Ramji (2020-26),93.5,High
Uttar Pradesh,Sitting Rajya Sabha,Normal/Others,WS/MP198/2025-2026/202897,village behjam block behjam near ambedkar park at public place solar light,Shri Ramji (2020-26),WS/MP198/2025-2026/202902,village bhulanpur block behjam near ambedkar park at public place solar light,Shri Ramji (2020-26),92.8,High
Uttar Pradesh,Sitting Rajya Sabha,Normal/Others,WS/MP198/2025-2026/202900,village achhnia block behjam near ambedkar park at public place solar light,Shri Ramji (2020-26),WS/MP198/2025-2026/202897,village behjam block behjam near ambedkar park at public place solar light,Shri Ramji (2020-26),92.7,High
Uttar Pradesh,Sitting Rajya Sabha,Normal/Others,WS/MP198/2025-2026/202898,block mitauli kasta near ambedkar park at public place solar light,Shri Ramji (2020-26),WS/MP198/2025-2026/202905,block mitauli near ambedkar park at public place solar light,Shri Ramji (2020-26),93.1,High
Uttar Pradesh,Sitting Rajya Sabha,Normal/Others,WS/MP202/2025-2026/205842,VIKASH KHAND SUJANGANJ KE GRAM SULTANPUR CHAUBY BASTI ME 10 KVA SE 25 KVA TRASFORMER KA KSHAMTA VRIDHI KA KRYA SAMPARK SUTRA 8726783546,Smt. Seema Dwivedi (2020-26),WS/MP202/2025-2026/205843,VIKASH KHAND SUJANGANJ KE GRAM SULTANPUR CHAUBY BASTI ME 25 KVA SE 63 KVA TRASFORMER KA KSHAMTA VRIDHI KA KRYA SAMPARK SUTRA 8726783546,Smt. Seema Dwivedi (2020-26),94.6,High
Uttar Pradesh,Sitting Rajya Sabha,Normal/Others,WS/MP189/2025-2026/218571,Installation of submersible pump and construction of water tank,Shri Kapil Sibal (2022-28),WS/MP189/2025-2026/218569,Installation of submersible pump and installation of water tank,Shri Kapil Sibal (2022-28),95.2,Very High
Uttar Pradesh,Sitting Rajya Sabha,Normal/Others,WS/MP18303/2025-2026/219944,"In view of public interest in the Nagar Panchayat, I hereby grant approval for the provision of a two-wheeled steel water tanker with a capacity of 3000 liter",Shri Amar Pal Maurya (2024-30),WS/MP18303/2025-2026/219939,"In view of public interest in the Nagar Panchayat, I hereby grant approval for the provision of a two-wheeled steel water tanker with a capacity of 3000 liters.",Shri Amar Pal Maurya (2024-30),95.6,Very High
Uttar Pradesh,Sitting Rajya Sabha,Normal/Others,WS/MP189/2025-2026/221856,"Installation of semi high mast light in Ward No. 14, Moradabad, District Moradabad",Shri Kapil Sibal (2022-28),WS/MP189/2025-2026/221855,"Installation of semi high mast light in Ward No. 5, Moradabad, District Moradabad",Shri Kapil Sibal (2022-28),94.4,High
Uttar Pradesh,Sitting Rajya Sabha,Normal/Others,WS/MP18317/2025-2026/224669,VIKAS KHAND MANIHARI KE GRAM BARAHAT ME MAHURA POKHARA KE AAS PAAS SARVAJANIK STHAN PAR.,Dr. Sangeeta Balwant (2024-30),WS/MP18317/2025-2026/222139,VIKAS KHAND MANIHARI KE GRAM BARHAT ME MAHURA POKHARA KE AAS PAAS SARVAJANIK STHAN PAR.,Dr. Sangeeta Balwant (2024-30),94.3,High
Uttar Pradesh,Sitting Rajya Sabha,Normal/Others,WS/MP181/2025-2026/239205,As per estimate in serial no. 2.,Dr. Laxmikant Bajpayee (2022-28),WS/MP181/2025-2026/239209,As per estimate in serial no. 3.,Dr. Laxmikant Bajpayee (2022-28),98.0,Extremely High
Uttar Pradesh,Sitting Rajya Sabha,Normal/Others,WS/MP019/2025-2026/248750,Installation of a solar high mast light near Jairam house in Tola Tilhar in the Gram Panchayat Dugalia of development block Ghorawal,Shri Hardeep Singh Puri (2020-26),WS/MP019/2025-2026/248748,Installation of a solar high mast light near Ravinder house in Tola Tilhar in the Gram Panchayat Dugalia of development block Ghorawal,Shri Hardeep Singh Puri (2020-26),92.9,High
Uttar Pradesh,Sitting Rajya Sabha,Normal/Others,WS/MP019/2025-2026/248748,Installation of a solar high mast light near Ravinder house in Tola Tilhar in the Gram Panchayat Dugalia of development block Ghorawal,Shri Hardeep Singh Puri (2020-26),WS/MP019/2025-2026/248749,Installation of a solar high mast light near Shyamsund house in Tola Tilhar in the Gram Panchayat Dugalia of development block Ghorawal,Shri Hardeep Singh Puri (2020-26),92.2,High
Uttar Pradesh,Sitting Rajya Sabha,Normal/Others,WS/MP019/2025-2026/248750,Installation of a solar high mast light near Jairam house in Tola Tilhar in the Gram Panchayat Dugalia of development block Ghorawal,Shri Hardeep Singh Puri (2020-26),WS/MP019/2025-2026/248749,Installation of a solar high mast light near Shyamsund house in Tola Tilhar in the Gram Panchayat Dugalia of development block Ghorawal,Shri Hardeep Singh Puri (2020-26),92.2,High
Uttar Pradesh,Sitting Rajya Sabha,Normal/Others,WS/MP019/2025-2026/248753,Work of installing a solar high mast light near the house of a Hawaldar in Tola Tilhar in the Gram Panchayat Dugalia of Development Block Ghorawal,Shri Hardeep Singh Puri (2020-26),WS/MP019/2025-2026/248754,Work of installing a solar high mast light near the house of Jawahir in Tola Tilhar in the Gram Panchayat Dugalia of Development Block Ghorawal,Shri Hardeep Singh Puri (2020-26),93.1,High
Uttar Pradesh,Sitting Rajya Sabha,Normal/Others,WS/MP019/2025-2026/248764,Work of installing a solar high mast light near Dheeraj house in Tola Tilhar of Gram Panchayat Dugaliya of Development Block Ghorawal,Shri Hardeep Singh Puri (2020-26),WS/MP019/2025-2026/248766,Work of installing a solar high mast light near Mahendra house in Tola Tilhar of Gram Panchayat Dugaliya of Development Block Ghorawal.,Shri Hardeep Singh Puri (2020-26),93.4,High
Uttar Pradesh,Sitting Rajya Sabha,Normal/Others,WS/MP201/2025-2026/255894,installation of 9 semi high mast light as per the list each cost 273600,Smt. Sangeeta Yadav (2022-28),WS/MP201/2025-2026/255893,installation of 9 semi high mast light as per the list for each cost 273600,Smt. Sangeeta Yadav (2022-28),98.4,Extremely High
Uttar Pradesh,Sitting Rajya Sabha,Normal/Others,WS/MP847/2026-2027/289971,"LED High Mast Light (6 LED ) with 200 watt, 9 meter poll",Shri Baburam Nishad (2022-28),WS/MP847/2026-2027/282779,"LED High Mast Light (8 LED) with 200 Watt,10 meter poll",Shri Baburam Nishad (2022-28),93.1,High
Bihar,Sitting Rajya Sabha,Normal/Others,WS/MP18300/2024-2025/134480,Construction work of 20 feet × 15 feet covered community chaupal.,Dr. Bhim Singh (2024-30),WS/MP18300/2024-2025/134540,Construction work of 20 feet x 15 feet covered Community Chaupal,Dr. Bhim Singh (2024-30),99.0,Extremely High
Bihar,Sitting Rajya Sabha,Normal/Others,WS/MP18300/2024-2025/134480,Construction work of 20 feet × 15 feet covered community chaupal.,Dr. Bhim Singh (2024-30),WS/MP18300/2025-2026/202614,Construction work of 20 x feet 15 feet covered community Chaupal,Dr. Bhim Singh (2024-30),99.0,Extremely High
Bihar,Sitting Rajya Sabha,Normal/Others,WS/MP18300/2024-2025/134540,Construction work of 20 feet x 15 feet covered Community Chaupal,Dr. Bhim Singh (2024-30),WS/MP18300/2025-2026/202614,Construction work of 20 x feet 15 feet covered community Chaupal,Dr. Bhim Singh (2024-30),98.1,Extremely High
Bihar,Sitting Rajya Sabha,Normal/Others,WS/MP001/2024-2025/136962,"1.Utkramit Secondary High School. Thalbara, Blcok Hanumanngar ,Darbhanga. 1 Set, Estimated Amount 10,00,000/- (Ten Lakh Only) S.NO NAME QTY DISCRIPTIONS 1. Twister Sitting & Standing 01 Main post- 114mm dia Galvanised pipe of 4mm thick, Paint- Epoxy coating of at least 100mm micron, Bearing - self lubricant for maintenance free usage 2. Rower 01 Main post- 114mm dia Galvanised pipe of 4mm thick, Paint- Epoxy coating of at least 100mm micron, Bearing - self lubricant",Shri Shambhu Sharan Patel (2022-28),WS/MP001/2024-2025/136963,"3. Utkramit Secondary High School. Godhaila, Blcok Hanuman Nagar, Darbhanga. 1 Set, Estimated Amount 10,00,000/- (Ten Lakh Only) S.NO NAME QTY DISCRIPTIONS 1. Twister Sitting & Standing 01 Main post- 114mm dia Galvanised pipe of 4mm thick, Paint- Epoxy coating of at least 100mm micron, Bearing - self lubricant for maintenance free usage 2. Rower 01 Main post- 114mm dia Galvanised pipe of 4mm thick, Paint- Epoxy coating of at least 100mm micron, Bearing - self lubri",Shri Shambhu Sharan Patel (2022-28),94.1,High
Bihar,Sitting Rajya Sabha,Normal/Others,WS/MP001/2024-2025/136962,"1.Utkramit Secondary High School. Thalbara, Blcok Hanumanngar ,Darbhanga. 1 Set, Estimated Amount 10,00,000/- (Ten Lakh Only) S.NO NAME QTY DISCRIPTIONS 1. Twister Sitting & Standing 01 Main post- 114mm dia Galvanised pipe of 4mm thick, Paint- Epoxy coating of at least 100mm micron, Bearing - self lubricant for maintenance free usage 2. Rower 01 Main post- 114mm dia Galvanised pipe of 4mm thick, Paint- Epoxy coating of at least 100mm micron, Bearing - self lubricant",Shri Shambhu Sharan Patel (2022-28),WS/MP001/2024-2025/136974,"5. Utkramit Secondary High School. Godhiyari, Block Hanuman Nagar, Darbhanga. 1 Set Estimated Amount 10,00,000/- (Ten Lakh Only) S.NO NAME QTY DISCRIPTIONS 1. Twister Sitting & Standing 01 Main post- 114mm dia Galvanised pipe of 4mm thick, Paint- Epoxy coating of at least 100mm micron, Bearing - self lubricant for maintenance free usage 2. Rower 01 Main post- 114mm dia Galvanised pipe of 4mm thick, Paint- Epoxy coating of at least 100mm micron, Bearing - self lubric",Shri Shambhu Sharan Patel (2022-28),92.4,High
Bihar,Sitting Rajya Sabha,Normal/Others,WS/MP001/2024-2025/136962,"1.Utkramit Secondary High School. Thalbara, Blcok Hanumanngar ,Darbhanga. 1 Set, Estimated Amount 10,00,000/- (Ten Lakh Only) S.NO NAME QTY DISCRIPTIONS 1. Twister Sitting & Standing 01 Main post- 114mm dia Galvanised pipe of 4mm thick, Paint- Epoxy coating of at least 100mm micron, Bearing - self lubricant for maintenance free usage 2. Rower 01 Main post- 114mm dia Galvanised pipe of 4mm thick, Paint- Epoxy coating of at least 100mm micron, Bearing - self lubricant",Shri Shambhu Sharan Patel (2022-28),WS/MP001/2024-2025/136965,"2. Utkramit Secondary High School, Blcok Hanuma Nagar, Darbhanga. 1 Set, Estimated Amount 10,00,000/- (Ten Lakh Only S.NO NAME QTY DISCRIPTIONS 1. Twister Sitting & Standing 01 Main post- 114mm dia Galvanised pipe of 4mm thick, Paint- Epoxy coating of at least 100mm micron, Bearing - self lubricant for maintenance free usage 2. Rower 01 Main post- 114mm dia Galvanised pipe of 4mm thick, Paint- Epoxy coating of at least 100mm micron, Bearing - self lubricant for main",Shri Shambhu Sharan Patel (2022-28),95.1,Very High
Bihar,Sitting Rajya Sabha,Normal/Others,WS/MP001/2024-2025/136963,"3. Utkramit Secondary High School. Godhaila, Blcok Hanuman Nagar, Darbhanga. 1 Set, Estimated Amount 10,00,000/- (Ten Lakh Only) S.NO NAME QTY DISCRIPTIONS 1. Twister Sitting & Standing 01 Main post- 114mm dia Galvanised pipe of 4mm thick, Paint- Epoxy coating of at least 100mm micron, Bearing - self lubricant for maintenance free usage 2. Rower 01 Main post- 114mm dia Galvanised pipe of 4mm thick, Paint- Epoxy coating of at least 100mm micron, Bearing - self lubri",Shri Shambhu Sharan Patel (2022-28),WS/MP001/2024-2025/136974,"5. Utkramit Secondary High School. Godhiyari, Block Hanuman Nagar, Darbhanga. 1 Set Estimated Amount 10,00,000/- (Ten Lakh Only) S.NO NAME QTY DISCRIPTIONS 1. Twister Sitting & Standing 01 Main post- 114mm dia Galvanised pipe of 4mm thick, Paint- Epoxy coating of at least 100mm micron, Bearing - self lubricant for maintenance free usage 2. Rower 01 Main post- 114mm dia Galvanised pipe of 4mm thick, Paint- Epoxy coating of at least 100mm micron, Bearing - self lubric",Shri Shambhu Sharan Patel (2022-28),94.6,High
Bihar,Sitting Rajya Sabha,Normal/Others,WS/MP001/2024-2025/136965,"2. Utkramit Secondary High School, Blcok Hanuma Nagar, Darbhanga. 1 Set, Estimated Amount 10,00,000/- (Ten Lakh Only S.NO NAME QTY DISCRIPTIONS 1. Twister Sitting & Standing 01 Main post- 114mm dia Galvanised pipe of 4mm thick, Paint- Epoxy coating of at least 100mm micron, Bearing - self lubricant for maintenance free usage 2. Rower 01 Main post- 114mm dia Galvanised pipe of 4mm thick, Paint- Epoxy coating of at least 100mm micron, Bearing - self lubricant for main",Shri Shambhu Sharan Patel (2022-28),WS/MP001/2024-2025/136963,"3. Utkramit Secondary High School. Godhaila, Blcok Hanuman Nagar, Darbhanga. 1 Set, Estimated Amount 10,00,000/- (Ten Lakh Only) S.NO NAME QTY DISCRIPTIONS 1. Twister Sitting & Standing 01 Main post- 114mm dia Galvanised pipe of 4mm thick, Paint- Epoxy coating of at least 100mm micron, Bearing - self lubricant for maintenance free usage 2. Rower 01 Main post- 114mm dia Galvanised pipe of 4mm thick, Paint- Epoxy coating of at least 100mm micron, Bearing - self lubri",Shri Shambhu Sharan Patel (2022-28),95.0,Very High
Bihar,Sitting Rajya Sabha,Normal/Others,WS/MP001/2024-2025/136963,"3. Utkramit Secondary High School. Godhaila, Blcok Hanuman Nagar, Darbhanga. 1 Set, Estimated Amount 10,00,000/- (Ten Lakh Only) S.NO NAME QTY DISCRIPTIONS 1. Twister Sitting & Standing 01 Main post- 114mm dia Galvanised pipe of 4mm thick, Paint- Epoxy coating of at least 100mm micron, Bearing - self lubricant for maintenance free usage 2. Rower 01 Main post- 114mm dia Galvanised pipe of 4mm thick, Paint- Epoxy coating of at least 100mm micron, Bearing - self lubri",Shri Shambhu Sharan Patel (2022-28),WS/MP001/2024-2025/136966,"5. Secondary High School , Taralahi, Block Hanuman Nagar, Darbhanga.1 set Estimated Amount 10,00,000/- (Ten Lakh Only) S.NO NAME QTY DISCRIPTIONS 1. Twister Sitting & Standing 01 Main post- 114mm dia Galvanised pipe of 4mm thick, Paint- Epoxy coating of at least 100mm micron, Bearing - self lubricant for maintenance free usage 2. Rower 01 Main post- 114mm dia Galvanised pipe of 4mm thick, Paint- Epoxy coating of at least 100mm micron, Bearing - self lubricant for ma",Shri Shambhu Sharan Patel (2022-28),92.2,High
Bihar,Sitting Rajya Sabha,Normal/Others,WS/MP001/2024-2025/136964,"4. High School, Rampur Dih, Block Hanuman Nagar, Darbhanga. 1 Set Estimated Amount 10,00,000/- (Ten Lakh Only) S.NO NAME QTY DISCRIPTIONS 1. Twister Sitting & Standing 01 Main post- 114mm dia Galvanised pipe of 4mm thick, Paint- Epoxy coating of at least 100mm micron, Bearing - self lubricant for maintenance free usage 2. Rower 01 Main post- 114mm dia Galvanised pipe of 4mm thick, Paint- Epoxy coating of at least 100mm micron, Bearing - self lubricant for maintenanc",Shri Shambhu Sharan Patel (2022-28),WS/MP001/2024-2025/136966,"5. Secondary High School , Taralahi, Block Hanuman Nagar, Darbhanga.1 set Estimated Amount 10,00,000/- (Ten Lakh Only) S.NO NAME QTY DISCRIPTIONS 1. Twister Sitting & Standing 01 Main post- 114mm dia Galvanised pipe of 4mm thick, Paint- Epoxy coating of at least 100mm micron, Bearing - self lubricant for maintenance free usage 2. Rower 01 Main post- 114mm dia Galvanised pipe of 4mm thick, Paint- Epoxy coating of at least 100mm micron, Bearing - self lubricant for ma",Shri Shambhu Sharan Patel (2022-28),93.0,High
Bihar,Sitting Rajya Sabha,Normal/Others,WS/MP001/2024-2025/136965,"2. Utkramit Secondary High School, Blcok Hanuma Nagar, Darbhanga. 1 Set, Estimated Amount 10,00,000/- (Ten Lakh Only S.NO NAME QTY DISCRIPTIONS 1. Twister Sitting & Standing 01 Main post- 114mm dia Galvanised pipe of 4mm thick, Paint- Epoxy coating of at least 100mm micron, Bearing - self lubricant for maintenance free usage 2. Rower 01 Main post- 114mm dia Galvanised pipe of 4mm thick, Paint- Epoxy coating of at least 100mm micron, Bearing - self lubricant for main",Shri Shambhu Sharan Patel (2022-28),WS/MP001/2024-2025/136966,"5. Secondary High School , Taralahi, Block Hanuman Nagar, Darbhanga.1 set Estimated Amount 10,00,000/- (Ten Lakh Only) S.NO NAME QTY DISCRIPTIONS 1. Twister Sitting & Standing 01 Main post- 114mm dia Galvanised pipe of 4mm thick, Paint- Epoxy coating of at least 100mm micron, Bearing - self lubricant for maintenance free usage 2. Rower 01 Main post- 114mm dia Galvanised pipe of 4mm thick, Paint- Epoxy coating of at least 100mm micron, Bearing - self lubricant for ma",Shri Shambhu Sharan Patel (2022-28),92.7,High
Bihar,Sitting Rajya Sabha,Normal/Others,WS/MP001/2024-2025/136965,"2. Utkramit Secondary High School, Blcok Hanuma Nagar, Darbhanga. 1 Set, Estimated Amount 10,00,000/- (Ten Lakh Only S.NO NAME QTY DISCRIPTIONS 1. Twister Sitting & Standing 01 Main post- 114mm dia Galvanised pipe of 4mm thick, Paint- Epoxy coating of at least 100mm micron, Bearing - self lubricant for maintenance free usage 2. Rower 01 Main post- 114mm dia Galvanised pipe of 4mm thick, Paint- Epoxy coating of at least 100mm micron, Bearing - self lubricant for main",Shri Shambhu Sharan Patel (2022-28),WS/MP001/2024-2025/136974,"5. Utkramit Secondary High School. Godhiyari, Block Hanuman Nagar, Darbhanga. 1 Set Estimated Amount 10,00,000/- (Ten Lakh Only) S.NO NAME QTY DISCRIPTIONS 1. Twister Sitting & Standing 01 Main post- 114mm dia Galvanised pipe of 4mm thick, Paint- Epoxy coating of at least 100mm micron, Bearing - self lubricant for maintenance free usage 2. Rower 01 Main post- 114mm dia Galvanised pipe of 4mm thick, Paint- Epoxy coating of at least 100mm micron, Bearing - self lubric",Shri Shambhu Sharan Patel (2022-28),93.4,High
Bihar,Sitting Rajya Sabha,Normal/Others,WS/MP001/2024-2025/136966,"5. Secondary High School , Taralahi, Block Hanuman Nagar, Darbhanga.1 set Estimated Amount 10,00,000/- (Ten Lakh Only) S.NO NAME QTY DISCRIPTIONS 1. Twister Sitting & Standing 01 Main post- 114mm dia Galvanised pipe of 4mm thick, Paint- Epoxy coating of at least 100mm micron, Bearing - self lubricant for maintenance free usage 2. Rower 01 Main post- 114mm dia Galvanised pipe of 4mm thick, Paint- Epoxy coating of at least 100mm micron, Bearing - self lubricant for ma",Shri Shambhu Sharan Patel (2022-28),WS/MP001/2024-2025/136974,"5. Utkramit Secondary High School. Godhiyari, Block Hanuman Nagar, Darbhanga. 1 Set Estimated Amount 10,00,000/- (Ten Lakh Only) S.NO NAME QTY DISCRIPTIONS 1. Twister Sitting & Standing 01 Main post- 114mm dia Galvanised pipe of 4mm thick, Paint- Epoxy coating of at least 100mm micron, Bearing - self lubricant for maintenance free usage 2. Rower 01 Main post- 114mm dia Galvanised pipe of 4mm thick, Paint- Epoxy coating of at least 100mm micron, Bearing - self lubric",Shri Shambhu Sharan Patel (2022-28),94.0,High
Bihar,Sitting Rajya Sabha,Normal/Others,WS/MP001/2024-2025/145762,"8. Utkramit Middle School, Pariharpur Block- Rajnagar,District Madhubani. 1 Set, Estimated Amount 6,25,000/- (Six Lakh Twenty Five thousand only) S.NO NAME QTY 1. Shoulder Press Double 01 2. Twister Sitting & Standing 01 3. Air Walker 01 4. Rotetor 01 5. Cross Walker 01 Main post- 114mm dia Galvanised pipe of 4mm thick, Paint- Epoxy coating of at least 100mm micron, Bearing - self lubricant for maintenance free usage",Shri Shambhu Sharan Patel (2022-28),WS/MP001/2024-2025/145755,"Installation of GYM Equipment 1. Rajkiyakrit Middle School ,Rajnagar Block -Rajnagar District Madhubani. 1 Set, Estimated Amount 6,25,000/- (Six Lakh Twenty Five thousand only) S.NO NAME QTY 1. Shoulder Press Double 01 2. Twister Sitting & Standing 01 3. Air Walker 01 4. Rotetor 01 5. Cross Walker 01 Main post- 114mm dia Galvanised pipe of 4mm thick, Paint- Epoxy coating of at least 100mm micron, Bearing - self lubricant for maintenance free usage",Shri Shambhu Sharan Patel (2022-28),92.7,High
Bihar,Sitting Rajya Sabha,Normal/Others,WS/MP001/2024-2025/145757,"3. LNGPS+2 Project Girls High School,Rajnagar, Block- Rajnagar,District Madhubani. 1 Set, Estimated Amount 6,25,000/- (Six Lakh Twenty Five thousand only) S.NO NAME QTY 1. Shoulder Press Double 01 2. Twister Sitting & Standing 01 3. Air Walker 01 4. Rotetor 01 5. Cross Walker 01 Main post- 114mm dia Galvanised pipe of 4mm thick, Paint- Epoxy coating of at least 100mm micron, Bearing - self lubricant for maintenance free usage",Shri Shambhu Sharan Patel (2022-28),WS/MP001/2024-2025/145760,"6. Rameshwar+2 High School,Rajnagar Block- Rajnagar,District Madhubani. 1 Set, Estimated Amount 6,25,000/- (Six Lakh Twenty Five thousand only) S.NO NAME QTY 1. Shoulder Press Double 01 2. Twister Sitting & Standing 01 3. Air Walker 01 4. Rotetor 01 5. Cross Walker 01 Main post- 114mm dia Galvanised pipe of 4mm thick, Paint- Epoxy coating of at least 100mm micron, Bearing - self lubricant for maintenance free usage",Shri Shambhu Sharan Patel (2022-28),95.0,Very High
Bihar,Sitting Rajya Sabha,Normal/Others,WS/MP001/2024-2025/145757,"3. LNGPS+2 Project Girls High School,Rajnagar, Block- Rajnagar,District Madhubani. 1 Set, Estimated Amount 6,25,000/- (Six Lakh Twenty Five thousand only) S.NO NAME QTY 1. Shoulder Press Double 01 2. Twister Sitting & Standing 01 3. Air Walker 01 4. Rotetor 01 5. Cross Walker 01 Main post- 114mm dia Galvanised pipe of 4mm thick, Paint- Epoxy coating of at least 100mm micron, Bearing - self lubricant for maintenance free usage",Shri Shambhu Sharan Patel (2022-28),WS/MP001/2024-2025/145758,"5. +2 High School,Koilakh, Block- Rajnagar,District Madhubani. 1 Set, Estimated Amount 6,25,000/- (Six Lakh Twenty Five thousand only) S.NO NAME QTY 1. Shoulder Press Double 01 2. Twister Sitting & Standing 01 3. Air Walker 01 4. Rotetor 01 5. Cross Walker 01 Main post- 114mm dia Galvanised pipe of 4mm thick, Paint- Epoxy coating of at least 100mm micron, Bearing - self lubricant for maintenance free usage",Shri Shambhu Sharan Patel (2022-28),94.4,High
Bihar,Sitting Rajya Sabha,Normal/Others,WS/MP001/2024-2025/145757,"3. LNGPS+2 Project Girls High School,Rajnagar, Block- Rajnagar,District Madhubani. 1 Set, Estimated Amount 6,25,000/- (Six Lakh Twenty Five thousand only) S.NO NAME QTY 1. Shoulder Press Double 01 2. Twister Sitting & Standing 01 3. Air Walker 01 4. Rotetor 01 5. Cross Walker 01 Main post- 114mm dia Galvanised pipe of 4mm thick, Paint- Epoxy coating of at least 100mm micron, Bearing - self lubricant for maintenance free usage",Shri Shambhu Sharan Patel (2022-28),WS/MP001/2024-2025/145759,"4. +2 Anant High School,Kaithahi Block- Rajnagar,District Madhubani. 1 Set, Estimated Amount 6,25,000/- (Six Lakh Twenty Five thousand only) S.NO NAME QTY 1. Shoulder Press Double 01 2. Twister Sitting & Standing 01 3. Air Walker 01 4. Rotetor 01 5. Cross Walker 01 Main post- 114mm dia Galvanised pipe of 4mm thick, Paint- Epoxy coating of at least 100mm micron, Bearing - self lubricant for maintenance free usage",Shri Shambhu Sharan Patel (2022-28),93.7,High
Bihar,Sitting Rajya Sabha,Normal/Others,WS/MP001/2024-2025/145759,"4. +2 Anant High School,Kaithahi Block- Rajnagar,District Madhubani. 1 Set, Estimated Amount 6,25,000/- (Six Lakh Twenty Five thousand only) S.NO NAME QTY 1. Shoulder Press Double 01 2. Twister Sitting & Standing 01 3. Air Walker 01 4. Rotetor 01 5. Cross Walker 01 Main post- 114mm dia Galvanised pipe of 4mm thick, Paint- Epoxy coating of at least 100mm micron, Bearing - self lubricant for maintenance free usage",Shri Shambhu Sharan Patel (2022-28),WS/MP001/2024-2025/145758,"5. +2 High School,Koilakh, Block- Rajnagar,District Madhubani. 1 Set, Estimated Amount 6,25,000/- (Six Lakh Twenty Five thousand only) S.NO NAME QTY 1. Shoulder Press Double 01 2. Twister Sitting & Standing 01 3. Air Walker 01 4. Rotetor 01 5. Cross Walker 01 Main post- 114mm dia Galvanised pipe of 4mm thick, Paint- Epoxy coating of at least 100mm micron, Bearing - self lubricant for maintenance free usage",Shri Shambhu Sharan Patel (2022-28),96.6,Very High
Bihar,Sitting Rajya Sabha,Normal/Others,WS/MP001/2024-2025/145758,"5. +2 High School,Koilakh, Block- Rajnagar,District Madhubani. 1 Set, Estimated Amount 6,25,000/- (Six Lakh Twenty Five thousand only) S.NO NAME QTY 1. Shoulder Press Double 01 2. Twister Sitting & Standing 01 3. Air Walker 01 4. Rotetor 01 5. Cross Walker 01 Main post- 114mm dia Galvanised pipe of 4mm thick, Paint- Epoxy coating of at least 100mm micron, Bearing - self lubricant for maintenance free usage",Shri Shambhu Sharan Patel (2022-28),WS/MP001/2024-2025/145760,"6. Rameshwar+2 High School,Rajnagar Block- Rajnagar,District Madhubani. 1 Set, Estimated Amount 6,25,000/- (Six Lakh Twenty Five thousand only) S.NO NAME QTY 1. Shoulder Press Double 01 2. Twister Sitting & Standing 01 3. Air Walker 01 4. Rotetor 01 5. Cross Walker 01 Main post- 114mm dia Galvanised pipe of 4mm thick, Paint- Epoxy coating of at least 100mm micron, Bearing - self lubricant for maintenance free usage",Shri Shambhu Sharan Patel (2022-28),96.6,Very High
Bihar,Sitting Rajya Sabha,Normal/Others,WS/MP001/2024-2025/145758,"5. +2 High School,Koilakh, Block- Rajnagar,District Madhubani. 1 Set, Estimated Amount 6,25,000/- (Six Lakh Twenty Five thousand only) S.NO NAME QTY 1. Shoulder Press Double 01 2. Twister Sitting & Standing 01 3. Air Walker 01 4. Rotetor 01 5. Cross Walker 01 Main post- 114mm dia Galvanised pipe of 4mm thick, Paint- Epoxy coating of at least 100mm micron, Bearing - self lubricant for maintenance free usage",Shri Shambhu Sharan Patel (2022-28),WS/MP001/2024-2025/145762,"8. Utkramit Middle School, Pariharpur Block- Rajnagar,District Madhubani. 1 Set, Estimated Amount 6,25,000/- (Six Lakh Twenty Five thousand only) S.NO NAME QTY 1. Shoulder Press Double 01 2. Twister Sitting & Standing 01 3. Air Walker 01 4. Rotetor 01 5. Cross Walker 01 Main post- 114mm dia Galvanised pipe of 4mm thick, Paint- Epoxy coating of at least 100mm micron, Bearing - self lubricant for maintenance free usage",Shri Shambhu Sharan Patel (2022-28),93.9,High
Bihar,Sitting Rajya Sabha,Normal/Others,WS/MP001/2024-2025/145758,"5. +2 High School,Koilakh, Block- Rajnagar,District Madhubani. 1 Set, Estimated Amount 6,25,000/- (Six Lakh Twenty Five thousand only) S.NO NAME QTY 1. Shoulder Press Double 01 2. Twister Sitting & Standing 01 3. Air Walker 01 4. Rotetor 01 5. Cross Walker 01 Main post- 114mm dia Galvanised pipe of 4mm thick, Paint- Epoxy coating of at least 100mm micron, Bearing - self lubricant for maintenance free usage",Shri Shambhu Sharan Patel (2022-28),WS/MP001/2024-2025/145761,"7. Utkramit Middle School, Bhariva Vishanpur Block- Rajnagar,District Madhubani. 1 Set, Estimated Amount 6,25,000/- (Six Lakh Twenty Five thousand only) S.NO NAME QTY 1. Shoulder Press Double 01 2. Twister Sitting & Standing 01 3. Air Walker 01 4. Rotetor 01 5. Cross Walker 01 Main post- 114mm dia Galvanised pipe of 4mm thick, Paint- Epoxy coating of at least 100mm micron, Bearing - self lubricant for maintenance free usage",Shri Shambhu Sharan Patel (2022-28),92.9,High
Bihar,Sitting Rajya Sabha,Normal/Others,WS/MP001/2024-2025/145759,"4. +2 Anant High School,Kaithahi Block- Rajnagar,District Madhubani. 1 Set, Estimated Amount 6,25,000/- (Six Lakh Twenty Five thousand only) S.NO NAME QTY 1. Shoulder Press Double 01 2. Twister Sitting & Standing 01 3. Air Walker 01 4. Rotetor 01 5. Cross Walker 01 Main post- 114mm dia Galvanised pipe of 4mm thick, Paint- Epoxy coating of at least 100mm micron, Bearing - self lubricant for maintenance free usage",Shri Shambhu Sharan Patel (2022-28),WS/MP001/2024-2025/145760,"6. Rameshwar+2 High School,Rajnagar Block- Rajnagar,District Madhubani. 1 Set, Estimated Amount 6,25,000/- (Six Lakh Twenty Five thousand only) S.NO NAME QTY 1. Shoulder Press Double 01 2. Twister Sitting & Standing 01 3. Air Walker 01 4. Rotetor 01 5. Cross Walker 01 Main post- 114mm dia Galvanised pipe of 4mm thick, Paint- Epoxy coating of at least 100mm micron, Bearing - self lubricant for maintenance free usage",Shri Shambhu Sharan Patel (2022-28),95.7,Very High
Bihar,Sitting Rajya Sabha,Normal/Others,WS/MP001/2024-2025/145759,"4. +2 Anant High School,Kaithahi Block- Rajnagar,District Madhubani. 1 Set, Estimated Amount 6,25,000/- (Six Lakh Twenty Five thousand only) S.NO NAME QTY 1. Shoulder Press Double 01 2. Twister Sitting & Standing 01 3. Air Walker 01 4. Rotetor 01 5. Cross Walker 01 Main post- 114mm dia Galvanised pipe of 4mm thick, Paint- Epoxy coating of at least 100mm micron, Bearing - self lubricant for maintenance free usage",Shri Shambhu Sharan Patel (2022-28),WS/MP001/2024-2025/145762,"8. Utkramit Middle School, Pariharpur Block- Rajnagar,District Madhubani. 1 Set, Estimated Amount 6,25,000/- (Six Lakh Twenty Five thousand only) S.NO NAME QTY 1. Shoulder Press Double 01 2. Twister Sitting & Standing 01 3. Air Walker 01 4. Rotetor 01 5. Cross Walker 01 Main post- 114mm dia Galvanised pipe of 4mm thick, Paint- Epoxy coating of at least 100mm micron, Bearing - self lubricant for maintenance free usage",Shri Shambhu Sharan Patel (2022-28),93.4,High
Bihar,Sitting Rajya Sabha,Normal/Others,WS/MP001/2024-2025/145759,"4. +2 Anant High School,Kaithahi Block- Rajnagar,District Madhubani. 1 Set, Estimated Amount 6,25,000/- (Six Lakh Twenty Five thousand only) S.NO NAME QTY 1. Shoulder Press Double 01 2. Twister Sitting & Standing 01 3. Air Walker 01 4. Rotetor 01 5. Cross Walker 01 Main post- 114mm dia Galvanised pipe of 4mm thick, Paint- Epoxy coating of at least 100mm micron, Bearing - self lubricant for maintenance free usage",Shri Shambhu Sharan Patel (2022-28),WS/MP001/2024-2025/145761,"7. Utkramit Middle School, Bhariva Vishanpur Block- Rajnagar,District Madhubani. 1 Set, Estimated Amount 6,25,000/- (Six Lakh Twenty Five thousand only) S.NO NAME QTY 1. Shoulder Press Double 01 2. Twister Sitting & Standing 01 3. Air Walker 01 4. Rotetor 01 5. Cross Walker 01 Main post- 114mm dia Galvanised pipe of 4mm thick, Paint- Epoxy coating of at least 100mm micron, Bearing - self lubricant for maintenance free usage",Shri Shambhu Sharan Patel (2022-28),92.2,High
Bihar,Sitting Rajya Sabha,Normal/Others,WS/MP001/2024-2025/145760,"6. Rameshwar+2 High School,Rajnagar Block- Rajnagar,District Madhubani. 1 Set, Estimated Amount 6,25,000/- (Six Lakh Twenty Five thousand only) S.NO NAME QTY 1. Shoulder Press Double 01 2. Twister Sitting & Standing 01 3. Air Walker 01 4. Rotetor 01 5. Cross Walker 01 Main post- 114mm dia Galvanised pipe of 4mm thick, Paint- Epoxy coating of at least 100mm micron, Bearing - self lubricant for maintenance free usage",Shri Shambhu Sharan Patel (2022-28),WS/MP001/2024-2025/145762,"8. Utkramit Middle School, Pariharpur Block- Rajnagar,District Madhubani. 1 Set, Estimated Amount 6,25,000/- (Six Lakh Twenty Five thousand only) S.NO NAME QTY 1. Shoulder Press Double 01 2. Twister Sitting & Standing 01 3. Air Walker 01 4. Rotetor 01 5. Cross Walker 01 Main post- 114mm dia Galvanised pipe of 4mm thick, Paint- Epoxy coating of at least 100mm micron, Bearing - self lubricant for maintenance free usage",Shri Shambhu Sharan Patel (2022-28),93.7,High
Bihar,Sitting Rajya Sabha,Normal/Others,WS/MP001/2024-2025/145760,"6. Rameshwar+2 High School,Rajnagar Block- Rajnagar,District Madhubani. 1 Set, Estimated Amount 6,25,000/- (Six Lakh Twenty Five thousand only) S.NO NAME QTY 1. Shoulder Press Double 01 2. Twister Sitting & Standing 01 3. Air Walker 01 4. Rotetor 01 5. Cross Walker 01 Main post- 114mm dia Galvanised pipe of 4mm thick, Paint- Epoxy coating of at least 100mm micron, Bearing - self lubricant for maintenance free usage",Shri Shambhu Sharan Patel (2022-28),WS/MP001/2024-2025/145761,"7. Utkramit Middle School, Bhariva Vishanpur Block- Rajnagar,District Madhubani. 1 Set, Estimated Amount 6,25,000/- (Six Lakh Twenty Five thousand only) S.NO NAME QTY 1. Shoulder Press Double 01 2. Twister Sitting & Standing 01 3. Air Walker 01 4. Rotetor 01 5. Cross Walker 01 Main post- 114mm dia Galvanised pipe of 4mm thick, Paint- Epoxy coating of at least 100mm micron, Bearing - self lubricant for maintenance free usage",Shri Shambhu Sharan Patel (2022-28),92.7,High
Bihar,Sitting Rajya Sabha,Normal/Others,WS/MP001/2024-2025/145761,"7. Utkramit Middle School, Bhariva Vishanpur Block- Rajnagar,District Madhubani. 1 Set, Estimated Amount 6,25,000/- (Six Lakh Twenty Five thousand only) S.NO NAME QTY 1. Shoulder Press Double 01 2. Twister Sitting & Standing 01 3. Air Walker 01 4. Rotetor 01 5. Cross Walker 01 Main post- 114mm dia Galvanised pipe of 4mm thick, Paint- Epoxy coating of at least 100mm micron, Bearing - self lubricant for maintenance free usage",Shri Shambhu Sharan Patel (2022-28),WS/MP001/2024-2025/145762,"8. Utkramit Middle School, Pariharpur Block- Rajnagar,District Madhubani. 1 Set, Estimated Amount 6,25,000/- (Six Lakh Twenty Five thousand only) S.NO NAME QTY 1. Shoulder Press Double 01 2. Twister Sitting & Standing 01 3. Air Walker 01 4. Rotetor 01 5. Cross Walker 01 Main post- 114mm dia Galvanised pipe of 4mm thick, Paint- Epoxy coating of at least 100mm micron, Bearing - self lubricant for maintenance free usage",Shri Shambhu Sharan Patel (2022-28),96.8,Very High
Bihar,Sitting Rajya Sabha,Normal/Others,WS/MP18300/2024-2025/148909,Installing a big hand pump (india mark II) at a public place near the house of Jitendra Singh Chandravanshi in village Rasulpur of Ward No. 1 of Rasulpur Panchayat.,Dr. Bhim Singh (2024-30),WS/MP18300/2024-2025/148910,Installing a big hand pump (india mark II) at a public place near the house of Umesh Singh Chandravanshi in village Rasulpur of Ward No. 7 of Rasulpur Panchayat.,Dr. Bhim Singh (2024-30),93.5,High
Bihar,Sitting Rajya Sabha,Normal/Others,WS/MP001/2025-2026/156269,1.Supplyerrectionandcommissioning of 17 Mtr. High Mast Lighting Tower in 2 section with 8 Nos,Shri Shambhu Sharan Patel (2022-28),WS/MP001/2025-2026/156270,2.Supplyerrectionandcommissioning of 17 Mtr. High Mast Lighting Tower in 2 section with 8 Nos.,Shri Shambhu Sharan Patel (2022-28),99.3,Extremely High
Bihar,Sitting Rajya Sabha,Normal/Others,WS/MP001/2025-2026/188640,Supply errection and commissioning of 17 Mtr. High Mast Lighting Tower in 2 section with 8 Nos,Shri Shambhu Sharan Patel (2022-28),WS/MP001/2025-2026/188639,Supply errectionand commissioning of 17 Mtr High Mast Lighting Tower in 2 section with 8 Nos.,Shri Shambhu Sharan Patel (2022-28),93.0,High
Bihar,Sitting Rajya Sabha,Normal/Others,WS/MP18300/2025-2026/189193,CONSTRUCTION OF PCC ROAD AND UNDERGROUND DRAIN,Dr. Bhim Singh (2024-30),WS/MP18300/2025-2026/200899,Construction work of PCC road and underground drain,Dr. Bhim Singh (2024-30),96.9,Very High
Bihar,Sitting Rajya Sabha,Normal/Others,WS/MP042/2025-2026/208182,Installation work of high mast light near Chainpur nayi Kali Mandir located in Chainpur Panchayat under Kahra block.,Prof. Manoj Kumar Jha (2024-30),WS/MP042/2025-2026/208181,Installation work of high mast light near Chainpur purani Kali Mandir located in Chainpur Panchayat under Kahra block.,Prof. Manoj Kumar Jha (2024-30),92.7,High
Bihar,Sitting Rajya Sabha,Normal/Others,WS/MP18300/2026-2027/288703,Construction of a PCC road,Dr. Bhim Singh (2024-30),WS/MP052/2025-2026/221654,Construction of pcc road,Shri Satish Chandra Dubey (2022-28),97.6,Very High
Bihar,Sitting Rajya Sabha,Normal/Others,WS/MP18342/2025-2026/230653,"Construction of a community building (large hall) with a borewell hand pump, one toilet, and two urinals on the available government land in Baharampur Panchayat under Raghopur Block.",Shri Sanjay Yadav (2024-30),WS/MP18342/2025-2026/230651,"Construction of a community building (large hall) with a borewell hand pump, one toilet, and two urinals on the available government land in Rustampur Panchayat under Raghopur Block.",Shri Sanjay Yadav (2024-30),95.2,Very High
Bihar,Sitting Rajya Sabha,Normal/Others,WS/MP18342/2025-2026/230651,"Construction of a community building (large hall) with a borewell hand pump, one toilet, and two urinals on the available government land in Rustampur Panchayat under Raghopur Block.",Shri Sanjay Yadav (2024-30),WS/MP18342/2026-2027/230658,"Construction of a community building (large hall) with a borewell pump, one toilet, and two urinals on the available government land in Chandpura Panchayat under Raghopur Block.",Shri Sanjay Yadav (2024-30),92.0,High
Bihar,Sitting Rajya Sabha,Normal/Others,WS/MP18342/2025-2026/230651,"Construction of a community building (large hall) with a borewell hand pump, one toilet, and two urinals on the available government land in Rustampur Panchayat under Raghopur Block.",Shri Sanjay Yadav (2024-30),WS/MP18342/2025-2026/230654,"Construction of a community building (large hall) with a borewell hand pump, one toilet, and two urinals on the available government land in the Saidabad Panchayat under the Raghopur Block.",Shri Sanjay Yadav (2024-30),92.9,High
Bihar,Sitting Rajya Sabha,Normal/Others,WS/MP18342/2025-2026/230653,"Construction of a community building (large hall) with a borewell hand pump, one toilet, and two urinals on the available government land in Baharampur Panchayat under Raghopur Block.",Shri Sanjay Yadav (2024-30),WS/MP18342/2026-2027/230658,"Construction of a community building (large hall) with a borewell pump, one toilet, and two urinals on the available government land in Chandpura Panchayat under Raghopur Block.",Shri Sanjay Yadav (2024-30),92.1,High
Bihar,Sitting Rajya Sabha,Normal/Others,WS/MP18342/2025-2026/230653,"Construction of a community building (large hall) with a borewell hand pump, one toilet, and two urinals on the available government land in Baharampur Panchayat under Raghopur Block.",Shri Sanjay Yadav (2024-30),WS/MP18342/2025-2026/230654,"Construction of a community building (large hall) with a borewell hand pump, one toilet, and two urinals on the available government land in the Saidabad Panchayat under the Raghopur Block.",Shri Sanjay Yadav (2024-30),93.0,High
Bihar,Sitting Rajya Sabha,Normal/Others,WS/MP18342/2025-2026/230665,"Construction of a community building (large hall) with a borewell pump, one toilet, and two urinals on the available government land in Chaksinghar Panchayat under Raghopur Block.",Shri Sanjay Yadav (2024-30),WS/MP18342/2026-2027/230658,"Construction of a community building (large hall) with a borewell pump, one toilet, and two urinals on the available government land in Chandpura Panchayat under Raghopur Block.",Shri Sanjay Yadav (2024-30),94.5,High
Bihar,Sitting Rajya Sabha,Normal/Others,WS/MP18342/2025-2026/230664,"Construction of a community building (large hall) along with a borewell, a toilet, and two urinals on the available government land in Judabanpur Barari Panchayat under the Raghopur block.",Shri Sanjay Yadav (2024-30),WS/MP18342/2025-2026/230663,"Construction of a community building (large hall) along with a borewell, a toilet, and two urinals on the available government land in the Judabanpur Karari Panchayat under the Raghopur block.",Shri Sanjay Yadav (2024-30),95.2,Very High
Bihar,Sitting Rajya Sabha,Normal/Others,WS/MP18342/2025-2026/230845,Construction of a twelve-foot high roofed platform with a hand pump on the available government land in Baharampur Panchayat under Raghopur Block.,Shri Sanjay Yadav (2024-30),WS/MP18342/2025-2026/230843,Construction of a twelve-foot high roofed platform with a hand pump on the available government land in Rustampur Panchayat under Raghopur Block.,Shri Sanjay Yadav (2024-30),94.1,High
Bihar,Sitting Rajya Sabha,Normal/Others,WS/MP18342/2025-2026/230843,Construction of a twelve-foot high roofed platform with a hand pump on the available government land in Rustampur Panchayat under Raghopur Block.,Shri Sanjay Yadav (2024-30),WS/MP18342/2025-2026/230846,Construction of a twelve-foot high roofed platform with a hand pump on the available government land in Saidabad Panchayat under Raghopur Block.,Shri Sanjay Yadav (2024-30),92.8,High
Bihar,Sitting Rajya Sabha,Normal/Others,WS/MP18342/2026-2027/230850,Construction of a twelve feet high roofed platform with a hand pump on the available government land in Chandpura Panchayat under Raghopur Block.,Shri Sanjay Yadav (2024-30),WS/MP18342/2025-2026/230844,Construction of a twelve feet high roofed platform with a hand pump on the available government land in the Malikpur Panchayat under the Raghopur Block.,Shri Sanjay Yadav (2024-30),92.5,High
Bihar,Sitting Rajya Sabha,Normal/Others,WS/MP18342/2025-2026/230845,Construction of a twelve-foot high roofed platform with a hand pump on the available government land in Baharampur Panchayat under Raghopur Block.,Shri Sanjay Yadav (2024-30),WS/MP18342/2025-2026/230846,Construction of a twelve-foot high roofed platform with a hand pump on the available government land in Saidabad Panchayat under Raghopur Block.,Shri Sanjay Yadav (2024-30),93.1,High
Bihar,Sitting Rajya Sabha,Normal/Others,WS/MP18342/2025-2026/230857,Construction of a twelve feet high roofed platform with a hand pump on the available government land in Chaksingar Panchayat under Raghopur Block.,Shri Sanjay Yadav (2024-30),WS/MP18342/2026-2027/230850,Construction of a twelve feet high roofed platform with a hand pump on the available government land in Chandpura Panchayat under Raghopur Block.,Shri Sanjay Yadav (2024-30),93.7,High
Bihar,Sitting Rajya Sabha,Normal/Others,WS/MP18342/2025-2026/230856,Construction of a 12-foot high roofed platform with a hand pump on the available government land in the Judabanpur Barari Panchayat under the Raghopur block.,Shri Sanjay Yadav (2024-30),WS/MP18342/2025-2026/230855,Construction of a 12-foot high roofed platform with a hand pump on the available government land in the Judabanpur Karari Panchayat under the Raghopur block.,Shri Sanjay Yadav (2024-30),95.4,Very High
Bihar,Sitting Rajya Sabha,Normal/Others,WS/MP18342/2025-2026/238631,"Construction of a community building on the available land in Daudnagar Panchayat under Bidupur block, including one borewell with hand pump, one toilet, two urinals, one room (12 x 10), and one large hall.",Shri Sanjay Yadav (2024-30),WS/MP18342/2025-2026/238628,"Construction of a community building on the available land in Kanchanpur Panchayat under Bidupur block, including one borewell with hand pump, one toilet, two urinals, one room (12 x 10), and one large hall.",Shri Sanjay Yadav (2024-30),95.1,Very High
Bihar,Sitting Rajya Sabha,Normal/Others,WS/MP18342/2025-2026/238628,"Construction of a community building on the available land in Kanchanpur Panchayat under Bidupur block, including one borewell with hand pump, one toilet, two urinals, one room (12 x 10), and one large hall.",Shri Sanjay Yadav (2024-30),WS/MP18342/2025-2026/238630,"Construction of a community building on the available land in Mayil Panchayat under Bidupur block, including one borewell with hand pump, one toilet, two urinals, one room (12 x 10), and one large hall.",Shri Sanjay Yadav (2024-30),94.8,High
Bihar,Sitting Rajya Sabha,Normal/Others,WS/MP18342/2025-2026/238631,"Construction of a community building on the available land in Daudnagar Panchayat under Bidupur block, including one borewell with hand pump, one toilet, two urinals, one room (12 x 10), and one large hall.",Shri Sanjay Yadav (2024-30),WS/MP18342/2025-2026/238630,"Construction of a community building on the available land in Mayil Panchayat under Bidupur block, including one borewell with hand pump, one toilet, two urinals, one room (12 x 10), and one large hall.",Shri Sanjay Yadav (2024-30),95.0,Very High
Bihar,Sitting Rajya Sabha,Normal/Others,WS/MP001/2026-2027/282687,"Utkramit Uchacha Madhyamik Vidyalay, Harlakhi, Block- Harlakhi, Dist.- Madhubani,",Shri Shambhu Sharan Patel (2022-28),WS/MP001/2026-2027/282688,"Utkramit Uchacha Madhyamik Vidyalay, Kalna, Block- Harlakhi, Dist.- Madhubani",Shri Shambhu Sharan Patel (2022-28),92.7,High
Bihar,Sitting Rajya Sabha,Normal/Others,WS/MP001/2026-2027/282687,"Utkramit Uchacha Madhyamik Vidyalay, Harlakhi, Block- Harlakhi, Dist.- Madhubani,",Shri Shambhu Sharan Patel (2022-28),WS/MP001/2026-2027/282689,"Utkramit Uchacha Madhyamik Vidyalay, Karuna, Block- Harlakhi, Dist.- Madhubani,",Shri Shambhu Sharan Patel (2022-28),92.3,High
Madhya Pradesh,Sitting Rajya Sabha,Normal/Others,WS/MP106/2023-2024/10167,"Gram Panchayat Ganeshpur, Janpad Panchayat Kalapipal hetu 1 water Tanker 5500 Liters watar Capacity with 9.00X16 no. ke new tyre tube sahit, Vidhan sabha 169-Kalapipal, District Shajapur (mention in letter no. 3176 column no.1)",Shri Vivek K. Tankha (2022-28),WS/MP106/2023-2024/10191,"Gram Panchayat Khargonkhurd, Janpad Panchayat Kalapipal hetu 1 water Tanker 5500 Liters watar Capacity with 9.00X16 no. ke new tyre tube sahit, Vidhan sabha 169-Kalapipal, District Shajapur (mention in letter no. 3176 column no.6)",Shri Vivek K. Tankha (2022-28),95.6,Very High
Madhya Pradesh,Sitting Rajya Sabha,Normal/Others,WS/MP106/2023-2024/10167,"Gram Panchayat Ganeshpur, Janpad Panchayat Kalapipal hetu 1 water Tanker 5500 Liters watar Capacity with 9.00X16 no. ke new tyre tube sahit, Vidhan sabha 169-Kalapipal, District Shajapur (mention in letter no. 3176 column no.1)",Shri Vivek K. Tankha (2022-28),WS/MP106/2023-2024/10169,"Gram Panchayat Kolwa, Janpad Panchayat Kalapipal hetu 1 water Tanker 5500 Liters watar Capacity with 9.00X16 no. ke new tyre tube sahit, Vidhan sabha 169-Kalapipal, District Shajapur (mention in letter no. 3176 column no.2)",Shri Vivek K. Tankha (2022-28),95.4,Very High
Madhya Pradesh,Sitting Rajya Sabha,Normal/Others,WS/MP106/2023-2024/10167,"Gram Panchayat Ganeshpur, Janpad Panchayat Kalapipal hetu 1 water Tanker 5500 Liters watar Capacity with 9.00X16 no. ke new tyre tube sahit, Vidhan sabha 169-Kalapipal, District Shajapur (mention in letter no. 3176 column no.1)",Shri Vivek K. Tankha (2022-28),WS/MP106/2023-2024/10170,"Gram Panchayat Lasu patla, Janpad Panchayat Kalapipal hetu 1 water Tanker 5500 Liters watar Capacity with 9.00X16 no. ke new tyre tube sahit, Vidhan sabha 169-Kalapipal, District Shajapur (mention in letter no. 3176 column no.3)",Shri Vivek K. Tankha (2022-28),94.1,High
Madhya Pradesh,Sitting Rajya Sabha,Normal/Others,WS/MP106/2023-2024/10167,"Gram Panchayat Ganeshpur, Janpad Panchayat Kalapipal hetu 1 water Tanker 5500 Liters watar Capacity with 9.00X16 no. ke new tyre tube sahit, Vidhan sabha 169-Kalapipal, District Shajapur (mention in letter no. 3176 column no.1)",Shri Vivek K. Tankha (2022-28),WS/MP106/2023-2024/10179,"Gram Panchayat Mandela Khedi , Janpad Panchayat Kalapipal hetu 1 water Tanker 5500 Liters watar Capacity with 9.00X16 no. ke new tyre tube sahit, Vidhan sabha 169-Kalapipal, District Shajapur (mention in letter no. 3176 column no.4)",Shri Vivek K. Tankha (2022-28),94.0,High
Madhya Pradesh,Sitting Rajya Sabha,Normal/Others,WS/MP106/2023-2024/10167,"Gram Panchayat Ganeshpur, Janpad Panchayat Kalapipal hetu 1 water Tanker 5500 Liters watar Capacity with 9.00X16 no. ke new tyre tube sahit, Vidhan sabha 169-Kalapipal, District Shajapur (mention in letter no. 3176 column no.1)",Shri Vivek K. Tankha (2022-28),WS/MP106/2023-2024/10180,"Gram Panchayat Unchod, Janpad Panchayat Shujalpur hetu 1 water Tanker 5500 Liters watar Capacity with 9.00X16 no. ke new tyre tube sahit, Vidhan sabha 169-Kalapipal, District Shajapur (mention in letter no. 3176 column no.5)",Shri Vivek K. Tankha (2022-28),92.7,High
Madhya Pradesh,Sitting Rajya Sabha,Normal/Others,WS/MP106/2023-2024/10169,"Gram Panchayat Kolwa, Janpad Panchayat Kalapipal hetu 1 water Tanker 5500 Liters watar Capacity with 9.00X16 no. ke new tyre tube sahit, Vidhan sabha 169-Kalapipal, District Shajapur (mention in letter no. 3176 column no.2)",Shri Vivek K. Tankha (2022-28),WS/MP106/2023-2024/10170,"Gram Panchayat Lasu patla, Janpad Panchayat Kalapipal hetu 1 water Tanker 5500 Liters watar Capacity with 9.00X16 no. ke new tyre tube sahit, Vidhan sabha 169-Kalapipal, District Shajapur (mention in letter no. 3176 column no.3)",Shri Vivek K. Tankha (2022-28),94.3,High
Madhya Pradesh,Sitting Rajya Sabha,Normal/Others,WS/MP106/2023-2024/10191,"Gram Panchayat Khargonkhurd, Janpad Panchayat Kalapipal hetu 1 water Tanker 5500 Liters watar Capacity with 9.00X16 no. ke new tyre tube sahit, Vidhan sabha 169-Kalapipal, District Shajapur (mention in letter no. 3176 column no.6)",Shri Vivek K. Tankha (2022-28),WS/MP106/2023-2024/10169,"Gram Panchayat Kolwa, Janpad Panchayat Kalapipal hetu 1 water Tanker 5500 Liters watar Capacity with 9.00X16 no. ke new tyre tube sahit, Vidhan sabha 169-Kalapipal, District Shajapur (mention in letter no. 3176 column no.2)",Shri Vivek K. Tankha (2022-28),95.3,Very High
Madhya Pradesh,Sitting Rajya Sabha,Normal/Others,WS/MP106/2023-2024/10169,"Gram Panchayat Kolwa, Janpad Panchayat Kalapipal hetu 1 water Tanker 5500 Liters watar Capacity with 9.00X16 no. ke new tyre tube sahit, Vidhan sabha 169-Kalapipal, District Shajapur (mention in letter no. 3176 column no.2)",Shri Vivek K. Tankha (2022-28),WS/MP106/2023-2024/10179,"Gram Panchayat Mandela Khedi , Janpad Panchayat Kalapipal hetu 1 water Tanker 5500 Liters watar Capacity with 9.00X16 no. ke new tyre tube sahit, Vidhan sabha 169-Kalapipal, District Shajapur (mention in letter no. 3176 column no.4)",Shri Vivek K. Tankha (2022-28),93.9,High
Madhya Pradesh,Sitting Rajya Sabha,Normal/Others,WS/MP106/2023-2024/10169,"Gram Panchayat Kolwa, Janpad Panchayat Kalapipal hetu 1 water Tanker 5500 Liters watar Capacity with 9.00X16 no. ke new tyre tube sahit, Vidhan sabha 169-Kalapipal, District Shajapur (mention in letter no. 3176 column no.2)",Shri Vivek K. Tankha (2022-28),WS/MP106/2023-2024/10180,"Gram Panchayat Unchod, Janpad Panchayat Shujalpur hetu 1 water Tanker 5500 Liters watar Capacity with 9.00X16 no. ke new tyre tube sahit, Vidhan sabha 169-Kalapipal, District Shajapur (mention in letter no. 3176 column no.5)",Shri Vivek K. Tankha (2022-28),92.9,High
Madhya Pradesh,Sitting Rajya Sabha,Normal/Others,WS/MP106/2023-2024/10170,"Gram Panchayat Lasu patla, Janpad Panchayat Kalapipal hetu 1 water Tanker 5500 Liters watar Capacity with 9.00X16 no. ke new tyre tube sahit, Vidhan sabha 169-Kalapipal, District Shajapur (mention in letter no. 3176 column no.3)",Shri Vivek K. Tankha (2022-28),WS/MP106/2023-2024/10179,"Gram Panchayat Mandela Khedi , Janpad Panchayat Kalapipal hetu 1 water Tanker 5500 Liters watar Capacity with 9.00X16 no. ke new tyre tube sahit, Vidhan sabha 169-Kalapipal, District Shajapur (mention in letter no. 3176 column no.4)",Shri Vivek K. Tankha (2022-28),92.4,High
Madhya Pradesh,Sitting Rajya Sabha,Normal/Others,WS/MP106/2023-2024/10191,"Gram Panchayat Khargonkhurd, Janpad Panchayat Kalapipal hetu 1 water Tanker 5500 Liters watar Capacity with 9.00X16 no. ke new tyre tube sahit, Vidhan sabha 169-Kalapipal, District Shajapur (mention in letter no. 3176 column no.6)",Shri Vivek K. Tankha (2022-28),WS/MP106/2023-2024/10170,"Gram Panchayat Lasu patla, Janpad Panchayat Kalapipal hetu 1 water Tanker 5500 Liters watar Capacity with 9.00X16 no. ke new tyre tube sahit, Vidhan sabha 169-Kalapipal, District Shajapur (mention in letter no. 3176 column no.3)",Shri Vivek K. Tankha (2022-28),93.4,High
Madhya Pradesh,Sitting Rajya Sabha,Normal/Others,WS/MP106/2023-2024/10191,"Gram Panchayat Khargonkhurd, Janpad Panchayat Kalapipal hetu 1 water Tanker 5500 Liters watar Capacity with 9.00X16 no. ke new tyre tube sahit, Vidhan sabha 169-Kalapipal, District Shajapur (mention in letter no. 3176 column no.6)",Shri Vivek K. Tankha (2022-28),WS/MP106/2023-2024/10179,"Gram Panchayat Mandela Khedi , Janpad Panchayat Kalapipal hetu 1 water Tanker 5500 Liters watar Capacity with 9.00X16 no. ke new tyre tube sahit, Vidhan sabha 169-Kalapipal, District Shajapur (mention in letter no. 3176 column no.4)",Shri Vivek K. Tankha (2022-28),93.8,High
Madhya Pradesh,Sitting Rajya Sabha,Normal/Others,WS/MP106/2023-2024/10191,"Gram Panchayat Khargonkhurd, Janpad Panchayat Kalapipal hetu 1 water Tanker 5500 Liters watar Capacity with 9.00X16 no. ke new tyre tube sahit, Vidhan sabha 169-Kalapipal, District Shajapur (mention in letter no. 3176 column no.6)",Shri Vivek K. Tankha (2022-28),WS/MP106/2023-2024/10180,"Gram Panchayat Unchod, Janpad Panchayat Shujalpur hetu 1 water Tanker 5500 Liters watar Capacity with 9.00X16 no. ke new tyre tube sahit, Vidhan sabha 169-Kalapipal, District Shajapur (mention in letter no. 3176 column no.5)",Shri Vivek K. Tankha (2022-28),92.6,High
Madhya Pradesh,Sitting Rajya Sabha,Normal/Others,WS/MP106/2023-2024/31169,"1 number water tanker 5500 liter capacity with 9.00X20 including new tyre tube for Gram Pachayat Bhagdara, Janpad Panchayat Maheshwar, District Khargone (mention in letter no. 3300 at column no.5)",Shri Vivek K. Tankha (2022-28),WS/MP106/2023-2024/31164,"1 number water tanker 5500 liter capacity with 9.00X20 including new tyre tube for Gram Pachayat Gujarmohna, Janpad Panchayat Maheshwar, District Khargone (mention in letter no. 3300 at column no.2)",Shri Vivek K. Tankha (2022-28),95.0,Very High
Madhya Pradesh,Sitting Rajya Sabha,Normal/Others,WS/MP106/2023-2024/31164,"1 number water tanker 5500 liter capacity with 9.00X20 including new tyre tube for Gram Pachayat Gujarmohna, Janpad Panchayat Maheshwar, District Khargone (mention in letter no. 3300 at column no.2)",Shri Vivek K. Tankha (2022-28),WS/MP106/2023-2024/31165,"1 number water tanker 5500 liter capacity with 9.00X20 including new tyre tube for Gram Pachayat Sirsya, Janpad Panchayat Maheshwar, District Khargone (mention in letter no. 3300 at column no.3)",Shri Vivek K. Tankha (2022-28),94.7,High
Madhya Pradesh,Sitting Rajya Sabha,Normal/Others,WS/MP106/2023-2024/31170,"1 number water tanker 5500 liter capacity with 9.00X20 including new tyre tube for Gram Pachayat Bablai, Janpad Panchayat Maheshwar, District Khargone (mention in letter no. 3300 at column no.6)",Shri Vivek K. Tankha (2022-28),WS/MP106/2023-2024/31164,"1 number water tanker 5500 liter capacity with 9.00X20 including new tyre tube for Gram Pachayat Gujarmohna, Janpad Panchayat Maheshwar, District Khargone (mention in letter no. 3300 at column no.2)",Shri Vivek K. Tankha (2022-28),94.7,High
Madhya Pradesh,Sitting Rajya Sabha,Normal/Others,WS/MP106/2023-2024/31167,"1 number water tanker 5500 liter capacity with 9.00X20 including new tyre tube for Gram Pachayat Bhaklay, Janpad Panchayat Maheshwar, District Khargone (mention in letter no. 3300 at column no.4)",Shri Vivek K. Tankha (2022-28),WS/MP106/2023-2024/31164,"1 number water tanker 5500 liter capacity with 9.00X20 including new tyre tube for Gram Pachayat Gujarmohna, Janpad Panchayat Maheshwar, District Khargone (mention in letter no. 3300 at column no.2)",Shri Vivek K. Tankha (2022-28),94.6,High
Madhya Pradesh,Sitting Rajya Sabha,Normal/Others,WS/MP106/2023-2024/31169,"1 number water tanker 5500 liter capacity with 9.00X20 including new tyre tube for Gram Pachayat Bhagdara, Janpad Panchayat Maheshwar, District Khargone (mention in letter no. 3300 at column no.5)",Shri Vivek K. Tankha (2022-28),WS/MP106/2023-2024/31165,"1 number water tanker 5500 liter capacity with 9.00X20 including new tyre tube for Gram Pachayat Sirsya, Janpad Panchayat Maheshwar, District Khargone (mention in letter no. 3300 at column no.3)",Shri Vivek K. Tankha (2022-28),95.0,Very High
Madhya Pradesh,Sitting Rajya Sabha,Normal/Others,WS/MP106/2023-2024/31170,"1 number water tanker 5500 liter capacity with 9.00X20 including new tyre tube for Gram Pachayat Bablai, Janpad Panchayat Maheshwar, District Khargone (mention in letter no. 3300 at column no.6)",Shri Vivek K. Tankha (2022-28),WS/MP106/2023-2024/31165,"1 number water tanker 5500 liter capacity with 9.00X20 including new tyre tube for Gram Pachayat Sirsya, Janpad Panchayat Maheshwar, District Khargone (mention in letter no. 3300 at column no.3)",Shri Vivek K. Tankha (2022-28),95.0,Very High
Madhya Pradesh,Sitting Rajya Sabha,Normal/Others,WS/MP106/2023-2024/31167,"1 number water tanker 5500 liter capacity with 9.00X20 including new tyre tube for Gram Pachayat Bhaklay, Janpad Panchayat Maheshwar, District Khargone (mention in letter no. 3300 at column no.4)",Shri Vivek K. Tankha (2022-28),WS/MP106/2023-2024/31165,"1 number water tanker 5500 liter capacity with 9.00X20 including new tyre tube for Gram Pachayat Sirsya, Janpad Panchayat Maheshwar, District Khargone (mention in letter no. 3300 at column no.3)",Shri Vivek K. Tankha (2022-28),94.9,High
Madhya Pradesh,Sitting Rajya Sabha,Normal/Others,WS/MP106/2023-2024/31170,"1 number water tanker 5500 liter capacity with 9.00X20 including new tyre tube for Gram Pachayat Bablai, Janpad Panchayat Maheshwar, District Khargone (mention in letter no. 3300 at column no.6)",Shri Vivek K. Tankha (2022-28),WS/MP106/2023-2024/31167,"1 number water tanker 5500 liter capacity with 9.00X20 including new tyre tube for Gram Pachayat Bhaklay, Janpad Panchayat Maheshwar, District Khargone (mention in letter no. 3300 at column no.4)",Shri Vivek K. Tankha (2022-28),95.8,Very High
Madhya Pradesh,Sitting Rajya Sabha,Normal/Others,WS/MP106/2023-2024/31169,"1 number water tanker 5500 liter capacity with 9.00X20 including new tyre tube for Gram Pachayat Bhagdara, Janpad Panchayat Maheshwar, District Khargone (mention in letter no. 3300 at column no.5)",Shri Vivek K. Tankha (2022-28),WS/MP106/2023-2024/31167,"1 number water tanker 5500 liter capacity with 9.00X20 including new tyre tube for Gram Pachayat Bhaklay, Janpad Panchayat Maheshwar, District Khargone (mention in letter no. 3300 at column no.4)",Shri Vivek K. Tankha (2022-28),95.5,Very High
Madhya Pradesh,Sitting Rajya Sabha,Normal/Others,WS/MP106/2023-2024/31170,"1 number water tanker 5500 liter capacity with 9.00X20 including new tyre tube for Gram Pachayat Bablai, Janpad Panchayat Maheshwar, District Khargone (mention in letter no. 3300 at column no.6)",Shri Vivek K. Tankha (2022-28),WS/MP106/2023-2024/31169,"1 number water tanker 5500 liter capacity with 9.00X20 including new tyre tube for Gram Pachayat Bhagdara, Janpad Panchayat Maheshwar, District Khargone (mention in letter no. 3300 at column no.5)",Shri Vivek K. Tankha (2022-28),95.3,Very High
Madhya Pradesh,Sitting Rajya Sabha,Normal/Others,WS/MP103/2023-2024/80997,Water tanker capacity 5000 Liter with Fire fighter PUMP in Gram Panchayat Aali Block Nalchha,Dr. Kavita Patidar (2022-28),WS/MP103/2023-2024/80984,Water tanker capacity 5000 Liter With Fire Fighter PUMP in Gram Panchayat nalchha Block nalchha,Dr. Kavita Patidar (2022-28),94.9,High
Madhya Pradesh,Sitting Rajya Sabha,Normal/Others,WS/MP103/2023-2024/80985,Water tanker capacity 5000 Liter With Fire Fighter PUMP in Gram Panchayat bagdi Block nalchha,Dr. Kavita Patidar (2022-28),WS/MP103/2023-2024/80984,Water tanker capacity 5000 Liter With Fire Fighter PUMP in Gram Panchayat nalchha Block nalchha,Dr. Kavita Patidar (2022-28),94.0,High
Madhya Pradesh,Sitting Rajya Sabha,Normal/Others,WS/MP103/2023-2024/80995,Water tanker capacity 5000 Liter With Fire Fighter PUMP in Gram Panchayat Asukhedi Block Nalchha,Dr. Kavita Patidar (2022-28),WS/MP103/2023-2024/80984,Water tanker capacity 5000 Liter With Fire Fighter PUMP in Gram Panchayat nalchha Block nalchha,Dr. Kavita Patidar (2022-28),93.7,High
Madhya Pradesh,Sitting Rajya Sabha,Normal/Others,WS/MP103/2023-2024/80987,Water tanker capacity 5000 Liter With Fire Fighter PUMP in Gram Panchayat Bedwapura Block nalchha,Dr. Kavita Patidar (2022-28),WS/MP103/2023-2024/80984,Water tanker capacity 5000 Liter With Fire Fighter PUMP in Gram Panchayat nalchha Block nalchha,Dr. Kavita Patidar (2022-28),93.4,High
Madhya Pradesh,Sitting Rajya Sabha,Normal/Others,WS/MP103/2023-2024/80997,Water tanker capacity 5000 Liter with Fire fighter PUMP in Gram Panchayat Aali Block Nalchha,Dr. Kavita Patidar (2022-28),WS/MP103/2023-2024/80985,Water tanker capacity 5000 Liter With Fire Fighter PUMP in Gram Panchayat bagdi Block nalchha,Dr. Kavita Patidar (2022-28),93.0,High
Madhya Pradesh,Sitting Rajya Sabha,Normal/Others,WS/MP103/2023-2024/80995,Water tanker capacity 5000 Liter With Fire Fighter PUMP in Gram Panchayat Asukhedi Block Nalchha,Dr. Kavita Patidar (2022-28),WS/MP103/2023-2024/80985,Water tanker capacity 5000 Liter With Fire Fighter PUMP in Gram Panchayat bagdi Block nalchha,Dr. Kavita Patidar (2022-28),92.4,High
Madhya Pradesh,Sitting Rajya Sabha,Normal/Others,WS/MP103/2023-2024/80993,Water tanker capacity 5000 Liter with Fire Fighter PUMP in Gram Panchayat Dhapla Block Dharampuri,Dr. Kavita Patidar (2022-28),WS/MP103/2023-2024/80990,Water tanker capacity 5000 Liter with Fire Fighter PUMP in Gram Panchayat Khalghat Block Dharampuri,Dr. Kavita Patidar (2022-28),92.8,High
Madhya Pradesh,Sitting Rajya Sabha,Normal/Others,WS/MP103/2023-2024/80991,Water tanker capacity 5000 Liter With Fire Fighter PUMP in Gram Panchayat Gujri Block Dharampuri,Dr. Kavita Patidar (2022-28),WS/MP103/2023-2024/80994,Water tanker capacity 5000 Liter with Fire Fighter PUMP in Gram Panchayat Sundrel Block Dharampuri,Dr. Kavita Patidar (2022-28),92.2,High
Madhya Pradesh,Sitting Rajya Sabha,Normal/Others,WS/MP103/2023-2024/80997,Water tanker capacity 5000 Liter with Fire fighter PUMP in Gram Panchayat Aali Block Nalchha,Dr. Kavita Patidar (2022-28),WS/MP103/2023-2024/80995,Water tanker capacity 5000 Liter With Fire Fighter PUMP in Gram Panchayat Asukhedi Block Nalchha,Dr. Kavita Patidar (2022-28),92.1,High
Madhya Pradesh,Sitting Rajya Sabha,Normal/Others,WS/MP103/2023-2024/97467,Water tanker capacity 5000 Liter Tyre 900 X 20 With Fire Fighter PUMP GP Kapeli JP Tarana District Ujjain,Dr. Kavita Patidar (2022-28),WS/MP103/2023-2024/97471,Water tanker capacity 5000 Liter Tyre 900 X 20 With Fire Fighter PUMP GP Khapra JP Tarana District Ujjain,Dr. Kavita Patidar (2022-28),94.1,High
Madhya Pradesh,Sitting Rajya Sabha,Normal/Others,WS/MP103/2023-2024/97468,Water tanker capacity 5000 Liter Tyre 900 X 20 With Fire Fighter PUMP GP Kanardi JP Tarana District Ujjain,Dr. Kavita Patidar (2022-28),WS/MP103/2023-2024/97467,Water tanker capacity 5000 Liter Tyre 900 X 20 With Fire Fighter PUMP GP Kapeli JP Tarana District Ujjain,Dr. Kavita Patidar (2022-28),93.8,High
Madhya Pradesh,Sitting Rajya Sabha,Normal/Others,WS/MP103/2023-2024/97467,Water tanker capacity 5000 Liter Tyre 900 X 20 With Fire Fighter PUMP GP Kapeli JP Tarana District Ujjain,Dr. Kavita Patidar (2022-28),WS/MP103/2023-2024/97470,Water tanker capacity 5000 Liter Tyre 900 X 20 With Fire Fighter PUMP GP Karanj JP Tarana District Ujjain,Dr. Kavita Patidar (2022-28),93.5,High
Madhya Pradesh,Sitting Rajya Sabha,Normal/Others,WS/MP103/2023-2024/97467,Water tanker capacity 5000 Liter Tyre 900 X 20 With Fire Fighter PUMP GP Kapeli JP Tarana District Ujjain,Dr. Kavita Patidar (2022-28),WS/MP103/2023-2024/97472,Water tanker capacity 5000 Liter Tyre 900 X 20 With Fire Fighter PUMP GP Kaytah JP Tarana District Ujjain,Dr. Kavita Patidar (2022-28),93.5,High
Madhya Pradesh,Sitting Rajya Sabha,Normal/Others,WS/MP103/2023-2024/97467,Water tanker capacity 5000 Liter Tyre 900 X 20 With Fire Fighter PUMP GP Kapeli JP Tarana District Ujjain,Dr. Kavita Patidar (2022-28),WS/MP103/2023-2024/97486,Water tanker capacity 5000 Liter Tyre 900 X 20 With Fire Fighter PUMP GP Salakhedi JP Tarana District Ujjain,Dr. Kavita Patidar (2022-28),93.3,High
Madhya Pradesh,Sitting Rajya Sabha,Normal/Others,WS/MP103/2023-2024/97467,Water tanker capacity 5000 Liter Tyre 900 X 20 With Fire Fighter PUMP GP Kapeli JP Tarana District Ujjain,Dr. Kavita Patidar (2022-28),WS/MP103/2023-2024/97469,Water tanker capacity 5000 Liter Tyre 900 X 20 With Fire Fighter PUMP GP Raipura JP Tarana District Ujjain,Dr. Kavita Patidar (2022-28),93.2,High
Madhya Pradesh,Sitting Rajya Sabha,Normal/Others,WS/MP103/2023-2024/97467,Water tanker capacity 5000 Liter Tyre 900 X 20 With Fire Fighter PUMP GP Kapeli JP Tarana District Ujjain,Dr. Kavita Patidar (2022-28),WS/MP103/2023-2024/97473,Water tanker capacity 5000 Liter Tyre 900 X 20 With Fire Fighter PUMP GP Tilawad JP Tarana District Ujjain,Dr. Kavita Patidar (2022-28),92.7,High
Madhya Pradesh,Sitting Rajya Sabha,Normal/Others,WS/MP103/2023-2024/97468,Water tanker capacity 5000 Liter Tyre 900 X 20 With Fire Fighter PUMP GP Kanardi JP Tarana District Ujjain,Dr. Kavita Patidar (2022-28),WS/MP103/2023-2024/97470,Water tanker capacity 5000 Liter Tyre 900 X 20 With Fire Fighter PUMP GP Karanj JP Tarana District Ujjain,Dr. Kavita Patidar (2022-28),93.8,High
Madhya Pradesh,Sitting Rajya Sabha,Normal/Others,WS/MP103/2023-2024/97468,Water tanker capacity 5000 Liter Tyre 900 X 20 With Fire Fighter PUMP GP Kanardi JP Tarana District Ujjain,Dr. Kavita Patidar (2022-28),WS/MP103/2023-2024/97471,Water tanker capacity 5000 Liter Tyre 900 X 20 With Fire Fighter PUMP GP Khapra JP Tarana District Ujjain,Dr. Kavita Patidar (2022-28),93.8,High
Madhya Pradesh,Sitting Rajya Sabha,Normal/Others,WS/MP103/2023-2024/97468,Water tanker capacity 5000 Liter Tyre 900 X 20 With Fire Fighter PUMP GP Kanardi JP Tarana District Ujjain,Dr. Kavita Patidar (2022-28),WS/MP103/2023-2024/97472,Water tanker capacity 5000 Liter Tyre 900 X 20 With Fire Fighter PUMP GP Kaytah JP Tarana District Ujjain,Dr. Kavita Patidar (2022-28),93.8,High
Madhya Pradesh,Sitting Rajya Sabha,Normal/Others,WS/MP103/2023-2024/97468,Water tanker capacity 5000 Liter Tyre 900 X 20 With Fire Fighter PUMP GP Kanardi JP Tarana District Ujjain,Dr. Kavita Patidar (2022-28),WS/MP103/2023-2024/97486,Water tanker capacity 5000 Liter Tyre 900 X 20 With Fire Fighter PUMP GP Salakhedi JP Tarana District Ujjain,Dr. Kavita Patidar (2022-28),93.5,High
Madhya Pradesh,Sitting Rajya Sabha,Normal/Others,WS/MP103/2023-2024/97468,Water tanker capacity 5000 Liter Tyre 900 X 20 With Fire Fighter PUMP GP Kanardi JP Tarana District Ujjain,Dr. Kavita Patidar (2022-28),WS/MP103/2023-2024/97473,Water tanker capacity 5000 Liter Tyre 900 X 20 With Fire Fighter PUMP GP Tilawad JP Tarana District Ujjain,Dr. Kavita Patidar (2022-28),93.5,High
Madhya Pradesh,Sitting Rajya Sabha,Normal/Others,WS/MP103/2023-2024/97468,Water tanker capacity 5000 Liter Tyre 900 X 20 With Fire Fighter PUMP GP Kanardi JP Tarana District Ujjain,Dr. Kavita Patidar (2022-28),WS/MP103/2023-2024/97469,Water tanker capacity 5000 Liter Tyre 900 X 20 With Fire Fighter PUMP GP Raipura JP Tarana District Ujjain,Dr. Kavita Patidar (2022-28),93.0,High
Madhya Pradesh,Sitting Rajya Sabha,Normal/Others,WS/MP103/2023-2024/97471,Water tanker capacity 5000 Liter Tyre 900 X 20 With Fire Fighter PUMP GP Khapra JP Tarana District Ujjain,Dr. Kavita Patidar (2022-28),WS/MP103/2023-2024/97469,Water tanker capacity 5000 Liter Tyre 900 X 20 With Fire Fighter PUMP GP Raipura JP Tarana District Ujjain,Dr. Kavita Patidar (2022-28),94.4,High
Madhya Pradesh,Sitting Rajya Sabha,Normal/Others,WS/MP103/2023-2024/97470,Water tanker capacity 5000 Liter Tyre 900 X 20 With Fire Fighter PUMP GP Karanj JP Tarana District Ujjain,Dr. Kavita Patidar (2022-28),WS/MP103/2023-2024/97469,Water tanker capacity 5000 Liter Tyre 900 X 20 With Fire Fighter PUMP GP Raipura JP Tarana District Ujjain,Dr. Kavita Patidar (2022-28),93.8,High
Madhya Pradesh,Sitting Rajya Sabha,Normal/Others,WS/MP103/2023-2024/97472,Water tanker capacity 5000 Liter Tyre 900 X 20 With Fire Fighter PUMP GP Kaytah JP Tarana District Ujjain,Dr. Kavita Patidar (2022-28),WS/MP103/2023-2024/97469,Water tanker capacity 5000 Liter Tyre 900 X 20 With Fire Fighter PUMP GP Raipura JP Tarana District Ujjain,Dr. Kavita Patidar (2022-28),93.2,High
Madhya Pradesh,Sitting Rajya Sabha,Normal/Others,WS/MP103/2023-2024/97469,Water tanker capacity 5000 Liter Tyre 900 X 20 With Fire Fighter PUMP GP Raipura JP Tarana District Ujjain,Dr. Kavita Patidar (2022-28),WS/MP103/2023-2024/97473,Water tanker capacity 5000 Liter Tyre 900 X 20 With Fire Fighter PUMP GP Tilawad JP Tarana District Ujjain,Dr. Kavita Patidar (2022-28),93.0,High
Madhya Pradesh,Sitting Rajya Sabha,Normal/Others,WS/MP103/2023-2024/97469,Water tanker capacity 5000 Liter Tyre 900 X 20 With Fire Fighter PUMP GP Raipura JP Tarana District Ujjain,Dr. Kavita Patidar (2022-28),WS/MP103/2023-2024/97486,Water tanker capacity 5000 Liter Tyre 900 X 20 With Fire Fighter PUMP GP Salakhedi JP Tarana District Ujjain,Dr. Kavita Patidar (2022-28),92.4,High
Madhya Pradesh,Sitting Rajya Sabha,Normal/Others,WS/MP103/2023-2024/97470,Water tanker capacity 5000 Liter Tyre 900 X 20 With Fire Fighter PUMP GP Karanj JP Tarana District Ujjain,Dr. Kavita Patidar (2022-28),WS/MP103/2023-2024/97471,Water tanker capacity 5000 Liter Tyre 900 X 20 With Fire Fighter PUMP GP Khapra JP Tarana District Ujjain,Dr. Kavita Patidar (2022-28),94.6,High
Madhya Pradesh,Sitting Rajya Sabha,Normal/Others,WS/MP103/2023-2024/97470,Water tanker capacity 5000 Liter Tyre 900 X 20 With Fire Fighter PUMP GP Karanj JP Tarana District Ujjain,Dr. Kavita Patidar (2022-28),WS/MP103/2023-2024/97472,Water tanker capacity 5000 Liter Tyre 900 X 20 With Fire Fighter PUMP GP Kaytah JP Tarana District Ujjain,Dr. Kavita Patidar (2022-28),94.1,High
Madhya Pradesh,Sitting Rajya Sabha,Normal/Others,WS/MP103/2023-2024/97470,Water tanker capacity 5000 Liter Tyre 900 X 20 With Fire Fighter PUMP GP Karanj JP Tarana District Ujjain,Dr. Kavita Patidar (2022-28),WS/MP103/2023-2024/97473,Water tanker capacity 5000 Liter Tyre 900 X 20 With Fire Fighter PUMP GP Tilawad JP Tarana District Ujjain,Dr. Kavita Patidar (2022-28),93.2,High
Madhya Pradesh,Sitting Rajya Sabha,Normal/Others,WS/MP103/2023-2024/97470,Water tanker capacity 5000 Liter Tyre 900 X 20 With Fire Fighter PUMP GP Karanj JP Tarana District Ujjain,Dr. Kavita Patidar (2022-28),WS/MP103/2023-2024/97486,Water tanker capacity 5000 Liter Tyre 900 X 20 With Fire Fighter PUMP GP Salakhedi JP Tarana District Ujjain,Dr. Kavita Patidar (2022-28),92.7,High
Madhya Pradesh,Sitting Rajya Sabha,Normal/Others,WS/MP103/2023-2024/97472,Water tanker capacity 5000 Liter Tyre 900 X 20 With Fire Fighter PUMP GP Kaytah JP Tarana District Ujjain,Dr. Kavita Patidar (2022-28),WS/MP103/2023-2024/97471,Water tanker capacity 5000 Liter Tyre 900 X 20 With Fire Fighter PUMP GP Khapra JP Tarana District Ujjain,Dr. Kavita Patidar (2022-28),94.1,High
Madhya Pradesh,Sitting Rajya Sabha,Normal/Others,WS/MP103/2023-2024/97471,Water tanker capacity 5000 Liter Tyre 900 X 20 With Fire Fighter PUMP GP Khapra JP Tarana District Ujjain,Dr. Kavita Patidar (2022-28),WS/MP103/2023-2024/97473,Water tanker capacity 5000 Liter Tyre 900 X 20 With Fire Fighter PUMP GP Tilawad JP Tarana District Ujjain,Dr. Kavita Patidar (2022-28),93.2,High
Madhya Pradesh,Sitting Rajya Sabha,Normal/Others,WS/MP103/2023-2024/97471,Water tanker capacity 5000 Liter Tyre 900 X 20 With Fire Fighter PUMP GP Khapra JP Tarana District Ujjain,Dr. Kavita Patidar (2022-28),WS/MP103/2023-2024/97486,Water tanker capacity 5000 Liter Tyre 900 X 20 With Fire Fighter PUMP GP Salakhedi JP Tarana District Ujjain,Dr. Kavita Patidar (2022-28),92.7,High
Madhya Pradesh,Sitting Rajya Sabha,Normal/Others,WS/MP103/2023-2024/97472,Water tanker capacity 5000 Liter Tyre 900 X 20 With Fire Fighter PUMP GP Kaytah JP Tarana District Ujjain,Dr. Kavita Patidar (2022-28),WS/MP103/2023-2024/97486,Water tanker capacity 5000 Liter Tyre 900 X 20 With Fire Fighter PUMP GP Salakhedi JP Tarana District Ujjain,Dr. Kavita Patidar (2022-28),93.3,High
Madhya Pradesh,Sitting Rajya Sabha,Normal/Others,WS/MP103/2023-2024/97472,Water tanker capacity 5000 Liter Tyre 900 X 20 With Fire Fighter PUMP GP Kaytah JP Tarana District Ujjain,Dr. Kavita Patidar (2022-28),WS/MP103/2023-2024/97473,Water tanker capacity 5000 Liter Tyre 900 X 20 With Fire Fighter PUMP GP Tilawad JP Tarana District Ujjain,Dr. Kavita Patidar (2022-28),93.2,High
Madhya Pradesh,Sitting Rajya Sabha,Normal/Others,WS/MP103/2023-2024/97486,Water tanker capacity 5000 Liter Tyre 900 X 20 With Fire Fighter PUMP GP Salakhedi JP Tarana District Ujjain,Dr. Kavita Patidar (2022-28),WS/MP103/2023-2024/97473,Water tanker capacity 5000 Liter Tyre 900 X 20 With Fire Fighter PUMP GP Tilawad JP Tarana District Ujjain,Dr. Kavita Patidar (2022-28),93.0,High
Madhya Pradesh,Sitting Rajya Sabha,Normal/Others,WS/MP103/2023-2024/97474,Water tanker capacity 5000 Liter Tyre 900 X 20 With Fire Fighter PUMP GP Ajdawada JP Badnagar District Ujjain,Dr. Kavita Patidar (2022-28),WS/MP103/2023-2024/97475,Water tanker capacity 5000 Liter Tyre 900 X 20 With Fire Fighter PUMP GP Nawada JP Badnagar District Ujjain,Dr. Kavita Patidar (2022-28),94.7,High
Madhya Pradesh,Sitting Rajya Sabha,Normal/Others,WS/MP103/2023-2024/97474,Water tanker capacity 5000 Liter Tyre 900 X 20 With Fire Fighter PUMP GP Ajdawada JP Badnagar District Ujjain,Dr. Kavita Patidar (2022-28),WS/MP103/2023-2024/97480,Water tanker capacity 5000 Liter Tyre 900 X 20 With Fire Fighter PUMP GP kharsodkalan JP Badnagar District Ujjain,Dr. Kavita Patidar (2022-28),92.5,High
Madhya Pradesh,Sitting Rajya Sabha,Normal/Others,WS/MP103/2023-2024/97474,Water tanker capacity 5000 Liter Tyre 900 X 20 With Fire Fighter PUMP GP Ajdawada JP Badnagar District Ujjain,Dr. Kavita Patidar (2022-28),WS/MP103/2023-2024/97479,Water tanker capacity 5000 Liter Tyre 900 X 20 With Fire Fighter PUMP GP kharsodkhurd JP Badnagar District Ujjain,Dr. Kavita Patidar (2022-28),92.0,High
Madhya Pradesh,Sitting Rajya Sabha,Normal/Others,WS/MP103/2023-2024/97480,Water tanker capacity 5000 Liter Tyre 900 X 20 With Fire Fighter PUMP GP kharsodkalan JP Badnagar District Ujjain,Dr. Kavita Patidar (2022-28),WS/MP103/2023-2024/97475,Water tanker capacity 5000 Liter Tyre 900 X 20 With Fire Fighter PUMP GP Nawada JP Badnagar District Ujjain,Dr. Kavita Patidar (2022-28),92.5,High
Madhya Pradesh,Sitting Rajya Sabha,Normal/Others,WS/MP103/2023-2024/97479,Water tanker capacity 5000 Liter Tyre 900 X 20 With Fire Fighter PUMP GP kharsodkhurd JP Badnagar District Ujjain,Dr. Kavita Patidar (2022-28),WS/MP103/2023-2024/97475,Water tanker capacity 5000 Liter Tyre 900 X 20 With Fire Fighter PUMP GP Nawada JP Badnagar District Ujjain,Dr. Kavita Patidar (2022-28),92.0,High
Madhya Pradesh,Sitting Rajya Sabha,Normal/Others,WS/MP103/2023-2024/97477,Water tanker capacity 5000 Liter Tyre 900 X 20 With Fire Fighter PUMP GP Jhitarkhedi JP Ghatiya District Ujjain,Dr. Kavita Patidar (2022-28),WS/MP103/2023-2024/97488,Water tanker capacity 5000 Liter Tyre 900 X 20 With Fire Fighter PUMP GP Kaluheda JP Ghatiya District Ujjain,Dr. Kavita Patidar (2022-28),92.8,High
Madhya Pradesh,Sitting Rajya Sabha,Normal/Others,WS/MP103/2023-2024/97481,Water tanker capacity 5000 Liter Tyre 900 X 20 With Fire Fighter PUMP GP Amarpura JP Ghatiya District Ujjain,Dr. Kavita Patidar (2022-28),WS/MP103/2023-2024/97478,Water tanker capacity 5000 Liter Tyre 900 X 20 With Fire Fighter PUMP GP Bormundla JP Ghatiya District Ujjain,Dr. Kavita Patidar (2022-28),92.7,High
Madhya Pradesh,Sitting Rajya Sabha,Normal/Others,WS/MP103/2023-2024/97478,Water tanker capacity 5000 Liter Tyre 900 X 20 With Fire Fighter PUMP GP Bormundla JP Ghatiya District Ujjain,Dr. Kavita Patidar (2022-28),WS/MP103/2023-2024/97488,Water tanker capacity 5000 Liter Tyre 900 X 20 With Fire Fighter PUMP GP Kaluheda JP Ghatiya District Ujjain,Dr. Kavita Patidar (2022-28),92.7,High
Madhya Pradesh,Sitting Rajya Sabha,Normal/Others,WS/MP103/2023-2024/97480,Water tanker capacity 5000 Liter Tyre 900 X 20 With Fire Fighter PUMP GP kharsodkalan JP Badnagar District Ujjain,Dr. Kavita Patidar (2022-28),WS/MP103/2023-2024/97479,Water tanker capacity 5000 Liter Tyre 900 X 20 With Fire Fighter PUMP GP kharsodkhurd JP Badnagar District Ujjain,Dr. Kavita Patidar (2022-28),93.7,High
Madhya Pradesh,Sitting Rajya Sabha,Normal/Others,WS/MP103/2023-2024/97481,Water tanker capacity 5000 Liter Tyre 900 X 20 With Fire Fighter PUMP GP Amarpura JP Ghatiya District Ujjain,Dr. Kavita Patidar (2022-28),WS/MP103/2023-2024/97488,Water tanker capacity 5000 Liter Tyre 900 X 20 With Fire Fighter PUMP GP Kaluheda JP Ghatiya District Ujjain,Dr. Kavita Patidar (2022-28),93.0,High
Madhya Pradesh,Sitting Rajya Sabha,Normal/Others,WS/MP103/2023-2024/97487,"Water tanker capacity 5000 Liter Tyre 900 X 20 With Fire Fighter PUMP GP gangedi, JP Ujjain District Ujjain",Dr. Kavita Patidar (2022-28),WS/MP103/2023-2024/97482,"Water tanker capacity 5000 Liter Tyre 900 X 20 With Fire Fighter PUMP GP Harsodan , JP Ujjain District Ujjain",Dr. Kavita Patidar (2022-28),92.5,High
Madhya Pradesh,Sitting Rajya Sabha,Normal/Others,WS/MP103/2023-2024/97482,"Water tanker capacity 5000 Liter Tyre 900 X 20 With Fire Fighter PUMP GP Harsodan , JP Ujjain District Ujjain",Dr. Kavita Patidar (2022-28),WS/MP103/2023-2024/97483,"Water tanker capacity 5000 Liter Tyre 900 X 20 With Fire Fighter PUMP GP piplyaragho , JP Ujjain District Ujjain",Dr. Kavita Patidar (2022-28),92.0,High
Madhya Pradesh,Sitting Rajya Sabha,Normal/Others,WS/MP103/2023-2024/97484,"Water tanker capacity 5000 Liter Tyre 900 X 20 With Fire Fighter PUMP GP badhkummed , JP Ujjain District Ujjain",Dr. Kavita Patidar (2022-28),WS/MP103/2023-2024/97487,"Water tanker capacity 5000 Liter Tyre 900 X 20 With Fire Fighter PUMP GP gangedi, JP Ujjain District Ujjain",Dr. Kavita Patidar (2022-28),92.5,High
Madhya Pradesh,Sitting Rajya Sabha,Normal/Others,WS/MP103/2023-2024/99403,"Water tanker 5000 Lts.GI coated with fire fighter pump , tyere 900x20.Gram Panchyat Kulthana. Mhow Dist. Indore",Dr. Kavita Patidar (2022-28),WS/MP103/2023-2024/99361,"Water tanker 5000 Lts.GI coated with fire fighter pump , tyere 900x20. Gram Panchyat Kuwali , Mhow Dist Indore",Dr. Kavita Patidar (2022-28),93.5,High
Madhya Pradesh,Sitting Rajya Sabha,Normal/Others,WS/MP103/2023-2024/113699,Solar High brid LED High Mast (Solar Street Light in ) 24 watt X4 No. 7 Meter Pole Sthapna in Gram Panchayat Khurdi Mhow District Indore,Dr. Kavita Patidar (2022-28),WS/MP103/2023-2024/113698,Solar High brid LED High Mast (Solar Street Light in ) 24 watt X4 No. 7 Meter Pole Sthapna in Gram Panchayat Pigdamber Mhow District Indore,Dr. Kavita Patidar (2022-28),93.3,High
Madhya Pradesh,Sitting Rajya Sabha,Normal/Others,WS/MP103/2023-2024/113701,Solar High brid LED High Mast (Solar Street Light in ) 24 watt X4 No. 7 Meter Pole Sthapna in G P Sihod Mhow District Indore,Dr. Kavita Patidar (2022-28),WS/MP103/2023-2024/113705,Solar High brid LED High Mast (Solar Street Light in ) 24 watt X4 No. 7 Meter Pole Sthapna in G P Simrol Mhow District Indore,Dr. Kavita Patidar (2022-28),94.5,High
Madhya Pradesh,Sitting Rajya Sabha,Normal/Others,WS/MP103/2023-2024/113703,Solar High brid LED High Mast (Solar Street Light in ) 24 watt X4 No. 7 Meter Pole Sthapna in G P Datoda Mhow District Indore,Dr. Kavita Patidar (2022-28),WS/MP103/2023-2024/113701,Solar High brid LED High Mast (Solar Street Light in ) 24 watt X4 No. 7 Meter Pole Sthapna in G P Sihod Mhow District Indore,Dr. Kavita Patidar (2022-28),94.0,High
Madhya Pradesh,Sitting Rajya Sabha,Normal/Others,WS/MP103/2023-2024/113702,Solar High brid LED High Mast (Solar Street Light in ) 24 watt X4 No. 7 Meter Pole Sthapna in G P kodriya Mhow District Indore,Dr. Kavita Patidar (2022-28),WS/MP103/2023-2024/113701,Solar High brid LED High Mast (Solar Street Light in ) 24 watt X4 No. 7 Meter Pole Sthapna in G P Sihod Mhow District Indore,Dr. Kavita Patidar (2022-28),93.8,High
Madhya Pradesh,Sitting Rajya Sabha,Normal/Others,WS/MP103/2023-2024/113704,Solar High brid LED High Mast (Solar Street Light in ) 24 watt X4 No. 7 Meter Pole Sthapna in G P Bhatkhedi Mhow District Indore,Dr. Kavita Patidar (2022-28),WS/MP103/2023-2024/113701,Solar High brid LED High Mast (Solar Street Light in ) 24 watt X4 No. 7 Meter Pole Sthapna in G P Sihod Mhow District Indore,Dr. Kavita Patidar (2022-28),93.3,High
Madhya Pradesh,Sitting Rajya Sabha,Normal/Others,WS/MP103/2023-2024/113703,Solar High brid LED High Mast (Solar Street Light in ) 24 watt X4 No. 7 Meter Pole Sthapna in G P Datoda Mhow District Indore,Dr. Kavita Patidar (2022-28),WS/MP103/2023-2024/113702,Solar High brid LED High Mast (Solar Street Light in ) 24 watt X4 No. 7 Meter Pole Sthapna in G P kodriya Mhow District Indore,Dr. Kavita Patidar (2022-28),94.1,High
Madhya Pradesh,Sitting Rajya Sabha,Normal/Others,WS/MP103/2023-2024/113704,Solar High brid LED High Mast (Solar Street Light in ) 24 watt X4 No. 7 Meter Pole Sthapna in G P Bhatkhedi Mhow District Indore,Dr. Kavita Patidar (2022-28),WS/MP103/2023-2024/113702,Solar High brid LED High Mast (Solar Street Light in ) 24 watt X4 No. 7 Meter Pole Sthapna in G P kodriya Mhow District Indore,Dr. Kavita Patidar (2022-28),93.4,High
Madhya Pradesh,Sitting Rajya Sabha,Normal/Others,WS/MP103/2023-2024/113702,Solar High brid LED High Mast (Solar Street Light in ) 24 watt X4 No. 7 Meter Pole Sthapna in G P kodriya Mhow District Indore,Dr. Kavita Patidar (2022-28),WS/MP103/2023-2024/113705,Solar High brid LED High Mast (Solar Street Light in ) 24 watt X4 No. 7 Meter Pole Sthapna in G P Simrol Mhow District Indore,Dr. Kavita Patidar (2022-28),93.1,High
Madhya Pradesh,Sitting Rajya Sabha,Normal/Others,WS/MP103/2023-2024/113704,Solar High brid LED High Mast (Solar Street Light in ) 24 watt X4 No. 7 Meter Pole Sthapna in G P Bhatkhedi Mhow District Indore,Dr. Kavita Patidar (2022-28),WS/MP103/2023-2024/113703,Solar High brid LED High Mast (Solar Street Light in ) 24 watt X4 No. 7 Meter Pole Sthapna in G P Datoda Mhow District Indore,Dr. Kavita Patidar (2022-28),93.6,High
Madhya Pradesh,Sitting Rajya Sabha,Normal/Others,WS/MP103/2023-2024/113703,Solar High brid LED High Mast (Solar Street Light in ) 24 watt X4 No. 7 Meter Pole Sthapna in G P Datoda Mhow District Indore,Dr. Kavita Patidar (2022-28),WS/MP103/2023-2024/113705,Solar High brid LED High Mast (Solar Street Light in ) 24 watt X4 No. 7 Meter Pole Sthapna in G P Simrol Mhow District Indore,Dr. Kavita Patidar (2022-28),93.3,High
Madhya Pradesh,Sitting Rajya Sabha,Normal/Others,WS/MP103/2023-2024/113704,Solar High brid LED High Mast (Solar Street Light in ) 24 watt X4 No. 7 Meter Pole Sthapna in G P Bhatkhedi Mhow District Indore,Dr. Kavita Patidar (2022-28),WS/MP103/2023-2024/113705,Solar High brid LED High Mast (Solar Street Light in ) 24 watt X4 No. 7 Meter Pole Sthapna in G P Simrol Mhow District Indore,Dr. Kavita Patidar (2022-28),92.6,High
Madhya Pradesh,Sitting Rajya Sabha,Normal/Others,WS/MP18362/2024-2025/145752,CC road and drain construction Ward No. 1 Agency Municipal Council Mandsaur,Shri Banshilal Gurjar (2024-30),WS/MP18362/2024-2025/145749,CC road and drain construction Ward No. 37 Agency Municipal Council Mandsaur,Shri Banshilal Gurjar (2024-30),94.8,High
Madhya Pradesh,Sitting Rajya Sabha,Normal/Others,WS/MP18362/2024-2025/145764,CC road construction Ward No. 4 Agency Municipal Council Mandsaur,Shri Banshilal Gurjar (2024-30),WS/MP18362/2024-2025/145766,CC road construction Ward No. 5 Agency Municipal Council Mandsaur,Shri Banshilal Gurjar (2024-30),99.1,Extremely High
Madhya Pradesh,Sitting Rajya Sabha,Normal/Others,WS/MP107/2024-2025/158595,"Installation of a submersible pump with a tank at a public site near Mangal Singh's house in village Nagla Behar of Gram Panchayat Mewli Kalan, Development Block Fatehabad",Smt. Sumitra Balmik (2022-28),WS/MP107/2024-2025/158596,"Installation of a submersible pump with a tank at a public site near Thana Singh's house in village Nagla Behar of Gram Panchayat Mewli Kalan, Development Block Fatehabad",Smt. Sumitra Balmik (2022-28),95.1,Very High
Madhya Pradesh,Sitting Rajya Sabha,Normal/Others,WS/MP107/2024-2025/158597,"Installation of a submersible pump with a tank at a public site near Jagdish Singh's house in village Nagla Behar of Gram Panchayat Mewli Kalan, Development Block Fatehabad",Smt. Sumitra Balmik (2022-28),WS/MP107/2024-2025/158595,"Installation of a submersible pump with a tank at a public site near Mangal Singh's house in village Nagla Behar of Gram Panchayat Mewli Kalan, Development Block Fatehabad",Smt. Sumitra Balmik (2022-28),94.4,High
Madhya Pradesh,Sitting Rajya Sabha,Normal/Others,WS/MP107/2024-2025/158597,"Installation of a submersible pump with a tank at a public site near Jagdish Singh's house in village Nagla Behar of Gram Panchayat Mewli Kalan, Development Block Fatehabad",Smt. Sumitra Balmik (2022-28),WS/MP107/2024-2025/158596,"Installation of a submersible pump with a tank at a public site near Thana Singh's house in village Nagla Behar of Gram Panchayat Mewli Kalan, Development Block Fatehabad",Smt. Sumitra Balmik (2022-28),94.2,High
Madhya Pradesh,Sitting Rajya Sabha,Normal/Others,WS/MP106/2024-2025/166539,"Ek Borewell Khanan, Ward No.21, Veena Nagar, M Sector, House no. 56 wali Gali ke pas, Indore (Mention in letter no. 3907 at column no. 1)",Shri Vivek K. Tankha (2022-28),WS/MP106/2024-2025/166540,"Ek Borewell Khanan, Ward No.21, Veena Nagar, M Sector, House no. 66 wali Gali ke pas, Indore (Mention in letter no. 3907 at column no. 2)",Shri Vivek K. Tankha (2022-28),95.2,Very High
Madhya Pradesh,Sitting Rajya Sabha,Normal/Others,WS/MP103/2024-2025/176723,Providing GI Water tanker Capacity 5500 Liter Tyre 900X16 in GP Silotia JP MHOW District Indore,Dr. Kavita Patidar (2022-28),WS/MP103/2024-2025/176721,Providing GI Water tanker Capacity 5500 Liter Tyre 900X16 in GP Sitapat JP MHOW District Indore,Dr. Kavita Patidar (2022-28),92.8,High
Madhya Pradesh,Sitting Rajya Sabha,Normal/Others,WS/MP103/2024-2025/176797,Providing GI Water Tanker Capacity 550 Liter Tyre 900X16 in GP Bercha jP Shajapur District Shajapur,Dr. Kavita Patidar (2022-28),WS/MP103/2024-2025/176798,Providing GI Water Tanker Capacity 550 Liter Tyre 900X16 in GP Dedla JP Shajapur District Shajapur,Dr. Kavita Patidar (2022-28),92.2,High
Madhya Pradesh,Sitting Rajya Sabha,Normal/Others,WS/MP103/2024-2025/176798,Providing GI Water Tanker Capacity 550 Liter Tyre 900X16 in GP Dedla JP Shajapur District Shajapur,Dr. Kavita Patidar (2022-28),WS/MP103/2024-2025/176803,Providing GI Water Tanker Capacity 550 Liter Tyre 900X16 in GP Molta JP Shajapur District Shajapur,Dr. Kavita Patidar (2022-28),92.4,High
Madhya Pradesh,Sitting Rajya Sabha,Normal/Others,WS/MP103/2024-2025/176798,Providing GI Water Tanker Capacity 550 Liter Tyre 900X16 in GP Dedla JP Shajapur District Shajapur,Dr. Kavita Patidar (2022-28),WS/MP103/2024-2025/176804,Providing GI Water Tanker Capacity 550 Liter Tyre 900X16 in GP Mewasa JP Shajapur District Shajapur,Dr. Kavita Patidar (2022-28),92.2,High
Madhya Pradesh,Sitting Rajya Sabha,Normal/Others,WS/MP103/2024-2025/176804,Providing GI Water Tanker Capacity 550 Liter Tyre 900X16 in GP Mewasa JP Shajapur District Shajapur,Dr. Kavita Patidar (2022-28),WS/MP103/2024-2025/176803,Providing GI Water Tanker Capacity 550 Liter Tyre 900X16 in GP Molta JP Shajapur District Shajapur,Dr. Kavita Patidar (2022-28),92.2,High
Madhya Pradesh,Sitting Rajya Sabha,Normal/Others,WS/MP103/2024-2025/176805,Providing GI Water Tanker Capacity 550 Liter Tyre 900X16 in Gp Burlay JP Mohan Badodiya District Shajapur,Dr. Kavita Patidar (2022-28),WS/MP103/2024-2025/176806,Providing GI Water Tanker Capacity 550 Liter Tyre 900X16 in Gp Dupada JP Mohan Badodiya District Shajapur,Dr. Kavita Patidar (2022-28),92.7,High
Madhya Pradesh,Sitting Rajya Sabha,Normal/Others,WS/MP103/2025-2026/176843,Installation of Open Fixed gareden Gym Equipment in GP Bhiltalwada JP Nalchha District Dhar,Dr. Kavita Patidar (2022-28),WS/MP103/2025-2026/176842,Installation of Open Fixed gareden Gym Equipment in GP Talwada JP Nalchha District Dhar,Dr. Kavita Patidar (2022-28),92.0,High
Madhya Pradesh,Sitting Rajya Sabha,Normal/Others,WS/MP103/2025-2026/178085,Providing water tanker Capacity 5500 Liter Tyre 900X16 in GP Kanardi JP Tarana District Ujjain,Dr. Kavita Patidar (2022-28),WS/MP103/2025-2026/178084,Providing water tanker Capacity 5500 Liter Tyre 900X16 in GP Nanded JP Tarana District Ujjain,Dr. Kavita Patidar (2022-28),92.0,High
Madhya Pradesh,Sitting Rajya Sabha,Normal/Others,WS/MP103/2025-2026/178084,Providing water tanker Capacity 5500 Liter Tyre 900X16 in GP Nanded JP Tarana District Ujjain,Dr. Kavita Patidar (2022-28),WS/MP103/2025-2026/178086,Providing water tanker Capacity 5500 Liter Tyre 900X16 in GP Noganwa JP Tarana District Ujjain,Dr. Kavita Patidar (2022-28),92.0,High
Madhya Pradesh,Sitting Rajya Sabha,Normal/Others,WS/MP103/2026-2027/182732,Providing GI Water tanker Capacity 5500 Liter Tyre 900X16 in Gram Panchayat Anakheda JP Dindori District Dindori,Dr. Kavita Patidar (2022-28),WS/MP103/2026-2027/182733,Providing GI Water tanker Capacity 5500 Liter Tyre 900X16 in Gram Panchayat Kasaisoda JP Dindori District Dindori,Dr. Kavita Patidar (2022-28),92.3,High
Madhya Pradesh,Sitting Rajya Sabha,Normal/Others,WS/MP103/2026-2027/182733,Providing GI Water tanker Capacity 5500 Liter Tyre 900X16 in Gram Panchayat Kasaisoda JP Dindori District Dindori,Dr. Kavita Patidar (2022-28),WS/MP103/2026-2027/182734,Providing GI Water tanker Capacity 5500 Liter Tyre 900X16 in Gram Panchayat Khamhariya JP Dindori District Dindori,Dr. Kavita Patidar (2022-28),92.3,High
Madhya Pradesh,Sitting Rajya Sabha,Normal/Others,WS/MP103/2025-2026/182778,Providing water tanker Capacity 5500 Liter tyre 900X16 in GP Karoda JP Badnawar District Dhar,Dr. Kavita Patidar (2022-28),WS/MP103/2025-2026/182779,Providing water tanker Capacity 5500 Liter tyre 900X16 in GP Nagda JP Badnawar District Dhar,Dr. Kavita Patidar (2022-28),92.7,High
Madhya Pradesh,Sitting Rajya Sabha,Normal/Others,WS/MP106/2025-2026/206972,"1 nag Water Tanker 5000 liter Chhamta may 9.00X16 number ke naye tyre tube sahit, Gram Panchayat Harduwa Kalan, Janpad Panchayat Majholi hetu, District Jabalpur (Mention in letter no.4071 at Column no.1)",Shri Vivek K. Tankha (2022-28),WS/MP106/2025-2026/206973,"1 nag Water Tanker 5000 liter Chhamta may 9.00X16 number ke naye tyre tube sahit, Gram Panchayat Lakhanpur, Janpad Panchayat Majholi hetu, District Jabalpur (Mention in letter no.4071 at Column no.2)",Shri Vivek K. Tankha (2022-28),93.4,High
Madhya Pradesh,Sitting Rajya Sabha,Normal/Others,WS/MP103/2025-2026/258016,construction of Crematoriums structures on cremation ground (Shamshan Ghat) in gram Kesarbardi JP Mhow District Indore,Dr. Kavita Patidar (2022-28),WS/MP103/2025-2026/258023,construction of Crematoriums structures on cremation ground (Shamshan Ghat) in gram Khurdi JP Mhow District Indore,Dr. Kavita Patidar (2022-28),92.2,High
Madhya Pradesh,Sitting Rajya Sabha,Normal/Others,WS/MP103/2025-2026/258022,construction of Crematoriums structures on cremation ground (Shamshan Ghat) in gram Chhapriya JP Mhow District Indore,Dr. Kavita Patidar (2022-28),WS/MP103/2025-2026/258017,construction of Crematoriums structures on cremation ground (Shamshan Ghat) in gram Panjariya JP Mhow District Indore,Dr. Kavita Patidar (2022-28),92.2,High
Madhya Pradesh,Sitting Rajya Sabha,Normal/Others,WS/MP103/2025-2026/258022,construction of Crematoriums structures on cremation ground (Shamshan Ghat) in gram Chhapriya JP Mhow District Indore,Dr. Kavita Patidar (2022-28),WS/MP103/2025-2026/258018,construction of Crematoriums structures on cremation ground (Shamshan Ghat) in gram Choral JP Mhow District Indore,Dr. Kavita Patidar (2022-28),92.4,High
Madhya Pradesh,Sitting Rajya Sabha,Normal/Others,WS/MP103/2025-2026/258018,construction of Crematoriums structures on cremation ground (Shamshan Ghat) in gram Choral JP Mhow District Indore,Dr. Kavita Patidar (2022-28),WS/MP103/2025-2026/258023,construction of Crematoriums structures on cremation ground (Shamshan Ghat) in gram Khurdi JP Mhow District Indore,Dr. Kavita Patidar (2022-28),92.1,High
Madhya Pradesh,Sitting Rajya Sabha,Normal/Others,WS/MP106/2026-2027/276519,"Ek nag Water Tanker 5500 Liter Capacity 900X16 number ke naye Tyre Tube sahit, Gram Panchayat Kusli (Rasuiya), Janpad Panchayat Patan, Jabalpur hetu",Shri Vivek K. Tankha (2022-28),WS/MP106/2026-2027/276517,"Ek nag Water Tanker 5500 Liter Capacity 900X16 number ke naye Tyre Tube sahit, Gram Panchayat Sakra, Janpad Panchayat Patan, Jabalpur hetu",Shri Vivek K. Tankha (2022-28),92.2,High
Jharkhand,Sitting Rajya Sabha,Normal/Others,WS/MP007/2023-2024/45783,"Boring , Construction of Platform , Installation of Water Tank , Submersible Pump etc in WARD No. – 27 Srinagar Road No. 5 Near Anish House",Smt. Mahua Maji (2022-28),WS/MP007/2023-2024/45782,"Boring , Construction of Platform , Installation of Water Tank , Submersible Pump etc in WARD No. – 27 Srinagar Road No. 5 Near Sanoj House",Smt. Mahua Maji (2022-28),93.6,High
Jharkhand,Sitting Rajya Sabha,Normal/Others,WS/MP007/2024-2025/133420,"Boring , Construction of Platform , Installation of Water Tank , Submersible Pump etc in front of Dinesh Rai House Shiv mandir Dwarkapuri road No.8 under ward No 46 under Ranchi urban area",Smt. Mahua Maji (2022-28),WS/MP007/2024-2025/133421,"Boring , Construction of Platform , Installation of Water Tank , Submersible Pump etc in front of Shiv house Shiv mandir Dwarkapuri road No.8 under ward No 46 under Ranchi urban area",Smt. Mahua Maji (2022-28),95.0,Very High
Jharkhand,Sitting Rajya Sabha,Normal/Others,WS/MP18385/2025-2026/246989,"Installation of an electric powered high mast light near Mobins house in village Karodih, Fuljori Panchayat, Gandey Block.",Dr. Sarfraz Ahmad (2024-30),WS/MP18385/2025-2026/246990,"Installation of an electric powered high mast light near Mukhtars house in village Karodih, Fuljori Panchayat, Gandey Block.",Dr. Sarfraz Ahmad (2024-30),92.2,High
Jharkhand,Sitting Rajya Sabha,Normal/Others,WS/MP18385/2025-2026/247014,Installation of an electric powered high mast light near Maheshmunda Khan turn in Madhwadih village of Bengabad block.,Dr. Sarfraz Ahmad (2024-30),WS/MP18385/2025-2026/247015,Installation of an electric powered high mast light near Maheshmunda Station turn in Madhwadih village of Bengabad block.,Dr. Sarfraz Ahmad (2024-30),92.5,High
Jharkhand,Sitting Rajya Sabha,Normal/Others,WS/MP18385/2025-2026/261462,"Installation of electrically operated high-mast lights in Gajgunda Panchayat, Phuljharia Main Road, Gandey Block.",Dr. Sarfraz Ahmad (2024-30),WS/MP18385/2025-2026/261461,"Installation of electrically operated high-mast lights in Phuljharia Panchayat, Phuljharia Main Road, Gandey Block.",Dr. Sarfraz Ahmad (2024-30),92.9,High
Jharkhand,Sitting Rajya Sabha,Normal/Others,WS/MP18385/2026-2027/278829,"Installation of an electrically operated high-mast light near the Mod or chowk in Jhabdatad village, Harila Panchayat, under Bengabad Block.",Dr. Sarfraz Ahmad (2024-30),WS/MP18385/2026-2027/278828,"Installation of an electrically operated high-mast light near the Mod or chowk in Naitand village, Harila Panchayat, under Bengabad Block.",Dr. Sarfraz Ahmad (2024-30),93.5,High
Tamil Nadu,Sitting Rajya Sabha,Normal/Others,WS/MP015/2023-2024/11760,"Providing Bituminous Macadam Road at Fifth Street in Annai Velu City, Veerapandi Village, Madurai District.(2022-2023)",Shri R. Dharmar (2022-28),WS/MP015/2023-2024/11755,"Providing Bituminous Macadam Road at First Street in Annai Velu City, Veerapandi Village,Madurai District.(2022-2023)",Shri R. Dharmar (2022-28),93.6,High
Tamil Nadu,Sitting Rajya Sabha,Normal/Others,WS/MP015/2023-2024/11755,"Providing Bituminous Macadam Road at First Street in Annai Velu City, Veerapandi Village,Madurai District.(2022-2023)",Shri R. Dharmar (2022-28),WS/MP015/2023-2024/11759,"Providing Bituminous Macadam Road at Fourth Street in Annai Velu City, Veerapandi Village, Madurai District.(2022-2023)",Shri R. Dharmar (2022-28),93.4,High
Tamil Nadu,Sitting Rajya Sabha,Normal/Others,WS/MP015/2023-2024/11755,"Providing Bituminous Macadam Road at First Street in Annai Velu City, Veerapandi Village,Madurai District.(2022-2023)",Shri R. Dharmar (2022-28),WS/MP015/2023-2024/11758,"Providing Bituminous Macadam Road at Third Street in Annai Velu City, Veerapandi Village, Madurai District.(2022-2023)",Shri R. Dharmar (2022-28),93.1,High
Tamil Nadu,Sitting Rajya Sabha,Normal/Others,WS/MP015/2023-2024/11761,"Providing Bituminous Macadam Road at Cross Street in Annai Velu City, Veerapandi Village, Madurai District.(2022-2023)",Shri R. Dharmar (2022-28),WS/MP015/2023-2024/11755,"Providing Bituminous Macadam Road at First Street in Annai Velu City, Veerapandi Village,Madurai District.(2022-2023)",Shri R. Dharmar (2022-28),93.1,High
Tamil Nadu,Sitting Rajya Sabha,Normal/Others,WS/MP015/2023-2024/11755,"Providing Bituminous Macadam Road at First Street in Annai Velu City, Veerapandi Village,Madurai District.(2022-2023)",Shri R. Dharmar (2022-28),WS/MP015/2023-2024/11757,"Providing Bituminous Macadam Road at Second Street in Annai Velu City, Veerapandi Village, Madurai District.(2022-2023)",Shri R. Dharmar (2022-28),92.3,High
Tamil Nadu,Sitting Rajya Sabha,Normal/Others,WS/MP015/2023-2024/11761,"Providing Bituminous Macadam Road at Cross Street in Annai Velu City, Veerapandi Village, Madurai District.(2022-2023)",Shri R. Dharmar (2022-28),WS/MP015/2023-2024/11757,"Providing Bituminous Macadam Road at Second Street in Annai Velu City, Veerapandi Village, Madurai District.(2022-2023)",Shri R. Dharmar (2022-28),92.8,High
Tamil Nadu,Sitting Rajya Sabha,Normal/Others,WS/MP015/2023-2024/11757,"Providing Bituminous Macadam Road at Second Street in Annai Velu City, Veerapandi Village, Madurai District.(2022-2023)",Shri R. Dharmar (2022-28),WS/MP015/2023-2024/11758,"Providing Bituminous Macadam Road at Third Street in Annai Velu City, Veerapandi Village, Madurai District.(2022-2023)",Shri R. Dharmar (2022-28),92.3,High
Tamil Nadu,Sitting Rajya Sabha,Normal/Others,WS/MP015/2023-2024/11759,"Providing Bituminous Macadam Road at Fourth Street in Annai Velu City, Veerapandi Village, Madurai District.(2022-2023)",Shri R. Dharmar (2022-28),WS/MP015/2023-2024/11757,"Providing Bituminous Macadam Road at Second Street in Annai Velu City, Veerapandi Village, Madurai District.(2022-2023)",Shri R. Dharmar (2022-28),92.1,High
Tamil Nadu,Sitting Rajya Sabha,Normal/Others,WS/MP015/2023-2024/11760,"Providing Bituminous Macadam Road at Fifth Street in Annai Velu City, Veerapandi Village, Madurai District.(2022-2023)",Shri R. Dharmar (2022-28),WS/MP015/2023-2024/11758,"Providing Bituminous Macadam Road at Third Street in Annai Velu City, Veerapandi Village, Madurai District.(2022-2023)",Shri R. Dharmar (2022-28),93.1,High
Tamil Nadu,Sitting Rajya Sabha,Normal/Others,WS/MP015/2023-2024/11759,"Providing Bituminous Macadam Road at Fourth Street in Annai Velu City, Veerapandi Village, Madurai District.(2022-2023)",Shri R. Dharmar (2022-28),WS/MP015/2023-2024/11758,"Providing Bituminous Macadam Road at Third Street in Annai Velu City, Veerapandi Village, Madurai District.(2022-2023)",Shri R. Dharmar (2022-28),92.8,High
Tamil Nadu,Sitting Rajya Sabha,Normal/Others,WS/MP015/2023-2024/11761,"Providing Bituminous Macadam Road at Cross Street in Annai Velu City, Veerapandi Village, Madurai District.(2022-2023)",Shri R. Dharmar (2022-28),WS/MP015/2023-2024/11758,"Providing Bituminous Macadam Road at Third Street in Annai Velu City, Veerapandi Village, Madurai District.(2022-2023)",Shri R. Dharmar (2022-28),92.6,High
Tamil Nadu,Sitting Rajya Sabha,Normal/Others,WS/MP015/2023-2024/11760,"Providing Bituminous Macadam Road at Fifth Street in Annai Velu City, Veerapandi Village, Madurai District.(2022-2023)",Shri R. Dharmar (2022-28),WS/MP015/2023-2024/11759,"Providing Bituminous Macadam Road at Fourth Street in Annai Velu City, Veerapandi Village, Madurai District.(2022-2023)",Shri R. Dharmar (2022-28),93.4,High
Tamil Nadu,Sitting Rajya Sabha,Normal/Others,WS/MP015/2023-2024/11761,"Providing Bituminous Macadam Road at Cross Street in Annai Velu City, Veerapandi Village, Madurai District.(2022-2023)",Shri R. Dharmar (2022-28),WS/MP015/2023-2024/11759,"Providing Bituminous Macadam Road at Fourth Street in Annai Velu City, Veerapandi Village, Madurai District.(2022-2023)",Shri R. Dharmar (2022-28),92.3,High
Tamil Nadu,Sitting Rajya Sabha,Normal/Others,WS/MP015/2023-2024/11761,"Providing Bituminous Macadam Road at Cross Street in Annai Velu City, Veerapandi Village, Madurai District.(2022-2023)",Shri R. Dharmar (2022-28),WS/MP015/2023-2024/11760,"Providing Bituminous Macadam Road at Fifth Street in Annai Velu City, Veerapandi Village, Madurai District.(2022-2023)",Shri R. Dharmar (2022-28),92.0,High
Tamil Nadu,Sitting Rajya Sabha,Normal/Others,WS/MP015/2023-2024/11862,"Providing Bituminous Mecadam road at Golden city Main Road East Side in Chettikulam Village,Madurai District(2022-2023)",Shri R. Dharmar (2022-28),WS/MP015/2023-2024/11871,"Providing Bituminous Mecadam Road at Golden City Main Road West Side in Chettikulam village, Madurai District.(2022-2023)",Shri R. Dharmar (2022-28),94.2,High
Tamil Nadu,Sitting Rajya Sabha,Normal/Others,WS/MP015/2023-2024/11870,"Providing Bituminous Mecadam Road at First Street North Side in Golden City, Chettikulam village, Madurai District.(2022-2023)",Shri R. Dharmar (2022-28),WS/MP015/2023-2024/11863,"Providing Bituminous Mecadam road at First street south side in Golden city , Chettikulam Village,Madurai District(2022-2023)",Shri R. Dharmar (2022-28),94.0,High
Tamil Nadu,Sitting Rajya Sabha,Normal/Others,WS/MP015/2023-2024/11869,"Providing Bituminous Mecadam Road at Ayyanar City Main Road North side in Chettikulam village, Madurai District.(2022-2023)",Shri R. Dharmar (2022-28),WS/MP015/2023-2024/11867,"Providing Bituminous Mecadam road at Ayyanar city Main Road south side in Chettikulam Village,Madurai District (2022-2023)",Shri R. Dharmar (2022-28),93.7,High
Tamil Nadu,Sitting Rajya Sabha,Normal/Others,WS/MP015/2023-2024/11872,"Providing Bituminous Macadam Road at First street side in Kailash Nagar,veerapandi village,Madurai District. (SC Area) (2022-2023)",Shri R. Dharmar (2022-28),WS/MP015/2023-2024/11876,"Providing Bituminous Macadam Road at First street west side in Kailash Nagar,Veerapandi village,Madurai District. (SC Area) (2022-2023)",Shri R. Dharmar (2022-28),96.5,Very High
Tamil Nadu,Sitting Rajya Sabha,Normal/Others,WS/MP015/2023-2024/11874,"Providing Bituminous Macadam Road at Cross street in Kailash Nagar,Veerapandi village,Madurai District. (SC Area) (2022-2023)",Shri R. Dharmar (2022-28),WS/MP015/2023-2024/11873,"Providing Bituminous Macadam Road at Second street in Kailash Nagar,Veerapandi village,Madurai District. (SC Area) (2022-2023)",Shri R. Dharmar (2022-28),93.3,High
Tamil Nadu,Sitting Rajya Sabha,Normal/Others,WS/MP015/2023-2024/11875,"Providing Bituminous Macadam Road at Third street East side in Kailash Nagar,Veerapandi village,Madurai District. (SC Area) (2022-2023)",Shri R. Dharmar (2022-28),WS/MP015/2023-2024/11877,"Providing Bituminous Macadam Road at Third street West side in Kailash Nagar,Veerapandi village,Madurai District. (SC Area)(2022-2023)",Shri R. Dharmar (2022-28),95.1,Very High
Tamil Nadu,Sitting Rajya Sabha,Normal/Others,WS/MP015/2023-2024/11876,"Providing Bituminous Macadam Road at First street west side in Kailash Nagar,Veerapandi village,Madurai District. (SC Area) (2022-2023)",Shri R. Dharmar (2022-28),WS/MP015/2023-2024/11877,"Providing Bituminous Macadam Road at Third street West side in Kailash Nagar,Veerapandi village,Madurai District. (SC Area)(2022-2023)",Shri R. Dharmar (2022-28),94.2,High
Tamil Nadu,Sitting Rajya Sabha,Normal/Others,WS/MP015/2023-2024/11878,"Providing Bituminous Macadam Road at Thavasipudhur Main Road East Side in Karuvanur village, Madurai District. (SC Area) (2022-2023)",Shri R. Dharmar (2022-28),WS/MP015/2023-2024/11880,"Providing Bituminous Macadam Road at Thavasipudhur Main Road West Side in Karuvanur village, Madurai District. (SC Area)(2022-2023)",Shri R. Dharmar (2022-28),94.5,High
Tamil Nadu,Sitting Rajya Sabha,Normal/Others,WS/MP015/2023-2024/11881,"Providing Bituminous Macadam Road at First street North Side in Annai Velu Nagar, Karuvanur village, Madurai District. (SC Area)(2022-2023)",Shri R. Dharmar (2022-28),WS/MP015/2023-2024/11879,"Providing Bituminous Macadam Road at First street South Side in Annai Velu Nagar, Karuvanur village, Madurai District. (SC Area) (2022-2023)",Shri R. Dharmar (2022-28),94.9,High
Tamil Nadu,Sitting Rajya Sabha,Normal/Others,WS/MP015/2023-2024/11904,Construction of Flood Retaining wall of near by Pandarakulam Madai in Madathoor Village at Alankulam Taluk. Tenkasi District. (2022-2023),Shri R. Dharmar (2022-28),WS/MP015/2023-2024/11903,Construction of Flood Retaining wall of near by Pandarakulam Marukal in Madathoor Village at Alankulam Taluk. Tenkasi District. (2022-2023),Shri R. Dharmar (2022-28),93.7,High
Tamil Nadu,Sitting Rajya Sabha,Normal/Others,WS/MP015/2023-2024/37911,"Providing B.T Road at L.S.6500M to 6800M.in Thottiyankulam Channel Bund at Andipatti Vilakku in Alankulam.(Tk),(SC Area)-2023-24",Shri R. Dharmar (2022-28),WS/MP015/2023-2024/37912,"Providing B.T Road at L.S.6800M to 7100M.in Thottiyankulam Channel Bund at Andipatti Vilakku in Alankulam.(Tk),(SC Area)-2023-24",Shri R. Dharmar (2022-28),93.2,High
Tamil Nadu,Sitting Rajya Sabha,Normal/Others,WS/MP015/2023-2024/38245,"Providing Bituminous Macadam road at Kamarajar 1st Street East side in V.T.Mani Nagar,K.Vellakulam Village,Kallikudi,Madurai (Dt).2023-24",Shri R. Dharmar (2022-28),WS/MP015/2023-2024/38250,"Providing Bituminous Macadam road at Kamarajar 1st Street West side in V.T.Mani Nagar,K.Vellakulam Village,Kallikudi,Madurai (Dt).2023-24",Shri R. Dharmar (2022-28),95.1,Very High
Tamil Nadu,Sitting Rajya Sabha,Normal/Others,WS/MP015/2023-2024/38246,"Providing Bituminous Macadam road at Raja Veethi North side in V.T.Mani Nagar,K.Vellakulam Village,Kallikudi,Madurai (Dt).2023-24",Shri R. Dharmar (2022-28),WS/MP015/2023-2024/38254,"Providing Bituminous Macadam road at Raja Veethi South side in V.T.Mani Nagar,K.Vellakulam Village,Kallikudi,Madurai (Dt).2023-24",Shri R. Dharmar (2022-28),94.3,High
Tamil Nadu,Sitting Rajya Sabha,Normal/Others,WS/MP015/2023-2024/38247,"Providing Bituminous Macadam road at Abdulkalam Street East side in V.T.Mani Nagar,K.Vellakulam Village,Kallikudi,Madurai (Dt).2023-24",Shri R. Dharmar (2022-28),WS/MP015/2023-2024/38253,"Providing Bituminous Macadam road at Abdulkalam Street West side in V.T.Mani Nagar,K.Vellakulam Village,Kallikudi,Madurai (Dt).2023-24",Shri R. Dharmar (2022-28),94.8,High
Tamil Nadu,Sitting Rajya Sabha,Normal/Others,WS/MP015/2023-2024/38248,"Providing Bituminous Macadam road at V.T.Mani Nagar main road East side in V.T.Mani Nagar,K.Vellakulam Village,Kallikudi,Madurai (Dt).2023-24",Shri R. Dharmar (2022-28),WS/MP015/2023-2024/38252,"Providing Bituminous Macadam road at V.T.Mani Nagar Main road West side in V.T.Mani Nagar,K.Vellakulam Village,Kallikudi,Madurai (Dt).2023-24",Shri R. Dharmar (2022-28),94.6,High
Tamil Nadu,Sitting Rajya Sabha,Normal/Others,WS/MP015/2023-2024/38310,"Providing Bituminous Macadam road at Krishan Nathi Street North side in Maharaja Nagar,Viraganur,Madurai (SC Area) (Dt).2023-2024",Shri R. Dharmar (2022-28),WS/MP015/2023-2024/38305,"Providing Bituminous Macadam road at Krishan Nathi Street South side in Maharaja Nagar,Viraganur,Madurai (SC Area) (Dt).2023-2024",Shri R. Dharmar (2022-28),94.6,High
Tamil Nadu,Sitting Rajya Sabha,Normal/Others,WS/MP015/2023-2024/38305,"Providing Bituminous Macadam road at Krishan Nathi Street South side in Maharaja Nagar,Viraganur,Madurai (SC Area) (Dt).2023-2024",Shri R. Dharmar (2022-28),WS/MP015/2023-2024/38307,"Providing Bituminous Macadam road at Vaigai Nathi Street South side in Maharaja Nagar,Viraganur,Madurai (SC Area) (Dt).2023-2024",Shri R. Dharmar (2022-28),93.4,High
Tamil Nadu,Sitting Rajya Sabha,Normal/Others,WS/MP015/2023-2024/38306,"Providing Bituminous Macadam road at Bankers Colony Street East side in Maharaja Nagar,Viraganur,Madurai (SC Area) (Dt).2023-2024",Shri R. Dharmar (2022-28),WS/MP015/2023-2024/38311,"Providing Bituminous Macadam road at Bankers Colony Street West side in Maharaja Nagar,Viraganur,Madurai (SC Area) (Dt).2023-2024",Shri R. Dharmar (2022-28),95.1,Very High
Tamil Nadu,Sitting Rajya Sabha,Normal/Others,WS/MP015/2023-2024/38312,"Providing Bituminous Macadam road at Vaigai Nathi Street North side in Maharaja Nagar,Viraganur,Madurai (SC Area) (Dt).2023-2024",Shri R. Dharmar (2022-28),WS/MP015/2023-2024/38307,"Providing Bituminous Macadam road at Vaigai Nathi Street South side in Maharaja Nagar,Viraganur,Madurai (SC Area) (Dt).2023-2024",Shri R. Dharmar (2022-28),94.6,High
Tamil Nadu,Sitting Rajya Sabha,Normal/Others,WS/MP015/2023-2024/38308,"Providing Bituminous Macadam road at Fifth Street North side in Maharaja Nagar,Viraganur,Madurai (SC Area) (Dt).2023-2024",Shri R. Dharmar (2022-28),WS/MP015/2023-2024/38313,"Providing Bituminous Macadam road at Fifth Street South side in Maharaja Nagar,Viraganur,Madurai (SC Area) (Dt).2023-2024",Shri R. Dharmar (2022-28),94.3,High
Tamil Nadu,Sitting Rajya Sabha,Normal/Others,WS/MP015/2023-2024/38308,"Providing Bituminous Macadam road at Fifth Street North side in Maharaja Nagar,Viraganur,Madurai (SC Area) (Dt).2023-2024",Shri R. Dharmar (2022-28),WS/MP015/2023-2024/38309,"Providing Bituminous Macadam road at Fourth Street North side in Maharaja Nagar,Viraganur,Madurai (SC Area) (Dt).2023-2024",Shri R. Dharmar (2022-28),94.0,High
Tamil Nadu,Sitting Rajya Sabha,Normal/Others,WS/MP015/2023-2024/38309,"Providing Bituminous Macadam road at Fourth Street North side in Maharaja Nagar,Viraganur,Madurai (SC Area) (Dt).2023-2024",Shri R. Dharmar (2022-28),WS/MP015/2023-2024/38314,"Providing Bituminous Macadam road at Fourth Street South side in Maharaja Nagar,Viraganur,Madurai (SC Area) (Dt).2023-2024",Shri R. Dharmar (2022-28),94.3,High
Tamil Nadu,Sitting Rajya Sabha,Normal/Others,WS/MP015/2023-2024/38310,"Providing Bituminous Macadam road at Krishan Nathi Street North side in Maharaja Nagar,Viraganur,Madurai (SC Area) (Dt).2023-2024",Shri R. Dharmar (2022-28),WS/MP015/2023-2024/38312,"Providing Bituminous Macadam road at Vaigai Nathi Street North side in Maharaja Nagar,Viraganur,Madurai (SC Area) (Dt).2023-2024",Shri R. Dharmar (2022-28),93.4,High
Tamil Nadu,Sitting Rajya Sabha,Normal/Others,WS/MP015/2023-2024/38313,"Providing Bituminous Macadam road at Fifth Street South side in Maharaja Nagar,Viraganur,Madurai (SC Area) (Dt).2023-2024",Shri R. Dharmar (2022-28),WS/MP015/2023-2024/38314,"Providing Bituminous Macadam road at Fourth Street South side in Maharaja Nagar,Viraganur,Madurai (SC Area) (Dt).2023-2024",Shri R. Dharmar (2022-28),94.0,High
Tamil Nadu,Sitting Rajya Sabha,Normal/Others,WS/MP015/2023-2024/38373,"Providing Bituminous Macadam road at Andal Street East Side in Venkatachalapathy Nagar,Thuvariman,Madurai.2023-24",Shri R. Dharmar (2022-28),WS/MP015/2023-2024/38375,"Providing Bituminous Macadam road at Andal Street West Side in Venkatachalapathy Nagar,Thuvariman,Madurai.2023-24",Shri R. Dharmar (2022-28),93.8,High
Tamil Nadu,Sitting Rajya Sabha,Normal/Others,WS/MP015/2023-2024/38376,"Providing Bituminous Macadam road at Cross Street in Srinivasan Street in Venkatachalapathy Nagar,Thuvariman,Madurai.2023-24",Shri R. Dharmar (2022-28),WS/MP015/2023-2024/38374,"Providing Bituminous Macadam road at Srinivasan Street in Venkatachalapathy Nagar,Thuvariman,Madurai.2023-24",Shri R. Dharmar (2022-28),92.5,High
Tamil Nadu,Sitting Rajya Sabha,Normal/Others,WS/MP162/2023-2024/65690,"Provinding Bituminous Macadam Road at main road east side in Sope Nagar, Thiruppalai, Madurai District (Word No.7)",Shri S. Kalyanasundaram (2022-28),WS/MP162/2023-2024/68248,"Provinding Bituminous Macadam Road at Main road West Side in Sope Nagar, Thiruppalai, Madurai District (Word No.7)",Shri S. Kalyanasundaram (2022-28),94.1,High
Tamil Nadu,Sitting Rajya Sabha,Normal/Others,WS/MP162/2023-2024/68238,"Provinding Bituminous Macadam Road at main road east side in Thirumala Town Ship, Thiruppalai. Madurai District (Word No.7)",Shri S. Kalyanasundaram (2022-28),WS/MP162/2023-2024/68253,"Provinding Bituminous Macadam Road at Main road West Side in Thirumala Town Ship, Thiruppalai, Madurai District (Word No.7)",Shri S. Kalyanasundaram (2022-28),94.5,High
Tamil Nadu,Sitting Rajya Sabha,Normal/Others,WS/MP162/2023-2024/68273,"Provinding Bituminous Macadam Road at Kamatchi Amman Kovil Veethi North Side in K.P. Yenthal, Andarkottaram Village, Madurai District.",Shri S. Kalyanasundaram (2022-28),WS/MP162/2023-2024/68293,"Provinding Bituminous Macadam Road at Kamatchi Amman Kovil Veethi South Side in K.P. Yenthal, Andarkottaram Village, Madurai District.",Shri S. Kalyanasundaram (2022-28),94.1,High
Tamil Nadu,Sitting Rajya Sabha,Normal/Others,WS/MP162/2023-2024/68287,"Provinding Bituminous Macadam Road at East 1st Street in Angayarkanni Nagar, K.P. Yenthal, Andarkottaram Village, Madurai District.",Shri S. Kalyanasundaram (2022-28),WS/MP162/2023-2024/68280,"Provinding Bituminous Macadam Road at West 1st Street in Angayarkanni Nagar, K.P. Yenthal, Andarkottaram Village, Madurai District.",Shri S. Kalyanasundaram (2022-28),94.2,High
Tamil Nadu,Sitting Rajya Sabha,Normal/Others,WS/MP162/2023-2024/68280,"Provinding Bituminous Macadam Road at West 1st Street in Angayarkanni Nagar, K.P. Yenthal, Andarkottaram Village, Madurai District.",Shri S. Kalyanasundaram (2022-28),WS/MP162/2023-2024/68282,"Provinding Bituminous Macadam Road at West 2nd Street in Angayarkanni Nagar, K.P. Yenthal, Andarkottaram Village, Madurai District.",Shri S. Kalyanasundaram (2022-28),93.2,High
Tamil Nadu,Sitting Rajya Sabha,Normal/Others,WS/MP162/2023-2024/68280,"Provinding Bituminous Macadam Road at West 1st Street in Angayarkanni Nagar, K.P. Yenthal, Andarkottaram Village, Madurai District.",Shri S. Kalyanasundaram (2022-28),WS/MP162/2023-2024/68284,"Provinding Bituminous Macadam Road at West 3rd Street in Angayarkanni Nagar, K.P. Yenthal, Andarkottaram Village, Madurai District.",Shri S. Kalyanasundaram (2022-28),93.2,High
Tamil Nadu,Sitting Rajya Sabha,Normal/Others,WS/MP162/2023-2024/68282,"Provinding Bituminous Macadam Road at West 2nd Street in Angayarkanni Nagar, K.P. Yenthal, Andarkottaram Village, Madurai District.",Shri S. Kalyanasundaram (2022-28),WS/MP162/2023-2024/68284,"Provinding Bituminous Macadam Road at West 3rd Street in Angayarkanni Nagar, K.P. Yenthal, Andarkottaram Village, Madurai District.",Shri S. Kalyanasundaram (2022-28),93.7,High
Tamil Nadu,Sitting Rajya Sabha,Normal/Others,WS/MP163/2023-2024/70332,"Providing Bituminous Macadam Road at 1st street East Side in Sri Jeya Villas Garden, Kadakkinaru,, Madurai District.",Shri R. Girirajan (2022-28),WS/MP163/2023-2024/70337,"Providing Bituminous Macadam Road at 1st street West Side in Sri Jeya Villas Garden, Kadakkinaru,, Madurai District.",Shri R. Girirajan (2022-28),94.1,High
Tamil Nadu,Sitting Rajya Sabha,Normal/Others,WS/MP163/2023-2024/70332,"Providing Bituminous Macadam Road at 1st street East Side in Sri Jeya Villas Garden, Kadakkinaru,, Madurai District.",Shri R. Girirajan (2022-28),WS/MP163/2023-2024/70335,"Providing Bituminous Macadam Road at 4th street East Side in Sri Jeya Villas Garden, Kadakkinaru,, Madurai District.",Shri R. Girirajan (2022-28),93.6,High
Tamil Nadu,Sitting Rajya Sabha,Normal/Others,WS/MP163/2023-2024/70332,"Providing Bituminous Macadam Road at 1st street East Side in Sri Jeya Villas Garden, Kadakkinaru,, Madurai District.",Shri R. Girirajan (2022-28),WS/MP163/2023-2024/70342,"Providing Bituminous Macadam Road at 5th street East Side in Sri Jeya Villas Garden, Kadakkinaru,, Madurai District.",Shri R. Girirajan (2022-28),93.6,High
Tamil Nadu,Sitting Rajya Sabha,Normal/Others,WS/MP163/2023-2024/70343,"Providing Bituminous Macadam Road at 1st cross street East Side in Sri Jeya Villas Garden, Kadakkinaru,, Madurai District.",Shri R. Girirajan (2022-28),WS/MP163/2023-2024/70332,"Providing Bituminous Macadam Road at 1st street East Side in Sri Jeya Villas Garden, Kadakkinaru,, Madurai District.",Shri R. Girirajan (2022-28),95.8,Very High
Tamil Nadu,Sitting Rajya Sabha,Normal/Others,WS/MP163/2023-2024/70332,"Providing Bituminous Macadam Road at 1st street East Side in Sri Jeya Villas Garden, Kadakkinaru,, Madurai District.",Shri R. Girirajan (2022-28),WS/MP163/2023-2024/70345,"Providing Bituminous Macadam Road at cross street East Side in Sri Jeya Villas Garden, Kadakkinaru,, Madurai District.",Shri R. Girirajan (2022-28),93.1,High
Tamil Nadu,Sitting Rajya Sabha,Normal/Others,WS/MP163/2023-2024/70332,"Providing Bituminous Macadam Road at 1st street East Side in Sri Jeya Villas Garden, Kadakkinaru,, Madurai District.",Shri R. Girirajan (2022-28),WS/MP163/2023-2024/70333,"Providing Bituminous Macadam Road at 2nd street East Side in Sri Jeya Villas Garden, Kadakkinaru,, Madurai District.",Shri R. Girirajan (2022-28),93.1,High
Tamil Nadu,Sitting Rajya Sabha,Normal/Others,WS/MP163/2023-2024/70332,"Providing Bituminous Macadam Road at 1st street East Side in Sri Jeya Villas Garden, Kadakkinaru,, Madurai District.",Shri R. Girirajan (2022-28),WS/MP163/2023-2024/70334,"Providing Bituminous Macadam Road at 3rd street East Side in Sri Jeya Villas Garden, Kadakkinaru,, Madurai District.",Shri R. Girirajan (2022-28),93.1,High
Tamil Nadu,Sitting Rajya Sabha,Normal/Others,WS/MP163/2023-2024/70333,"Providing Bituminous Macadam Road at 2nd street East Side in Sri Jeya Villas Garden, Kadakkinaru,, Madurai District.",Shri R. Girirajan (2022-28),WS/MP163/2023-2024/70341,"Providing Bituminous Macadam Road at 2nd street West Side in Sri Jeya Villas Garden, Kadakkinaru,, Madurai District.",Shri R. Girirajan (2022-28),94.1,High
Tamil Nadu,Sitting Rajya Sabha,Normal/Others,WS/MP163/2023-2024/70333,"Providing Bituminous Macadam Road at 2nd street East Side in Sri Jeya Villas Garden, Kadakkinaru,, Madurai District.",Shri R. Girirajan (2022-28),WS/MP163/2023-2024/70334,"Providing Bituminous Macadam Road at 3rd street East Side in Sri Jeya Villas Garden, Kadakkinaru,, Madurai District.",Shri R. Girirajan (2022-28),93.6,High
Tamil Nadu,Sitting Rajya Sabha,Normal/Others,WS/MP163/2023-2024/70344,"Providing Bituminous Macadam Road at 2nd cross street East Side in Sri Jeya Villas Garden, Kadakkinaru,, Madurai District.",Shri R. Girirajan (2022-28),WS/MP163/2023-2024/70333,"Providing Bituminous Macadam Road at 2nd street East Side in Sri Jeya Villas Garden, Kadakkinaru,, Madurai District.",Shri R. Girirajan (2022-28),95.8,Very High
Tamil Nadu,Sitting Rajya Sabha,Normal/Others,WS/MP163/2023-2024/70333,"Providing Bituminous Macadam Road at 2nd street East Side in Sri Jeya Villas Garden, Kadakkinaru,, Madurai District.",Shri R. Girirajan (2022-28),WS/MP163/2023-2024/70335,"Providing Bituminous Macadam Road at 4th street East Side in Sri Jeya Villas Garden, Kadakkinaru,, Madurai District.",Shri R. Girirajan (2022-28),93.1,High
Tamil Nadu,Sitting Rajya Sabha,Normal/Others,WS/MP163/2023-2024/70333,"Providing Bituminous Macadam Road at 2nd street East Side in Sri Jeya Villas Garden, Kadakkinaru,, Madurai District.",Shri R. Girirajan (2022-28),WS/MP163/2023-2024/70342,"Providing Bituminous Macadam Road at 5th street East Side in Sri Jeya Villas Garden, Kadakkinaru,, Madurai District.",Shri R. Girirajan (2022-28),93.1,High
Tamil Nadu,Sitting Rajya Sabha,Normal/Others,WS/MP163/2023-2024/70333,"Providing Bituminous Macadam Road at 2nd street East Side in Sri Jeya Villas Garden, Kadakkinaru,, Madurai District.",Shri R. Girirajan (2022-28),WS/MP163/2023-2024/70345,"Providing Bituminous Macadam Road at cross street East Side in Sri Jeya Villas Garden, Kadakkinaru,, Madurai District.",Shri R. Girirajan (2022-28),92.5,High
Tamil Nadu,Sitting Rajya Sabha,Normal/Others,WS/MP163/2023-2024/70334,"Providing Bituminous Macadam Road at 3rd street East Side in Sri Jeya Villas Garden, Kadakkinaru,, Madurai District.",Shri R. Girirajan (2022-28),WS/MP163/2023-2024/70340,"Providing Bituminous Macadam Road at 3rd street West Side in Sri Jeya Villas Garden, Kadakkinaru,, Madurai District.",Shri R. Girirajan (2022-28),94.1,High
Tamil Nadu,Sitting Rajya Sabha,Normal/Others,WS/MP163/2023-2024/70334,"Providing Bituminous Macadam Road at 3rd street East Side in Sri Jeya Villas Garden, Kadakkinaru,, Madurai District.",Shri R. Girirajan (2022-28),WS/MP163/2023-2024/70345,"Providing Bituminous Macadam Road at cross street East Side in Sri Jeya Villas Garden, Kadakkinaru,, Madurai District.",Shri R. Girirajan (2022-28),93.1,High
Tamil Nadu,Sitting Rajya Sabha,Normal/Others,WS/MP163/2023-2024/70334,"Providing Bituminous Macadam Road at 3rd street East Side in Sri Jeya Villas Garden, Kadakkinaru,, Madurai District.",Shri R. Girirajan (2022-28),WS/MP163/2023-2024/70335,"Providing Bituminous Macadam Road at 4th street East Side in Sri Jeya Villas Garden, Kadakkinaru,, Madurai District.",Shri R. Girirajan (2022-28),93.1,High
Tamil Nadu,Sitting Rajya Sabha,Normal/Others,WS/MP163/2023-2024/70334,"Providing Bituminous Macadam Road at 3rd street East Side in Sri Jeya Villas Garden, Kadakkinaru,, Madurai District.",Shri R. Girirajan (2022-28),WS/MP163/2023-2024/70342,"Providing Bituminous Macadam Road at 5th street East Side in Sri Jeya Villas Garden, Kadakkinaru,, Madurai District.",Shri R. Girirajan (2022-28),93.1,High
Tamil Nadu,Sitting Rajya Sabha,Normal/Others,WS/MP163/2023-2024/70335,"Providing Bituminous Macadam Road at 4th street East Side in Sri Jeya Villas Garden, Kadakkinaru,, Madurai District.",Shri R. Girirajan (2022-28),WS/MP163/2023-2024/70339,"Providing Bituminous Macadam Road at 4th street West Side in Sri Jeya Villas Garden, Kadakkinaru,, Madurai District.",Shri R. Girirajan (2022-28),94.1,High
Tamil Nadu,Sitting Rajya Sabha,Normal/Others,WS/MP163/2023-2024/70335,"Providing Bituminous Macadam Road at 4th street East Side in Sri Jeya Villas Garden, Kadakkinaru,, Madurai District.",Shri R. Girirajan (2022-28),WS/MP163/2023-2024/70342,"Providing Bituminous Macadam Road at 5th street East Side in Sri Jeya Villas Garden, Kadakkinaru,, Madurai District.",Shri R. Girirajan (2022-28),94.1,High
Tamil Nadu,Sitting Rajya Sabha,Normal/Others,WS/MP163/2023-2024/70335,"Providing Bituminous Macadam Road at 4th street East Side in Sri Jeya Villas Garden, Kadakkinaru,, Madurai District.",Shri R. Girirajan (2022-28),WS/MP163/2023-2024/70345,"Providing Bituminous Macadam Road at cross street East Side in Sri Jeya Villas Garden, Kadakkinaru,, Madurai District.",Shri R. Girirajan (2022-28),92.5,High
Tamil Nadu,Sitting Rajya Sabha,Normal/Others,WS/MP163/2023-2024/70336,"Providing Bituminous Macadam Road at Main Road East Side in Sri Jeya Villas Garden, Kadakkinaru,, Madurai District., Madurai.",Shri R. Girirajan (2022-28),WS/MP163/2023-2024/70338,"Providing Bituminous Macadam Road at Main Road West Side in Sri Jeya Villas Garden, Kadakkinaru,, Madurai District., Madurai.",Shri R. Girirajan (2022-28),93.8,High
Tamil Nadu,Sitting Rajya Sabha,Normal/Others,WS/MP163/2023-2024/70337,"Providing Bituminous Macadam Road at 1st street West Side in Sri Jeya Villas Garden, Kadakkinaru,, Madurai District.",Shri R. Girirajan (2022-28),WS/MP163/2023-2024/70339,"Providing Bituminous Macadam Road at 4th street West Side in Sri Jeya Villas Garden, Kadakkinaru,, Madurai District.",Shri R. Girirajan (2022-28),93.6,High
Tamil Nadu,Sitting Rajya Sabha,Normal/Others,WS/MP163/2023-2024/70337,"Providing Bituminous Macadam Road at 1st street West Side in Sri Jeya Villas Garden, Kadakkinaru,, Madurai District.",Shri R. Girirajan (2022-28),WS/MP163/2023-2024/70347,"Providing Bituminous Macadam Road at 5th street West Side in Sri Jeya Villas Garden, Kadakkinaru, Madurai District.",Shri R. Girirajan (2022-28),93.6,High
Tamil Nadu,Sitting Rajya Sabha,Normal/Others,WS/MP163/2023-2024/70348,"Providing Bituminous Macadam Road at 1st cross street West Side in Sri Jeya Villas Garden, Kadakkinaru,, Madurai District.",Shri R. Girirajan (2022-28),WS/MP163/2023-2024/70337,"Providing Bituminous Macadam Road at 1st street West Side in Sri Jeya Villas Garden, Kadakkinaru,, Madurai District.",Shri R. Girirajan (2022-28),95.8,Very High
Tamil Nadu,Sitting Rajya Sabha,Normal/Others,WS/MP163/2023-2024/70337,"Providing Bituminous Macadam Road at 1st street West Side in Sri Jeya Villas Garden, Kadakkinaru,, Madurai District.",Shri R. Girirajan (2022-28),WS/MP163/2023-2024/70340,"Providing Bituminous Macadam Road at 3rd street West Side in Sri Jeya Villas Garden, Kadakkinaru,, Madurai District.",Shri R. Girirajan (2022-28),93.1,High
Tamil Nadu,Sitting Rajya Sabha,Normal/Others,WS/MP163/2023-2024/70337,"Providing Bituminous Macadam Road at 1st street West Side in Sri Jeya Villas Garden, Kadakkinaru,, Madurai District.",Shri R. Girirajan (2022-28),WS/MP163/2023-2024/70341,"Providing Bituminous Macadam Road at 2nd street West Side in Sri Jeya Villas Garden, Kadakkinaru,, Madurai District.",Shri R. Girirajan (2022-28),93.1,High
Tamil Nadu,Sitting Rajya Sabha,Normal/Others,WS/MP163/2023-2024/70339,"Providing Bituminous Macadam Road at 4th street West Side in Sri Jeya Villas Garden, Kadakkinaru,, Madurai District.",Shri R. Girirajan (2022-28),WS/MP163/2023-2024/70347,"Providing Bituminous Macadam Road at 5th street West Side in Sri Jeya Villas Garden, Kadakkinaru, Madurai District.",Shri R. Girirajan (2022-28),94.1,High
Tamil Nadu,Sitting Rajya Sabha,Normal/Others,WS/MP163/2023-2024/70340,"Providing Bituminous Macadam Road at 3rd street West Side in Sri Jeya Villas Garden, Kadakkinaru,, Madurai District.",Shri R. Girirajan (2022-28),WS/MP163/2023-2024/70339,"Providing Bituminous Macadam Road at 4th street West Side in Sri Jeya Villas Garden, Kadakkinaru,, Madurai District.",Shri R. Girirajan (2022-28),93.1,High
Tamil Nadu,Sitting Rajya Sabha,Normal/Others,WS/MP163/2023-2024/70341,"Providing Bituminous Macadam Road at 2nd street West Side in Sri Jeya Villas Garden, Kadakkinaru,, Madurai District.",Shri R. Girirajan (2022-28),WS/MP163/2023-2024/70339,"Providing Bituminous Macadam Road at 4th street West Side in Sri Jeya Villas Garden, Kadakkinaru,, Madurai District.",Shri R. Girirajan (2022-28),93.1,High
Tamil Nadu,Sitting Rajya Sabha,Normal/Others,WS/MP163/2023-2024/70341,"Providing Bituminous Macadam Road at 2nd street West Side in Sri Jeya Villas Garden, Kadakkinaru,, Madurai District.",Shri R. Girirajan (2022-28),WS/MP163/2023-2024/70340,"Providing Bituminous Macadam Road at 3rd street West Side in Sri Jeya Villas Garden, Kadakkinaru,, Madurai District.",Shri R. Girirajan (2022-28),93.6,High
Tamil Nadu,Sitting Rajya Sabha,Normal/Others,WS/MP163/2023-2024/70340,"Providing Bituminous Macadam Road at 3rd street West Side in Sri Jeya Villas Garden, Kadakkinaru,, Madurai District.",Shri R. Girirajan (2022-28),WS/MP163/2023-2024/70347,"Providing Bituminous Macadam Road at 5th street West Side in Sri Jeya Villas Garden, Kadakkinaru, Madurai District.",Shri R. Girirajan (2022-28),93.1,High
Tamil Nadu,Sitting Rajya Sabha,Normal/Others,WS/MP163/2023-2024/70349,"Providing Bituminous Macadam Road at 2nd cross street West Side in Sri Jeya Villas Garden, Kadakkinaru,, Madurai District.",Shri R. Girirajan (2022-28),WS/MP163/2023-2024/70341,"Providing Bituminous Macadam Road at 2nd street West Side in Sri Jeya Villas Garden, Kadakkinaru,, Madurai District.",Shri R. Girirajan (2022-28),95.8,Very High
Tamil Nadu,Sitting Rajya Sabha,Normal/Others,WS/MP163/2023-2024/70341,"Providing Bituminous Macadam Road at 2nd street West Side in Sri Jeya Villas Garden, Kadakkinaru,, Madurai District.",Shri R. Girirajan (2022-28),WS/MP163/2023-2024/70347,"Providing Bituminous Macadam Road at 5th street West Side in Sri Jeya Villas Garden, Kadakkinaru, Madurai District.",Shri R. Girirajan (2022-28),93.1,High
Tamil Nadu,Sitting Rajya Sabha,Normal/Others,WS/MP163/2023-2024/70342,"Providing Bituminous Macadam Road at 5th street East Side in Sri Jeya Villas Garden, Kadakkinaru,, Madurai District.",Shri R. Girirajan (2022-28),WS/MP163/2023-2024/70347,"Providing Bituminous Macadam Road at 5th street West Side in Sri Jeya Villas Garden, Kadakkinaru, Madurai District.",Shri R. Girirajan (2022-28),94.1,High
Tamil Nadu,Sitting Rajya Sabha,Normal/Others,WS/MP163/2023-2024/70342,"Providing Bituminous Macadam Road at 5th street East Side in Sri Jeya Villas Garden, Kadakkinaru,, Madurai District.",Shri R. Girirajan (2022-28),WS/MP163/2023-2024/70345,"Providing Bituminous Macadam Road at cross street East Side in Sri Jeya Villas Garden, Kadakkinaru,, Madurai District.",Shri R. Girirajan (2022-28),92.5,High
Tamil Nadu,Sitting Rajya Sabha,Normal/Others,WS/MP163/2023-2024/70343,"Providing Bituminous Macadam Road at 1st cross street East Side in Sri Jeya Villas Garden, Kadakkinaru,, Madurai District.",Shri R. Girirajan (2022-28),WS/MP163/2023-2024/70348,"Providing Bituminous Macadam Road at 1st cross street West Side in Sri Jeya Villas Garden, Kadakkinaru,, Madurai District.",Shri R. Girirajan (2022-28),94.5,High
Tamil Nadu,Sitting Rajya Sabha,Normal/Others,WS/MP163/2023-2024/70343,"Providing Bituminous Macadam Road at 1st cross street East Side in Sri Jeya Villas Garden, Kadakkinaru,, Madurai District.",Shri R. Girirajan (2022-28),WS/MP163/2023-2024/70345,"Providing Bituminous Macadam Road at cross street East Side in Sri Jeya Villas Garden, Kadakkinaru,, Madurai District.",Shri R. Girirajan (2022-28),96.3,Very High
Tamil Nadu,Sitting Rajya Sabha,Normal/Others,WS/MP163/2023-2024/70343,"Providing Bituminous Macadam Road at 1st cross street East Side in Sri Jeya Villas Garden, Kadakkinaru,, Madurai District.",Shri R. Girirajan (2022-28),WS/MP163/2023-2024/70344,"Providing Bituminous Macadam Road at 2nd cross street East Side in Sri Jeya Villas Garden, Kadakkinaru,, Madurai District.",Shri R. Girirajan (2022-28),93.5,High
Tamil Nadu,Sitting Rajya Sabha,Normal/Others,WS/MP163/2023-2024/70344,"Providing Bituminous Macadam Road at 2nd cross street East Side in Sri Jeya Villas Garden, Kadakkinaru,, Madurai District.",Shri R. Girirajan (2022-28),WS/MP163/2023-2024/70349,"Providing Bituminous Macadam Road at 2nd cross street West Side in Sri Jeya Villas Garden, Kadakkinaru,, Madurai District.",Shri R. Girirajan (2022-28),94.5,High
Tamil Nadu,Sitting Rajya Sabha,Normal/Others,WS/MP163/2023-2024/70344,"Providing Bituminous Macadam Road at 2nd cross street East Side in Sri Jeya Villas Garden, Kadakkinaru,, Madurai District.",Shri R. Girirajan (2022-28),WS/MP163/2023-2024/70345,"Providing Bituminous Macadam Road at cross street East Side in Sri Jeya Villas Garden, Kadakkinaru,, Madurai District.",Shri R. Girirajan (2022-28),96.3,Very High
Tamil Nadu,Sitting Rajya Sabha,Normal/Others,WS/MP163/2023-2024/70348,"Providing Bituminous Macadam Road at 1st cross street West Side in Sri Jeya Villas Garden, Kadakkinaru,, Madurai District.",Shri R. Girirajan (2022-28),WS/MP163/2023-2024/70349,"Providing Bituminous Macadam Road at 2nd cross street West Side in Sri Jeya Villas Garden, Kadakkinaru,, Madurai District.",Shri R. Girirajan (2022-28),93.5,High
Tamil Nadu,Sitting Rajya Sabha,Normal/Others,WS/MP015/2024-2025/134045,"Providing Bituminous macadam road at Main Road East Side in Vallalar Nagar in Kovilpappakudi Village,Madurai District.",Shri R. Dharmar (2022-28),WS/MP015/2024-2025/134049,"Providing Bituminous macadam road at Main Road South Side in Vallalar Nagar in Kovilpappakudi Village,Madurai District.",Shri R. Dharmar (2022-28),92.6,High
Tamil Nadu,Sitting Rajya Sabha,Normal/Others,WS/MP015/2024-2025/134046,"Providing Bituminous macadam road at 3rd Street East Side in Vallalar Nagar in Kovilpappakudi Village,Madurai District.",Shri R. Dharmar (2022-28),WS/MP015/2024-2025/134050,"Providing Bituminous macadam road at 3rd Street West Side in Vallalar Nagar in Kovilpappakudi Village,Madurai District.",Shri R. Dharmar (2022-28),93.8,High
Tamil Nadu,Sitting Rajya Sabha,Normal/Others,WS/MP015/2024-2025/134048,"Providing Bituminous macadam road at Annai Therasa Street East Side in Kovilpappakudi Village,Madurai District.",Shri R. Dharmar (2022-28),WS/MP015/2024-2025/134051,"Providing Bituminous macadam road at Annai Therasa Street West Side in Kovilpappakudi Village,Madurai District.",Shri R. Dharmar (2022-28),93.3,High
Tamil Nadu,Sitting Rajya Sabha,Normal/Others,WS/MP163/2025-2026/203273,"Providing Bituminous macadam road at 1st street west side in vallalar Nagar, Kovilpappakudi Village, Madurai District.",Shri R. Girirajan (2022-28),WS/MP015/2024-2025/134050,"Providing Bituminous macadam road at 3rd Street West Side in Vallalar Nagar in Kovilpappakudi Village,Madurai District.",Shri R. Dharmar (2022-28),92.0,High
Tamil Nadu,Sitting Rajya Sabha,Normal/Others,WS/MP015/2024-2025/134055,"Providing Bituminous macadam road at Abdulkalam Street North Side in Thinamani Nagar,Kovilpappakudi Village,Madurai District.",Shri R. Dharmar (2022-28),WS/MP015/2024-2025/134060,"Providing Bituminous macadam road at Abdulkalam Street South Side in Thinamani Nagar,Kovilpappakudi Village,Madurai District.",Shri R. Dharmar (2022-28),93.3,High
Tamil Nadu,Sitting Rajya Sabha,Normal/Others,WS/MP015/2024-2025/134056,"Providing Bituminous macadam road at Vallaba Ganapathi Street East Side in Thinamani Nagar,Kovilpappakudi Village,Madurai District.",Shri R. Dharmar (2022-28),WS/MP015/2024-2025/134064,"Providing Bituminous macadam road at Vallaba Ganapathi Street West Side in Thinamani Nagar,Kovilpappakudi Village,Madurai District.",Shri R. Dharmar (2022-28),94.2,High
Tamil Nadu,Sitting Rajya Sabha,Normal/Others,WS/MP015/2024-2025/134057,"Providing Bituminous macadam road at Main Road East Side in Sriram Nagar,Kovilpappakudi Village,Madurai District.",Shri R. Dharmar (2022-28),WS/MP015/2024-2025/134061,"Providing Bituminous macadam road at Main Road West Side in Sriram Nagar,Kovilpappakudi Village,Madurai District.",Shri R. Dharmar (2022-28),93.3,High
Tamil Nadu,Sitting Rajya Sabha,Normal/Others,WS/MP015/2024-2025/134058,"Providing Bituminous macadam road at Main Road North Side in Udhayam Nagar,Kovilpappakudi Village,Madurai District.",Shri R. Dharmar (2022-28),WS/MP015/2024-2025/134063,"Providing Bituminous macadam road at Main Road South Side in Udhayam Nagar,Kovilpappakudi Village,Madurai District.",Shri R. Dharmar (2022-28),92.8,High
Tamil Nadu,Sitting Rajya Sabha,Normal/Others,WS/MP015/2024-2025/134071,"Providing Bituminous macadam road at Main Road North Side in Old Vishal Nagar,Podumbu Village,Madurai District.",Shri R. Dharmar (2022-28),WS/MP015/2024-2025/134073,"Providing Bituminous macadam road at Main Road South Side in Old Vishal Nagar,Podumbu Village,Madurai District..",Shri R. Dharmar (2022-28),93.2,High
Tamil Nadu,Sitting Rajya Sabha,Normal/Others,WS/MP015/2024-2025/134077,"Providing Bituminous macadam road at 2nd Street in Kuberan Nagar in K.Vellakulam Village, Madurai District. ( Sc Area )",Shri R. Dharmar (2022-28),WS/MP015/2024-2025/134078,"Providing Bituminous macadam road at Cross Street in Kuberan Nagar in K.Vellakulam Village, Madurai District. ( Sc Area )",Shri R. Dharmar (2022-28),92.2,High
Tamil Nadu,Sitting Rajya Sabha,Normal/Others,WS/MP015/2024-2025/134081,"Providing Bituminous macadam road at Pattalamman Kovil road North Side in Solampatti, K.Vellakulam Village, Madurai District. ( Sc Area )",Shri R. Dharmar (2022-28),WS/MP015/2024-2025/134086,"Providing Bituminous macadam road at Pattalamman Kovil road South Side in Solampatti, K.Vellakulam Village, Madurai District. ( Sc Area )",Shri R. Dharmar (2022-28),93.7,High
Tamil Nadu,Sitting Rajya Sabha,Normal/Others,WS/MP015/2024-2025/134084,"Providing Bituminous macadam road at 1st Cross Street in Surya Nagar, Kallikudi Village, Madurai District. ( Sc Area )",Shri R. Dharmar (2022-28),WS/MP015/2024-2025/134085,"Providing Bituminous macadam road at 2nd Cross Street in Surya Nagar, Kallikudi Village, Madurai District. ( Sc Area )",Shri R. Dharmar (2022-28),93.0,High
Tamil Nadu,Sitting Rajya Sabha,Normal/Others,WS/MP163/2024-2025/136091,"Providing Bituminous Macadam Road at 1st street East Side in Meenakshi Garden in Mathur Village, Madurai District.",Shri R. Girirajan (2022-28),WS/MP163/2024-2025/136097,"Providing Bituminous Macadam Road at 1st street West side in Meenakshi Garden in Mathur Village, Madurai District.",Shri R. Girirajan (2022-28),93.8,High
Tamil Nadu,Sitting Rajya Sabha,Normal/Others,WS/MP163/2024-2025/136091,"Providing Bituminous Macadam Road at 1st street East Side in Meenakshi Garden in Mathur Village, Madurai District.",Shri R. Girirajan (2022-28),WS/MP163/2024-2025/136093,"Providing Bituminous Macadam Road at 4th street East side in Meenakshi Garden in Mathur Village, Madurai District.",Shri R. Girirajan (2022-28),93.2,High
Tamil Nadu,Sitting Rajya Sabha,Normal/Others,WS/MP163/2024-2025/136092,"Providing Bituminous Macadam Road at 1st Cross street in Meenakshi Garden in Mathur Village, Madurai District.",Shri R. Girirajan (2022-28),WS/MP163/2024-2025/136098,"Providing Bituminous Macadam Road at 4th Cross street in Meenakshi Garden in Mathur Village, Madurai District.",Shri R. Girirajan (2022-28),92.7,High
Tamil Nadu,Sitting Rajya Sabha,Normal/Others,WS/MP163/2024-2025/136092,"Providing Bituminous Macadam Road at 1st Cross street in Meenakshi Garden in Mathur Village, Madurai District.",Shri R. Girirajan (2022-28),WS/MP163/2024-2025/136094,"Providing Bituminous Macadam Road at 2nd Cross street in Meenakshi Garden in Mathur Village, Madurai District.",Shri R. Girirajan (2022-28),92.2,High
Tamil Nadu,Sitting Rajya Sabha,Normal/Others,WS/MP163/2024-2025/136092,"Providing Bituminous Macadam Road at 1st Cross street in Meenakshi Garden in Mathur Village, Madurai District.",Shri R. Girirajan (2022-28),WS/MP163/2024-2025/136095,"Providing Bituminous Macadam Road at 3rd Cross street in Meenakshi Garden in Mathur Village, Madurai District.",Shri R. Girirajan (2022-28),92.2,High
Tamil Nadu,Sitting Rajya Sabha,Normal/Others,WS/MP163/2024-2025/136093,"Providing Bituminous Macadam Road at 4th street East side in Meenakshi Garden in Mathur Village, Madurai District.",Shri R. Girirajan (2022-28),WS/MP163/2024-2025/136099,"Providing Bituminous Macadam Road at 4th street West side in Meenakshi Garden in Mathur Village, Madurai District.",Shri R. Girirajan (2022-28),93.8,High
Tamil Nadu,Sitting Rajya Sabha,Normal/Others,WS/MP163/2024-2025/136094,"Providing Bituminous Macadam Road at 2nd Cross street in Meenakshi Garden in Mathur Village, Madurai District.",Shri R. Girirajan (2022-28),WS/MP163/2024-2025/136095,"Providing Bituminous Macadam Road at 3rd Cross street in Meenakshi Garden in Mathur Village, Madurai District.",Shri R. Girirajan (2022-28),92.7,High
Tamil Nadu,Sitting Rajya Sabha,Normal/Others,WS/MP163/2024-2025/136094,"Providing Bituminous Macadam Road at 2nd Cross street in Meenakshi Garden in Mathur Village, Madurai District.",Shri R. Girirajan (2022-28),WS/MP163/2024-2025/136098,"Providing Bituminous Macadam Road at 4th Cross street in Meenakshi Garden in Mathur Village, Madurai District.",Shri R. Girirajan (2022-28),92.2,High
Tamil Nadu,Sitting Rajya Sabha,Normal/Others,WS/MP163/2024-2025/136095,"Providing Bituminous Macadam Road at 3rd Cross street in Meenakshi Garden in Mathur Village, Madurai District.",Shri R. Girirajan (2022-28),WS/MP163/2024-2025/136098,"Providing Bituminous Macadam Road at 4th Cross street in Meenakshi Garden in Mathur Village, Madurai District.",Shri R. Girirajan (2022-28),92.2,High
Tamil Nadu,Sitting Rajya Sabha,Normal/Others,WS/MP163/2024-2025/136096,"Providing Bituminous Macadam Road at 9th street Extension North side in Meenakshi Garden in Mathur Village, Madurai District.",Shri R. Girirajan (2022-28),WS/MP163/2024-2025/136100,"Providing Bituminous Macadam Road at 9th street Extension South Side in Meenakshi Garden in Mathur Village, Madurai District.",Shri R. Girirajan (2022-28),93.7,High
Tamil Nadu,Sitting Rajya Sabha,Normal/Others,WS/MP163/2024-2025/136097,"Providing Bituminous Macadam Road at 1st street West side in Meenakshi Garden in Mathur Village, Madurai District.",Shri R. Girirajan (2022-28),WS/MP163/2024-2025/136099,"Providing Bituminous Macadam Road at 4th street West side in Meenakshi Garden in Mathur Village, Madurai District.",Shri R. Girirajan (2022-28),93.2,High
Tamil Nadu,Sitting Rajya Sabha,Normal/Others,WS/MP163/2024-2025/136098,"Providing Bituminous Macadam Road at 4th Cross street in Meenakshi Garden in Mathur Village, Madurai District.",Shri R. Girirajan (2022-28),WS/MP163/2024-2025/136120,"Providing Bituminous Macadam road at 5th Cross street in Meenakshi Garden, Mathur Village, Madurai District.",Shri R. Girirajan (2022-28),92.4,High
Tamil Nadu,Sitting Rajya Sabha,Normal/Others,WS/MP163/2024-2025/136098,"Providing Bituminous Macadam Road at 4th Cross street in Meenakshi Garden in Mathur Village, Madurai District.",Shri R. Girirajan (2022-28),WS/MP163/2024-2025/136121,"Providing Bituminous Macadam road at 6th Cross street in Meenakshi Garden, Mathur Village, Madurai District.",Shri R. Girirajan (2022-28),92.4,High
Tamil Nadu,Sitting Rajya Sabha,Normal/Others,WS/MP163/2024-2025/136104,"Providing Bituminous Macadam road at Main Road East Side in Nethaji Nagar, Arumbanur Village, Madurai District.",Shri R. Girirajan (2022-28),WS/MP163/2024-2025/136108,"Providing Bituminous Macadam road at Main Road West side in Nethaji Nagar, Arumbanur Village, Madurai District.",Shri R. Girirajan (2022-28),93.3,High
Tamil Nadu,Sitting Rajya Sabha,Normal/Others,WS/MP163/2024-2025/136105,"Providing Bituminous Macadam road at 2nd street in Nethaji Nagar, Arumbanur Village, Madurai District.",Shri R. Girirajan (2022-28),WS/MP163/2024-2025/136107,"Providing Bituminous Macadam road at 3rd street in Nethaji Nagar, Arumbanur Village, Madurai District.",Shri R. Girirajan (2022-28),92.1,High
Tamil Nadu,Sitting Rajya Sabha,Normal/Others,WS/MP163/2024-2025/136113,"Providing Bituminous Macadam road at Main Road East side in Tirumalai Garden, Mathur Village, Madurai District.",Shri R. Girirajan (2022-28),WS/MP163/2024-2025/136117,"Providing Bituminous Macadam road at Main Road West side in Tirumalai Garden, Mathur Village, Madurai District.",Shri R. Girirajan (2022-28),93.3,High
Tamil Nadu,Sitting Rajya Sabha,Normal/Others,WS/MP163/2024-2025/136114,"Providing Bituminous Macadam road at 1st Cross street Tirumalai Garden, Mathur Village, Madurai District.",Shri R. Girirajan (2022-28),WS/MP163/2024-2025/136115,"Providing Bituminous Macadam road at 2nd Cross street Tirumalai Garden, Mathur Village, Madurai District.",Shri R. Girirajan (2022-28),92.1,High
Tamil Nadu,Sitting Rajya Sabha,Normal/Others,WS/MP163/2024-2025/136114,"Providing Bituminous Macadam road at 1st Cross street Tirumalai Garden, Mathur Village, Madurai District.",Shri R. Girirajan (2022-28),WS/MP163/2024-2025/136116,"Providing Bituminous Macadam road at 3rd Cross street Tirumalai Garden, Mathur Village, Madurai District.",Shri R. Girirajan (2022-28),92.1,High
Tamil Nadu,Sitting Rajya Sabha,Normal/Others,WS/MP163/2024-2025/136115,"Providing Bituminous Macadam road at 2nd Cross street Tirumalai Garden, Mathur Village, Madurai District.",Shri R. Girirajan (2022-28),WS/MP163/2024-2025/136116,"Providing Bituminous Macadam road at 3rd Cross street Tirumalai Garden, Mathur Village, Madurai District.",Shri R. Girirajan (2022-28),92.7,High
Tamil Nadu,Sitting Rajya Sabha,Normal/Others,WS/MP163/2024-2025/136118,"Providing Bituminous Macadam road at 2nd Cross street in 9th street Extension in Meenakshi Garden, Mathur Village, Madurai District.",Shri R. Girirajan (2022-28),WS/MP163/2024-2025/136119,"Providing Bituminous Macadam road at 3rd Cross street in 9th street Extension in Meenakshi Garden, Mathur Village, Madurai District.",Shri R. Girirajan (2022-28),93.7,High
Tamil Nadu,Sitting Rajya Sabha,Normal/Others,WS/MP163/2024-2025/136118,"Providing Bituminous Macadam road at 2nd Cross street in 9th street Extension in Meenakshi Garden, Mathur Village, Madurai District.",Shri R. Girirajan (2022-28),WS/MP163/2024-2025/136122,"Providing Bituminous Macadam road at 4th Cross street in 9th street Extension in Meenakshi Garden, Mathur Village, Madurai District.",Shri R. Girirajan (2022-28),93.3,High
Tamil Nadu,Sitting Rajya Sabha,Normal/Others,WS/MP163/2024-2025/136119,"Providing Bituminous Macadam road at 3rd Cross street in 9th street Extension in Meenakshi Garden, Mathur Village, Madurai District.",Shri R. Girirajan (2022-28),WS/MP163/2024-2025/136122,"Providing Bituminous Macadam road at 4th Cross street in 9th street Extension in Meenakshi Garden, Mathur Village, Madurai District.",Shri R. Girirajan (2022-28),93.3,High
Tamil Nadu,Sitting Rajya Sabha,Normal/Others,WS/MP163/2024-2025/136120,"Providing Bituminous Macadam road at 5th Cross street in Meenakshi Garden, Mathur Village, Madurai District.",Shri R. Girirajan (2022-28),WS/MP163/2024-2025/136121,"Providing Bituminous Macadam road at 6th Cross street in Meenakshi Garden, Mathur Village, Madurai District.",Shri R. Girirajan (2022-28),93.3,High
Tamil Nadu,Sitting Rajya Sabha,Normal/Others,WS/MP163/2024-2025/136128,"Providing Bituminous Macadam Road at Bharathiyar 10th street North side in Karadipatti Village, Madurai District",Shri R. Girirajan (2022-28),WS/MP163/2024-2025/136132,"Providing Bituminous Macadam Road at Bharathiyar 10th street South Side in Karadipatti Village, Madurai District",Shri R. Girirajan (2022-28),92.8,High
Tamil Nadu,Sitting Rajya Sabha,Normal/Others,WS/MP163/2024-2025/136131,"Providing Bituminous Macadam Road at 2nd street in Bharathiyar Nagar, Karadipatti Village, Madurai District",Shri R. Girirajan (2022-28),WS/MP163/2024-2025/136130,"Providing Bituminous Macadam Road at 3rd street in Bharathiyar Nagar, Karadipatti Village, Madurai District",Shri R. Girirajan (2022-28),92.2,High
Tamil Nadu,Sitting Rajya Sabha,Normal/Others,WS/MP015/2024-2025/137855,"Construction of flood Production wall in Kadambankulam Tank Sluice No.1 Left side in Kadambankulam Village of Melaneelidanallur (Tk), Tenkasi District.",Shri R. Dharmar (2022-28),WS/MP015/2024-2025/137856,"Construction of flood Production wall in Kadambankulam Tank Sluice No.1 Right side in Kadambankulam Village of Melaneelidanallur (Tk), Tenkasi District.",Shri R. Dharmar (2022-28),93.2,High
Tamil Nadu,Sitting Rajya Sabha,Normal/Others,WS/MP162/2024-2025/141490,"Providing Bituminous macadam road at 1st Street in Vasantha Babu Nagar,Arumbanur Village, Madurai District.",Shri S. Kalyanasundaram (2022-28),WS/MP162/2024-2025/141873,"Providing Bituminous macadam road at Cross Street in Vasantha Babu Nagar,Arumbanur Village, Madurai District.",Shri S. Kalyanasundaram (2022-28),92.1,High
Tamil Nadu,Sitting Rajya Sabha,Normal/Others,WS/MP162/2024-2025/141490,"Providing Bituminous macadam road at 1st Street in Vasantha Babu Nagar,Arumbanur Village, Madurai District.",Shri S. Kalyanasundaram (2022-28),WS/MP162/2024-2025/141608,"Providing Bituminous macadam road at 2nd Street in Vasantha Babu Nagar,Arumbanur Village, Madurai District.",Shri S. Kalyanasundaram (2022-28),92.1,High
Tamil Nadu,Sitting Rajya Sabha,Normal/Others,WS/MP162/2024-2025/141490,"Providing Bituminous macadam road at 1st Street in Vasantha Babu Nagar,Arumbanur Village, Madurai District.",Shri S. Kalyanasundaram (2022-28),WS/MP162/2024-2025/141610,"Providing Bituminous macadam road at 3rd Street in Vasantha Babu Nagar,Arumbanur Village, Madurai District.",Shri S. Kalyanasundaram (2022-28),92.1,High
Tamil Nadu,Sitting Rajya Sabha,Normal/Others,WS/MP162/2024-2025/141608,"Providing Bituminous macadam road at 2nd Street in Vasantha Babu Nagar,Arumbanur Village, Madurai District.",Shri S. Kalyanasundaram (2022-28),WS/MP162/2024-2025/141610,"Providing Bituminous macadam road at 3rd Street in Vasantha Babu Nagar,Arumbanur Village, Madurai District.",Shri S. Kalyanasundaram (2022-28),92.7,High
Tamil Nadu,Sitting Rajya Sabha,Normal/Others,WS/MP162/2024-2025/141610,"Providing Bituminous macadam road at 3rd Street in Vasantha Babu Nagar,Arumbanur Village, Madurai District.",Shri S. Kalyanasundaram (2022-28),WS/MP162/2024-2025/141873,"Providing Bituminous macadam road at Cross Street in Vasantha Babu Nagar,Arumbanur Village, Madurai District.",Shri S. Kalyanasundaram (2022-28),92.1,High
Tamil Nadu,Sitting Rajya Sabha,Normal/Others,WS/MP162/2024-2025/141886,"Providing Bituminous macadam road at 2nd Street in Alagumalayan Nagar, Arumbanur Village, Madurai District.",Shri S. Kalyanasundaram (2022-28),WS/MP162/2024-2025/141887,"Providing Bituminous macadam road at 3rd Street in Alagumalayan Nagar, Arumbanur Village, Madurai District.",Shri S. Kalyanasundaram (2022-28),92.2,High
Tamil Nadu,Sitting Rajya Sabha,Normal/Others,WS/MP162/2024-2025/141949,"Providing Bituminous macadam road at 1st Street in Victor Nagar, Arumbanur Village, Madurai District.",Shri S. Kalyanasundaram (2022-28),WS/MP162/2024-2025/141952,"Providing Bituminous macadam road at 4th Street in Victor Nagar, Arumbanur Village, Madurai District.",Shri S. Kalyanasundaram (2022-28),92.1,High
Tamil Nadu,Sitting Rajya Sabha,Normal/Others,WS/MP162/2024-2025/141949,"Providing Bituminous macadam road at 1st Street in Victor Nagar, Arumbanur Village, Madurai District.",Shri S. Kalyanasundaram (2022-28),WS/MP162/2024-2025/141953,"Providing Bituminous macadam road at 5th Street in Victor Nagar, Arumbanur Village, Madurai District.",Shri S. Kalyanasundaram (2022-28),92.1,High
Tamil Nadu,Sitting Rajya Sabha,Normal/Others,WS/MP162/2024-2025/141950,"Providing Bituminous macadam road at 2nd Street in Victor Nagar, Arumbanur Village, Madurai District.",Shri S. Kalyanasundaram (2022-28),WS/MP162/2024-2025/141951,"Providing Bituminous macadam road at 3rd Street in Victor Nagar, Arumbanur Village, Madurai District.",Shri S. Kalyanasundaram (2022-28),92.1,High
Tamil Nadu,Sitting Rajya Sabha,Normal/Others,WS/MP162/2024-2025/141952,"Providing Bituminous macadam road at 4th Street in Victor Nagar, Arumbanur Village, Madurai District.",Shri S. Kalyanasundaram (2022-28),WS/MP162/2024-2025/141953,"Providing Bituminous macadam road at 5th Street in Victor Nagar, Arumbanur Village, Madurai District.",Shri S. Kalyanasundaram (2022-28),92.7,High
Tamil Nadu,Sitting Rajya Sabha,Normal/Others,WS/MP162/2024-2025/142651,"Providing Bituminous macadam road at TTR Mahal Road East Side in Andarkottaram Village, Madurai District.",Shri S. Kalyanasundaram (2022-28),WS/MP162/2024-2025/142679,"Providing Bituminous macadam road at TTR Mahal Road West Side in Andarkottaram Village, Madurai District.",Shri S. Kalyanasundaram (2022-28),92.8,High
Tamil Nadu,Sitting Rajya Sabha,Normal/Others,WS/MP162/2024-2025/142652,"Providing Bituminous macadam road at 1st Street North Side in Chandralekha Nagar, Andarkottaram Village, Madurai District.",Shri S. Kalyanasundaram (2022-28),WS/MP162/2024-2025/142680,"Providing Bituminous macadam road at 1st Street South Side in Chandralekha Nagar, Andarkottaram Village, Madurai District.",Shri S. Kalyanasundaram (2022-28),93.3,High
Tamil Nadu,Sitting Rajya Sabha,Normal/Others,WS/MP162/2024-2025/142652,"Providing Bituminous macadam road at 1st Street North Side in Chandralekha Nagar, Andarkottaram Village, Madurai District.",Shri S. Kalyanasundaram (2022-28),WS/MP162/2024-2025/142676,"Providing Bituminous macadam road at 2nd Street North Side in Chandralekha Nagar, Andarkottaram Village, Madurai District.",Shri S. Kalyanasundaram (2022-28),92.8,High
Tamil Nadu,Sitting Rajya Sabha,Normal/Others,WS/MP162/2024-2025/142676,"Providing Bituminous macadam road at 2nd Street North Side in Chandralekha Nagar, Andarkottaram Village, Madurai District.",Shri S. Kalyanasundaram (2022-28),WS/MP162/2024-2025/142681,"Providing Bituminous macadam road at 2nd Street South Side in Chandralekha Nagar, Andarkottaram Village, Madurai District.",Shri S. Kalyanasundaram (2022-28),93.3,High
Tamil Nadu,Sitting Rajya Sabha,Normal/Others,WS/MP162/2024-2025/142678,"Providing Bituminous macadam road at 4th Street in Kalanjyam Nagar, K.P.Yenthal,Andarkottaram Village,Madurai District.",Shri S. Kalyanasundaram (2022-28),WS/MP162/2024-2025/142682,"Providing Bituminous macadam road at 5th Street in Kalanjyam Nagar, K.P.Yenthal,Andarkottaram Village,Madurai District.",Shri S. Kalyanasundaram (2022-28),93.3,High
Tamil Nadu,Sitting Rajya Sabha,Normal/Others,WS/MP162/2024-2025/142678,"Providing Bituminous macadam road at 4th Street in Kalanjyam Nagar, K.P.Yenthal,Andarkottaram Village,Madurai District.",Shri S. Kalyanasundaram (2022-28),WS/MP162/2024-2025/142683,"Providing Bituminous macadam road at 6th Street in Kalanjyam Nagar, K.P.Yenthal,Andarkottaram Village,Madurai District.",Shri S. Kalyanasundaram (2022-28),93.3,High
Tamil Nadu,Sitting Rajya Sabha,Normal/Others,WS/MP162/2024-2025/142680,"Providing Bituminous macadam road at 1st Street South Side in Chandralekha Nagar, Andarkottaram Village, Madurai District.",Shri S. Kalyanasundaram (2022-28),WS/MP162/2024-2025/142681,"Providing Bituminous macadam road at 2nd Street South Side in Chandralekha Nagar, Andarkottaram Village, Madurai District.",Shri S. Kalyanasundaram (2022-28),92.8,High
Tamil Nadu,Sitting Rajya Sabha,Normal/Others,WS/MP162/2024-2025/142682,"Providing Bituminous macadam road at 5th Street in Kalanjyam Nagar, K.P.Yenthal,Andarkottaram Village,Madurai District.",Shri S. Kalyanasundaram (2022-28),WS/MP162/2024-2025/142683,"Providing Bituminous macadam road at 6th Street in Kalanjyam Nagar, K.P.Yenthal,Andarkottaram Village,Madurai District.",Shri S. Kalyanasundaram (2022-28),93.3,High
Tamil Nadu,Sitting Rajya Sabha,Normal/Others,WS/MP166/2024-2025/157346,Providing High Mass light (12 mts ladder type 150 watts LED - 6 Nos.) at new bus stand North side in namakkal corporation,Shri K.R.N. Rajeshkumar (2022-28),WS/MP166/2024-2025/153068,Providing High Mass light (12 mts ladder type 150 watts LED - 6 Nos.) at new bus stand west side Namakkal Corporation,Shri K.R.N. Rajeshkumar (2022-28),93.2,High
Tamil Nadu,Sitting Rajya Sabha,Normal/Others,WS/MP162/2025-2026/202584,"Providing Bituminous macadam road at Main Road East Side in Kambar Street in Dinamani Nagar, Kovilpappakudi Village, Madurai District.",Shri S. Kalyanasundaram (2022-28),WS/MP162/2025-2026/202597,"Providing Bituminous macadam road at Main Road West Side in Kambar Street in Dinamani Nagar,Kovilpappakudi Village, Madurai District.",Shri S. Kalyanasundaram (2022-28),94.2,High
Tamil Nadu,Sitting Rajya Sabha,Normal/Others,WS/MP162/2025-2026/202585,"Providing Bituminous macadam road at 1st Cross Street in Kambar Street, Dinamani Nagar,Kovilpappakudi Village, Madurai District.",Shri S. Kalyanasundaram (2022-28),WS/MP162/2025-2026/202588,"Providing Bituminous macadam road at 2nd Cross Street in Kambar Street, Dinamani Nagar,Kovilpappakudi Village, Madurai District.",Shri S. Kalyanasundaram (2022-28),92.8,High
Tamil Nadu,Sitting Rajya Sabha,Normal/Others,WS/MP162/2025-2026/202585,"Providing Bituminous macadam road at 1st Cross Street in Kambar Street, Dinamani Nagar,Kovilpappakudi Village, Madurai District.",Shri S. Kalyanasundaram (2022-28),WS/MP162/2025-2026/202590,"Providing Bituminous macadam road at 3rd Cross Street in Kambar Street, Dinamani Nagar,Kovilpappakudi Village, Madurai District.",Shri S. Kalyanasundaram (2022-28),92.8,High
Tamil Nadu,Sitting Rajya Sabha,Normal/Others,WS/MP162/2025-2026/202588,"Providing Bituminous macadam road at 2nd Cross Street in Kambar Street, Dinamani Nagar,Kovilpappakudi Village, Madurai District.",Shri S. Kalyanasundaram (2022-28),WS/MP162/2025-2026/202590,"Providing Bituminous macadam road at 3rd Cross Street in Kambar Street, Dinamani Nagar,Kovilpappakudi Village, Madurai District.",Shri S. Kalyanasundaram (2022-28),93.3,High
Tamil Nadu,Sitting Rajya Sabha,Normal/Others,WS/MP162/2025-2026/202596,"Providing Bituminous macadam road at Cross Street in North Side in Kambar Street,Dinamani Nagar,Kovilpappakudi Village, Madurai District.",Shri S. Kalyanasundaram (2022-28),WS/MP162/2025-2026/202608,"Providing Bituminous macadam road at Cross Street in South Side in Kambar Street,Dinamani Nagar,Kovilpappakudi Village, Madurai District.",Shri S. Kalyanasundaram (2022-28),93.8,High
Tamil Nadu,Sitting Rajya Sabha,Normal/Others,WS/MP162/2025-2026/202598,"Providing Bituminous macadam road at Bhagavandhas Street North Side in Dinamani Nagar,Kovilpappakudi Village, Madurai District.",Shri S. Kalyanasundaram (2022-28),WS/MP162/2025-2026/202611,"Providing Bituminous macadam road at Bhagavandhas Street South Side in Dinamani Nagar,Kovilpappakudi Village, Madurai District.",Shri S. Kalyanasundaram (2022-28),93.3,High
Tamil Nadu,Sitting Rajya Sabha,Normal/Others,WS/MP162/2025-2026/202600,"Providing Bituminous macadam road at 1st Cross Street in Sriram Nagar,Kovilpappakudi Village, Madurai District.",Shri S. Kalyanasundaram (2022-28),WS/MP162/2025-2026/202612,"Providing Bituminous macadam road at 2nd Cross Street in Sriram Nagar,Kovilpappakudi Village, Madurai District.",Shri S. Kalyanasundaram (2022-28),92.2,High
Tamil Nadu,Sitting Rajya Sabha,Normal/Others,WS/MP015/2025-2026/203158,"Providing Bituminous macadam road at Main Road East Side in AR City,Kovilpappakudi Village, Madurai District. (SC Area)",Shri R. Dharmar (2022-28),WS/MP015/2025-2026/203161,"Providing Bituminous macadam road at Main Road West Side in AR City,Kovilpappakudi Village, Madurai District. (SC Area)",Shri R. Dharmar (2022-28),94.1,High
Tamil Nadu,Sitting Rajya Sabha,Normal/Others,WS/MP015/2025-2026/203158,"Providing Bituminous macadam road at Main Road East Side in AR City,Kovilpappakudi Village, Madurai District. (SC Area)",Shri R. Dharmar (2022-28),WS/MP015/2025-2026/203168,"Providing Bituminous macadam road at Main Road South Side in AR City,Kovilpappakudi Village, Madurai District. (SC Area)",Shri R. Dharmar (2022-28),93.4,High
Tamil Nadu,Sitting Rajya Sabha,Normal/Others,WS/MP015/2025-2026/203158,"Providing Bituminous macadam road at Main Road East Side in AR City,Kovilpappakudi Village, Madurai District. (SC Area)",Shri R. Dharmar (2022-28),WS/MP015/2025-2026/203164,"Providing Bituminous macadam road at Main Road North Side in AR City,Kovilpappakudi Village, Madurai District. (SC Area)",Shri R. Dharmar (2022-28),92.8,High
Tamil Nadu,Sitting Rajya Sabha,Normal/Others,WS/MP015/2025-2026/203159,"Providing Bituminous macadam road at 1st Cross Street in AR City,Kovilpappakudi Village, Madurai District. (SC Area)",Shri R. Dharmar (2022-28),WS/MP015/2025-2026/203163,"Providing Bituminous macadam road at 4th Cross Street in AR City,Kovilpappakudi Village, Madurai District. (SC Area)",Shri R. Dharmar (2022-28),93.6,High
Tamil Nadu,Sitting Rajya Sabha,Normal/Others,WS/MP015/2025-2026/203159,"Providing Bituminous macadam road at 1st Cross Street in AR City,Kovilpappakudi Village, Madurai District. (SC Area)",Shri R. Dharmar (2022-28),WS/MP015/2025-2026/203165,"Providing Bituminous macadam road at 5th Cross Street in AR City,Kovilpappakudi Village, Madurai District. (SC Area)",Shri R. Dharmar (2022-28),93.6,High
Tamil Nadu,Sitting Rajya Sabha,Normal/Others,WS/MP015/2025-2026/203159,"Providing Bituminous macadam road at 1st Cross Street in AR City,Kovilpappakudi Village, Madurai District. (SC Area)",Shri R. Dharmar (2022-28),WS/MP015/2025-2026/203166,"Providing Bituminous macadam road at 6th Cross Street in AR City,Kovilpappakudi Village, Madurai District. (SC Area)",Shri R. Dharmar (2022-28),93.6,High
Tamil Nadu,Sitting Rajya Sabha,Normal/Others,WS/MP015/2025-2026/203159,"Providing Bituminous macadam road at 1st Cross Street in AR City,Kovilpappakudi Village, Madurai District. (SC Area)",Shri R. Dharmar (2022-28),WS/MP015/2025-2026/203160,"Providing Bituminous macadam road at 2nd Cross Street in AR City,Kovilpappakudi Village, Madurai District. (SC Area)",Shri R. Dharmar (2022-28),93.1,High
Tamil Nadu,Sitting Rajya Sabha,Normal/Others,WS/MP015/2025-2026/203159,"Providing Bituminous macadam road at 1st Cross Street in AR City,Kovilpappakudi Village, Madurai District. (SC Area)",Shri R. Dharmar (2022-28),WS/MP015/2025-2026/203162,"Providing Bituminous macadam road at 3rd Cross Street in AR City,Kovilpappakudi Village, Madurai District. (SC Area)",Shri R. Dharmar (2022-28),93.1,High
Tamil Nadu,Sitting Rajya Sabha,Normal/Others,WS/MP015/2025-2026/203159,"Providing Bituminous macadam road at 1st Cross Street in AR City,Kovilpappakudi Village, Madurai District. (SC Area)",Shri R. Dharmar (2022-28),WS/MP015/2025-2026/203167,"Providing Bituminous macadam road at Cross Street in AR City in AR City,Kovilpappakudi Village, Madurai District. (SC Area)",Shri R. Dharmar (2022-28),93.2,High
Tamil Nadu,Sitting Rajya Sabha,Normal/Others,WS/MP015/2025-2026/203160,"Providing Bituminous macadam road at 2nd Cross Street in AR City,Kovilpappakudi Village, Madurai District. (SC Area)",Shri R. Dharmar (2022-28),WS/MP015/2025-2026/203162,"Providing Bituminous macadam road at 3rd Cross Street in AR City,Kovilpappakudi Village, Madurai District. (SC Area)",Shri R. Dharmar (2022-28),93.6,High
Tamil Nadu,Sitting Rajya Sabha,Normal/Others,WS/MP015/2025-2026/203160,"Providing Bituminous macadam road at 2nd Cross Street in AR City,Kovilpappakudi Village, Madurai District. (SC Area)",Shri R. Dharmar (2022-28),WS/MP015/2025-2026/203163,"Providing Bituminous macadam road at 4th Cross Street in AR City,Kovilpappakudi Village, Madurai District. (SC Area)",Shri R. Dharmar (2022-28),93.1,High
Tamil Nadu,Sitting Rajya Sabha,Normal/Others,WS/MP015/2025-2026/203160,"Providing Bituminous macadam road at 2nd Cross Street in AR City,Kovilpappakudi Village, Madurai District. (SC Area)",Shri R. Dharmar (2022-28),WS/MP015/2025-2026/203165,"Providing Bituminous macadam road at 5th Cross Street in AR City,Kovilpappakudi Village, Madurai District. (SC Area)",Shri R. Dharmar (2022-28),93.1,High
Tamil Nadu,Sitting Rajya Sabha,Normal/Others,WS/MP015/2025-2026/203160,"Providing Bituminous macadam road at 2nd Cross Street in AR City,Kovilpappakudi Village, Madurai District. (SC Area)",Shri R. Dharmar (2022-28),WS/MP015/2025-2026/203166,"Providing Bituminous macadam road at 6th Cross Street in AR City,Kovilpappakudi Village, Madurai District. (SC Area)",Shri R. Dharmar (2022-28),93.1,High
Tamil Nadu,Sitting Rajya Sabha,Normal/Others,WS/MP015/2025-2026/203160,"Providing Bituminous macadam road at 2nd Cross Street in AR City,Kovilpappakudi Village, Madurai District. (SC Area)",Shri R. Dharmar (2022-28),WS/MP015/2025-2026/203167,"Providing Bituminous macadam road at Cross Street in AR City in AR City,Kovilpappakudi Village, Madurai District. (SC Area)",Shri R. Dharmar (2022-28),93.2,High
Tamil Nadu,Sitting Rajya Sabha,Normal/Others,WS/MP015/2025-2026/203168,"Providing Bituminous macadam road at Main Road South Side in AR City,Kovilpappakudi Village, Madurai District. (SC Area)",Shri R. Dharmar (2022-28),WS/MP015/2025-2026/203161,"Providing Bituminous macadam road at Main Road West Side in AR City,Kovilpappakudi Village, Madurai District. (SC Area)",Shri R. Dharmar (2022-28),93.4,High
Tamil Nadu,Sitting Rajya Sabha,Normal/Others,WS/MP015/2025-2026/203164,"Providing Bituminous macadam road at Main Road North Side in AR City,Kovilpappakudi Village, Madurai District. (SC Area)",Shri R. Dharmar (2022-28),WS/MP015/2025-2026/203161,"Providing Bituminous macadam road at Main Road West Side in AR City,Kovilpappakudi Village, Madurai District. (SC Area)",Shri R. Dharmar (2022-28),92.8,High
Tamil Nadu,Sitting Rajya Sabha,Normal/Others,WS/MP015/2025-2026/203162,"Providing Bituminous macadam road at 3rd Cross Street in AR City,Kovilpappakudi Village, Madurai District. (SC Area)",Shri R. Dharmar (2022-28),WS/MP015/2025-2026/203163,"Providing Bituminous macadam road at 4th Cross Street in AR City,Kovilpappakudi Village, Madurai District. (SC Area)",Shri R. Dharmar (2022-28),93.1,High
Tamil Nadu,Sitting Rajya Sabha,Normal/Others,WS/MP015/2025-2026/203162,"Providing Bituminous macadam road at 3rd Cross Street in AR City,Kovilpappakudi Village, Madurai District. (SC Area)",Shri R. Dharmar (2022-28),WS/MP015/2025-2026/203165,"Providing Bituminous macadam road at 5th Cross Street in AR City,Kovilpappakudi Village, Madurai District. (SC Area)",Shri R. Dharmar (2022-28),93.1,High
Tamil Nadu,Sitting Rajya Sabha,Normal/Others,WS/MP015/2025-2026/203162,"Providing Bituminous macadam road at 3rd Cross Street in AR City,Kovilpappakudi Village, Madurai District. (SC Area)",Shri R. Dharmar (2022-28),WS/MP015/2025-2026/203166,"Providing Bituminous macadam road at 6th Cross Street in AR City,Kovilpappakudi Village, Madurai District. (SC Area)",Shri R. Dharmar (2022-28),93.1,High
Tamil Nadu,Sitting Rajya Sabha,Normal/Others,WS/MP015/2025-2026/203162,"Providing Bituminous macadam road at 3rd Cross Street in AR City,Kovilpappakudi Village, Madurai District. (SC Area)",Shri R. Dharmar (2022-28),WS/MP015/2025-2026/203167,"Providing Bituminous macadam road at Cross Street in AR City in AR City,Kovilpappakudi Village, Madurai District. (SC Area)",Shri R. Dharmar (2022-28),93.2,High
Tamil Nadu,Sitting Rajya Sabha,Normal/Others,WS/MP015/2025-2026/203163,"Providing Bituminous macadam road at 4th Cross Street in AR City,Kovilpappakudi Village, Madurai District. (SC Area)",Shri R. Dharmar (2022-28),WS/MP015/2025-2026/203165,"Providing Bituminous macadam road at 5th Cross Street in AR City,Kovilpappakudi Village, Madurai District. (SC Area)",Shri R. Dharmar (2022-28),94.1,High
Tamil Nadu,Sitting Rajya Sabha,Normal/Others,WS/MP015/2025-2026/203163,"Providing Bituminous macadam road at 4th Cross Street in AR City,Kovilpappakudi Village, Madurai District. (SC Area)",Shri R. Dharmar (2022-28),WS/MP015/2025-2026/203166,"Providing Bituminous macadam road at 6th Cross Street in AR City,Kovilpappakudi Village, Madurai District. (SC Area)",Shri R. Dharmar (2022-28),94.1,High
Tamil Nadu,Sitting Rajya Sabha,Normal/Others,WS/MP015/2025-2026/203163,"Providing Bituminous macadam road at 4th Cross Street in AR City,Kovilpappakudi Village, Madurai District. (SC Area)",Shri R. Dharmar (2022-28),WS/MP015/2025-2026/203167,"Providing Bituminous macadam road at Cross Street in AR City in AR City,Kovilpappakudi Village, Madurai District. (SC Area)",Shri R. Dharmar (2022-28),93.2,High
Tamil Nadu,Sitting Rajya Sabha,Normal/Others,WS/MP015/2025-2026/203164,"Providing Bituminous macadam road at Main Road North Side in AR City,Kovilpappakudi Village, Madurai District. (SC Area)",Shri R. Dharmar (2022-28),WS/MP015/2025-2026/203168,"Providing Bituminous macadam road at Main Road South Side in AR City,Kovilpappakudi Village, Madurai District. (SC Area)",Shri R. Dharmar (2022-28),93.6,High
Tamil Nadu,Sitting Rajya Sabha,Normal/Others,WS/MP015/2025-2026/203165,"Providing Bituminous macadam road at 5th Cross Street in AR City,Kovilpappakudi Village, Madurai District. (SC Area)",Shri R. Dharmar (2022-28),WS/MP015/2025-2026/203166,"Providing Bituminous macadam road at 6th Cross Street in AR City,Kovilpappakudi Village, Madurai District. (SC Area)",Shri R. Dharmar (2022-28),94.1,High
Tamil Nadu,Sitting Rajya Sabha,Normal/Others,WS/MP015/2025-2026/203165,"Providing Bituminous macadam road at 5th Cross Street in AR City,Kovilpappakudi Village, Madurai District. (SC Area)",Shri R. Dharmar (2022-28),WS/MP015/2025-2026/203167,"Providing Bituminous macadam road at Cross Street in AR City in AR City,Kovilpappakudi Village, Madurai District. (SC Area)",Shri R. Dharmar (2022-28),93.2,High
Tamil Nadu,Sitting Rajya Sabha,Normal/Others,WS/MP015/2025-2026/203166,"Providing Bituminous macadam road at 6th Cross Street in AR City,Kovilpappakudi Village, Madurai District. (SC Area)",Shri R. Dharmar (2022-28),WS/MP015/2025-2026/203167,"Providing Bituminous macadam road at Cross Street in AR City in AR City,Kovilpappakudi Village, Madurai District. (SC Area)",Shri R. Dharmar (2022-28),93.2,High
Tamil Nadu,Sitting Rajya Sabha,Normal/Others,WS/MP163/2025-2026/203211,"Providing Bituminous macadam road at 1st street East side in friends Colony, Kovilpappakudi Village, MaduraiDistrict.",Shri R. Girirajan (2022-28),WS/MP163/2025-2026/203242,"Providing Bituminous macadam road at 2nd street East side in friends Colony, Kovilpappakudi Village, MaduraiDistrict.",Shri R. Girirajan (2022-28),92.3,High
Tamil Nadu,Sitting Rajya Sabha,Normal/Others,WS/MP163/2025-2026/203243,"Providing Bituminous macadam road at 3rd street East side in friends Colony, Kovilpappakudi Village, Madurai District.",Shri R. Girirajan (2022-28),WS/MP163/2025-2026/203247,"Providing Bituminous macadam road at 3rd street West side in friends Colony, Kovilpappakudi Village, Madurai District.",Shri R. Girirajan (2022-28),93.8,High
Tamil Nadu,Sitting Rajya Sabha,Normal/Others,WS/MP163/2025-2026/203245,"Providing Bituminous macadam road at 1st street West side in friends Colony, Kovilpappakudi Village, Madurai District.",Shri R. Girirajan (2022-28),WS/MP163/2025-2026/203246,"Providing Bituminous macadam road at 2nd street West side in friends Colony, Kovilpappakudi Village, Madurai District.",Shri R. Girirajan (2022-28),92.7,High
Tamil Nadu,Sitting Rajya Sabha,Normal/Others,WS/MP163/2025-2026/203245,"Providing Bituminous macadam road at 1st street West side in friends Colony, Kovilpappakudi Village, Madurai District.",Shri R. Girirajan (2022-28),WS/MP163/2025-2026/203247,"Providing Bituminous macadam road at 3rd street West side in friends Colony, Kovilpappakudi Village, Madurai District.",Shri R. Girirajan (2022-28),92.7,High
Tamil Nadu,Sitting Rajya Sabha,Normal/Others,WS/MP163/2025-2026/203246,"Providing Bituminous macadam road at 2nd street West side in friends Colony, Kovilpappakudi Village, Madurai District.",Shri R. Girirajan (2022-28),WS/MP163/2025-2026/203247,"Providing Bituminous macadam road at 3rd street West side in friends Colony, Kovilpappakudi Village, Madurai District.",Shri R. Girirajan (2022-28),93.2,High
Tamil Nadu,Sitting Rajya Sabha,Normal/Others,WS/MP163/2025-2026/203251,"Providing Bituminous macadam road at Ulagamadha Kovil Road North side in Annai Teresa Nagar, Kovilpappakudi Village, Madurai District.",Shri R. Girirajan (2022-28),WS/MP163/2025-2026/203275,"Providing Bituminous macadam road at Ulagamadha Kovil Road South side in Annai Teresa Nagar, Kovilpappakudi Village, Madurai District.",Shri R. Girirajan (2022-28),93.8,High
Tamil Nadu,Sitting Rajya Sabha,Normal/Others,WS/MP163/2025-2026/203272,"Providing Bituminous macadam road at 1st cross street in Ulagamadha Kovil Road Annai Teresa Nagar, Kovilpappakudi Village, Madurai District.",Shri R. Girirajan (2022-28),WS/MP163/2025-2026/203274,"Providing Bituminous macadam road at2nd cross street in Ulagamadha Kovil Road Annai Teresa Nagar, Kovilpappakudi Village, Madurai District.",Shri R. Girirajan (2022-28),93.5,High
Tamil Nadu,Sitting Rajya Sabha,Normal/Others,WS/MP163/2025-2026/203307,"Providing Bituminous macadam road at main road North side in Backiyalakshmi Nagar, Kovilpappakudi Village, MaduraiDistrict.",Shri R. Girirajan (2022-28),WS/MP163/2025-2026/203311,"Providing Bituminous macadam road at Main Road south side in Backiyalakshmi Nagar, Kovilpappakudi Village, MaduraiDistrict.",Shri R. Girirajan (2022-28),92.3,High
Tamil Nadu,Sitting Rajya Sabha,Normal/Others,WS/MP015/2025-2026/207654,"Providing Bituminous macadam road at Suriya Gandhi Street East Side in Kovilpappakudi Village, Madurai District.",Shri R. Dharmar (2022-28),WS/MP015/2025-2026/207659,"Providing Bituminous macadam road at Suriya Gandhi Street West Side in Kovilpappakudi Village, Madurai District.",Shri R. Dharmar (2022-28),93.3,High
Tamil Nadu,Sitting Rajya Sabha,Normal/Others,WS/MP015/2025-2026/207655,"Providing Bituminous macadam road at Kurinji Street East Side in Kovilpappakudi Village, Madurai District.",Shri R. Dharmar (2022-28),WS/MP015/2025-2026/207660,"Providing Bituminous macadam road at Kurinji Street West Side in Kovilpappakudi Village, Madurai District.",Shri R. Dharmar (2022-28),92.8,High
Tamil Nadu,Sitting Rajya Sabha,Normal/Others,WS/MP015/2025-2026/207656,"Providing Bituminous macadam road at Mahilamboo Street East Side in Kovilpappakudi Village, Madurai District.",Shri R. Dharmar (2022-28),WS/MP015/2025-2026/207661,"Providing Bituminous macadam road at Mahilamboo Street West Side in Kovilpappakudi Village, Madurai District.",Shri R. Dharmar (2022-28),92.8,High
Tamil Nadu,Sitting Rajya Sabha,Normal/Others,WS/MP015/2025-2026/207657,"Providing Bituminous macadam road at Sembaruthi Cross Street East Side in Kovilpappakudi Village, Madurai District.",Shri R. Dharmar (2022-28),WS/MP015/2025-2026/207662,"Providing Bituminous macadam road at Sembaruthi Cross Street West Side in Kovilpappakudi Village, Madurai District.",Shri R. Dharmar (2022-28),93.3,High
Tamil Nadu,Sitting Rajya Sabha,Normal/Others,WS/MP015/2025-2026/207658,"Providing Bituminous macadam road at Marutham Main Street East Side in Kovilpappakudi Village, Madurai District.",Shri R. Dharmar (2022-28),WS/MP015/2025-2026/207663,"Providing Bituminous macadam road at Marutham Main Street West Side in Kovilpappakudi Village, Madurai District.",Shri R. Dharmar (2022-28),93.3,High
Tamil Nadu,Sitting Rajya Sabha,Normal/Others,WS/MP163/2025-2026/231568,"Providing Bituminous macadam road at Main Road East Side in Chendur Nagar, Podhumbu,Madurai District.",Shri R. Girirajan (2022-28),WS/MP163/2025-2026/231571,"Providing Bituminous macadam road at Main Road West Side in Chendur Nagar, Podhumbu,Madurai District.",Shri R. Girirajan (2022-28),92.7,High
Tamil Nadu,Sitting Rajya Sabha,Normal/Others,WS/MP163/2025-2026/231576,"Providing Bituminous macadam road at 1st Street East Side in Sai Baba Nagar,Podhumbu,Madurai District.",Shri R. Girirajan (2022-28),WS/MP163/2025-2026/231579,"Providing Bituminous macadam road at 1st Street West Side in Sai Baba Nagar,Podhumbu,Madurai District.",Shri R. Girirajan (2022-28),93.7,High
Tamil Nadu,Sitting Rajya Sabha,Normal/Others,WS/MP163/2025-2026/231576,"Providing Bituminous macadam road at 1st Street East Side in Sai Baba Nagar,Podhumbu,Madurai District.",Shri R. Girirajan (2022-28),WS/MP163/2025-2026/231584,"Providing Bituminous macadam road at 4th Street East Side in Sai Baba Nagar,Podhumbu,Madurai District.",Shri R. Girirajan (2022-28),93.1,High
Tamil Nadu,Sitting Rajya Sabha,Normal/Others,WS/MP163/2025-2026/231576,"Providing Bituminous macadam road at 1st Street East Side in Sai Baba Nagar,Podhumbu,Madurai District.",Shri R. Girirajan (2022-28),WS/MP163/2025-2026/231577,"Providing Bituminous macadam road at 2nd Street East Side in Sai Baba Nagar,Podhumbu,Madurai District.",Shri R. Girirajan (2022-28),92.5,High
Tamil Nadu,Sitting Rajya Sabha,Normal/Others,WS/MP163/2025-2026/231576,"Providing Bituminous macadam road at 1st Street East Side in Sai Baba Nagar,Podhumbu,Madurai District.",Shri R. Girirajan (2022-28),WS/MP163/2025-2026/231581,"Providing Bituminous macadam road at 3rd Street East Side in Sai Baba Nagar,Podhumbu,Madurai District.",Shri R. Girirajan (2022-28),92.5,High
Tamil Nadu,Sitting Rajya Sabha,Normal/Others,WS/MP163/2025-2026/231577,"Providing Bituminous macadam road at 2nd Street East Side in Sai Baba Nagar,Podhumbu,Madurai District.",Shri R. Girirajan (2022-28),WS/MP163/2025-2026/231580,"Providing Bituminous macadam road at 2nd Street West Side in Sai Baba Nagar,Podhumbu,Madurai District.",Shri R. Girirajan (2022-28),93.7,High
Tamil Nadu,Sitting Rajya Sabha,Normal/Others,WS/MP163/2025-2026/231577,"Providing Bituminous macadam road at 2nd Street East Side in Sai Baba Nagar,Podhumbu,Madurai District.",Shri R. Girirajan (2022-28),WS/MP163/2025-2026/231581,"Providing Bituminous macadam road at 3rd Street East Side in Sai Baba Nagar,Podhumbu,Madurai District.",Shri R. Girirajan (2022-28),93.1,High
Tamil Nadu,Sitting Rajya Sabha,Normal/Others,WS/MP163/2025-2026/231577,"Providing Bituminous macadam road at 2nd Street East Side in Sai Baba Nagar,Podhumbu,Madurai District.",Shri R. Girirajan (2022-28),WS/MP163/2025-2026/231584,"Providing Bituminous macadam road at 4th Street East Side in Sai Baba Nagar,Podhumbu,Madurai District.",Shri R. Girirajan (2022-28),92.5,High
Tamil Nadu,Sitting Rajya Sabha,Normal/Others,WS/MP163/2025-2026/231579,"Providing Bituminous macadam road at 1st Street West Side in Sai Baba Nagar,Podhumbu,Madurai District.",Shri R. Girirajan (2022-28),WS/MP163/2025-2026/231586,"Providing Bituminous macadam road at 4th Street West Side in Sai Baba Nagar,Podhumbu,Madurai District.",Shri R. Girirajan (2022-28),93.1,High
Tamil Nadu,Sitting Rajya Sabha,Normal/Others,WS/MP163/2025-2026/231579,"Providing Bituminous macadam road at 1st Street West Side in Sai Baba Nagar,Podhumbu,Madurai District.",Shri R. Girirajan (2022-28),WS/MP163/2025-2026/231580,"Providing Bituminous macadam road at 2nd Street West Side in Sai Baba Nagar,Podhumbu,Madurai District.",Shri R. Girirajan (2022-28),92.5,High
Tamil Nadu,Sitting Rajya Sabha,Normal/Others,WS/MP163/2025-2026/231579,"Providing Bituminous macadam road at 1st Street West Side in Sai Baba Nagar,Podhumbu,Madurai District.",Shri R. Girirajan (2022-28),WS/MP163/2025-2026/231583,"Providing Bituminous macadam road at 3rd Street West Side in Sai Baba Nagar,Podhumbu,Madurai District.",Shri R. Girirajan (2022-28),92.5,High
Tamil Nadu,Sitting Rajya Sabha,Normal/Others,WS/MP163/2025-2026/231580,"Providing Bituminous macadam road at 2nd Street West Side in Sai Baba Nagar,Podhumbu,Madurai District.",Shri R. Girirajan (2022-28),WS/MP163/2025-2026/231583,"Providing Bituminous macadam road at 3rd Street West Side in Sai Baba Nagar,Podhumbu,Madurai District.",Shri R. Girirajan (2022-28),93.1,High
Tamil Nadu,Sitting Rajya Sabha,Normal/Others,WS/MP163/2025-2026/231580,"Providing Bituminous macadam road at 2nd Street West Side in Sai Baba Nagar,Podhumbu,Madurai District.",Shri R. Girirajan (2022-28),WS/MP163/2025-2026/231586,"Providing Bituminous macadam road at 4th Street West Side in Sai Baba Nagar,Podhumbu,Madurai District.",Shri R. Girirajan (2022-28),92.5,High
Tamil Nadu,Sitting Rajya Sabha,Normal/Others,WS/MP163/2025-2026/231581,"Providing Bituminous macadam road at 3rd Street East Side in Sai Baba Nagar,Podhumbu,Madurai District.",Shri R. Girirajan (2022-28),WS/MP163/2025-2026/231583,"Providing Bituminous macadam road at 3rd Street West Side in Sai Baba Nagar,Podhumbu,Madurai District.",Shri R. Girirajan (2022-28),93.7,High
Tamil Nadu,Sitting Rajya Sabha,Normal/Others,WS/MP163/2025-2026/231581,"Providing Bituminous macadam road at 3rd Street East Side in Sai Baba Nagar,Podhumbu,Madurai District.",Shri R. Girirajan (2022-28),WS/MP163/2025-2026/231584,"Providing Bituminous macadam road at 4th Street East Side in Sai Baba Nagar,Podhumbu,Madurai District.",Shri R. Girirajan (2022-28),92.5,High
Tamil Nadu,Sitting Rajya Sabha,Normal/Others,WS/MP163/2025-2026/231582,"Providing Bituminous macadam road at 2nd Cross in Sai Baba Nagar,Podhumbu,Madurai District.",Shri R. Girirajan (2022-28),WS/MP163/2025-2026/231585,"Providing Bituminous macadam road at 3rd Cross in Sai Baba Nagar,Podhumbu,Madurai District.",Shri R. Girirajan (2022-28),92.0,High
Tamil Nadu,Sitting Rajya Sabha,Normal/Others,WS/MP163/2025-2026/231583,"Providing Bituminous macadam road at 3rd Street West Side in Sai Baba Nagar,Podhumbu,Madurai District.",Shri R. Girirajan (2022-28),WS/MP163/2025-2026/231586,"Providing Bituminous macadam road at 4th Street West Side in Sai Baba Nagar,Podhumbu,Madurai District.",Shri R. Girirajan (2022-28),92.5,High
Tamil Nadu,Sitting Rajya Sabha,Normal/Others,WS/MP163/2025-2026/231584,"Providing Bituminous macadam road at 4th Street East Side in Sai Baba Nagar,Podhumbu,Madurai District.",Shri R. Girirajan (2022-28),WS/MP163/2025-2026/231586,"Providing Bituminous macadam road at 4th Street West Side in Sai Baba Nagar,Podhumbu,Madurai District.",Shri R. Girirajan (2022-28),93.7,High
Tamil Nadu,Sitting Rajya Sabha,Normal/Others,WS/MP162/2025-2026/253047,"Supply of Sports Equipments to Government Higher Secondary School, Pali, Ulundurpet Kallakuruchi Dist.",Shri S. Kalyanasundaram (2022-28),WS/MP162/2025-2026/253075,"Supply of Sports Equipments to Government Higher Secondary School, Ulundurpet, Kallakuruchi Dist.",Shri S. Kalyanasundaram (2022-28),94.4,High
Tamil Nadu,Sitting Rajya Sabha,Normal/Others,WS/MP18437/2026-2027/255173,Supply and Erection of Solar LED Light (12 meters) Pole 150W LED 6 Nos All in one Solar light P Natamangalam,Shri S.R. Sivalingam (2025-31),WS/MP18437/2026-2027/255174,Supply and Erection of Solar LED Light (12 meters) Pole 150W LED 6 Nos All in one Solar light S Natamangalam,Shri S.R. Sivalingam (2025-31),99.4,Extremely High
Tamil Nadu,Sitting Rajya Sabha,Normal/Others,WS/MP163/2026-2027/260922,"Installation of a solar LED high-mast light (9 meters height, 100 watts, 6 units) in Thenpathi area, Athur Panchayat, Kattankolathur Panchayat Union, Chengalpattu Assembly Constituency, Chengalpattu District.",Shri R. Girirajan (2022-28),WS/MP163/2026-2027/260921,"Installation of a solar LED high-mast light (9 meters height, 100 watts, 6 units) in Vadapathi area, Athur Panchayat, Kattankolathur Panchayat Union, Chengalpattu Assembly Constituency, Chengalpattu District.",Shri R. Girirajan (2022-28),95.0,Very High
Tamil Nadu,Sitting Rajya Sabha,Normal/Others,WS/MP18435/2026-2027/281944,Supply of School lab Equipment to CSM Government Girls higher secondary school Pillaiyarpalayam Kanchipuram block Kanchipuram District - 6316501,Smt. Rajathi (2025-31),WS/MP18435/2026-2027/281946,Supply of School lab Equipment to CSM Government Girls higher secondary school Pillaiyarpalayam Kanchipuram block Kanchipuram District - 6316502,Smt. Rajathi (2025-31),93.9,High
Punjab,Sitting Rajya Sabha,Normal/Others,WS/MP140/2023-2024/35841,Regarding for giving single walled fabrication of 5000ltr water tanker to Village Kang Kalan. 2mm stainless sheet AISI 304 Material etc. (SC),Shri Sant Balbir Singh (2022-28),WS/MP140/2023-2024/71705,Regarding for giving single walled fabrication of 5000ltr water tanker to Village Kohar Kalan. 2mm stainless sheet AISI 304 Material etc. (SC),Shri Sant Balbir Singh (2022-28),94.9,High
Punjab,Sitting Rajya Sabha,Normal/Others,WS/MP140/2023-2024/38486,Regarding for giving single walled fabrication of 5000ltr water tanker to Village Kakkar Kalan. 2mm stainless sheet AISI 304 Material etc. (SC),Shri Sant Balbir Singh (2022-28),WS/MP140/2023-2024/35841,Regarding for giving single walled fabrication of 5000ltr water tanker to Village Kang Kalan. 2mm stainless sheet AISI 304 Material etc. (SC),Shri Sant Balbir Singh (2022-28),94.7,High
Punjab,Sitting Rajya Sabha,Normal/Others,WS/MP140/2024-2025/132928,Regarding for giving single walled fabrication of 5000ltr water tanker to Village. 2mm stainless sheet AISI 304 Material etc. (SC),Shri Sant Balbir Singh (2022-28),WS/MP140/2023-2024/35841,Regarding for giving single walled fabrication of 5000ltr water tanker to Village Kang Kalan. 2mm stainless sheet AISI 304 Material etc. (SC),Shri Sant Balbir Singh (2022-28),93.3,High
Punjab,Sitting Rajya Sabha,Normal/Others,WS/MP140/2023-2024/88157,Regarding for giving single walled fabrication of 5000ltr water tanker to Village Bodal. 2mm stainless sheet AISI 304 Material etc. (SC),Shri Sant Balbir Singh (2022-28),WS/MP140/2023-2024/35860,Regarding for giving single walled fabrication of 5000ltr water tanker to Village Kotha. 2mm stainless sheet AISI 304 Material etc. (SC),Shri Sant Balbir Singh (2022-28),94.4,High
Punjab,Sitting Rajya Sabha,Normal/Others,WS/MP140/2024-2025/132928,Regarding for giving single walled fabrication of 5000ltr water tanker to Village. 2mm stainless sheet AISI 304 Material etc. (SC),Shri Sant Balbir Singh (2022-28),WS/MP140/2023-2024/35860,Regarding for giving single walled fabrication of 5000ltr water tanker to Village Kotha. 2mm stainless sheet AISI 304 Material etc. (SC),Shri Sant Balbir Singh (2022-28),96.4,Very High
Punjab,Sitting Rajya Sabha,Normal/Others,WS/MP140/2023-2024/71705,Regarding for giving single walled fabrication of 5000ltr water tanker to Village Kohar Kalan. 2mm stainless sheet AISI 304 Material etc. (SC),Shri Sant Balbir Singh (2022-28),WS/MP140/2023-2024/35860,Regarding for giving single walled fabrication of 5000ltr water tanker to Village Kotha. 2mm stainless sheet AISI 304 Material etc. (SC),Shri Sant Balbir Singh (2022-28),92.2,High
Punjab,Sitting Rajya Sabha,Normal/Others,WS/MP140/2023-2024/58878,Regarding for giving single walled fabrication of 5000ltr water tanker to Village Khurampur. 2mm stainless sheet AISI 304 Material etc. (SC),Shri Sant Balbir Singh (2022-28),WS/MP140/2023-2024/35860,Regarding for giving single walled fabrication of 5000ltr water tanker to Village Kotha. 2mm stainless sheet AISI 304 Material etc. (SC),Shri Sant Balbir Singh (2022-28),94.0,High
Punjab,Sitting Rajya Sabha,Normal/Others,WS/MP140/2023-2024/35860,Regarding for giving single walled fabrication of 5000ltr water tanker to Village Kotha. 2mm stainless sheet AISI 304 Material etc. (SC),Shri Sant Balbir Singh (2022-28),WS/MP140/2023-2024/58877,Regarding for giving single walled fabrication of 5000ltr water tanker to Village Kotli Gazran. 2mm stainless sheet AISI 304 Material etc. (SC),Shri Sant Balbir Singh (2022-28),92.0,High
Punjab,Sitting Rajya Sabha,Normal/Others,WS/MP140/2023-2024/35860,Regarding for giving single walled fabrication of 5000ltr water tanker to Village Kotha. 2mm stainless sheet AISI 304 Material etc. (SC),Shri Sant Balbir Singh (2022-28),WS/MP140/2023-2024/71704,Regarding for giving single walled fabrication of 5000ltr water tanker to Village Sarai Kham. 2mm stainless sheet AISI 304 Material etc. (SC),Shri Sant Balbir Singh (2022-28),92.0,High
Punjab,Sitting Rajya Sabha,Normal/Others,WS/MP140/2023-2024/49610,Regarding for giving single walled fabrication of 5000ltr water tanker to Village Dharmiwal. 2mm stainless sheet AISI 304 Material etc. (SC),Shri Sant Balbir Singh (2022-28),WS/MP140/2023-2024/35868,Regarding for giving single walled fabrication of 5000ltr water tanker to Village Maharajwala. 2mm stainless sheet AISI 304 Material etc. (SC),Shri Sant Balbir Singh (2022-28),94.0,High
Punjab,Sitting Rajya Sabha,Normal/Others,WS/MP140/2023-2024/35868,Regarding for giving single walled fabrication of 5000ltr water tanker to Village Maharajwala. 2mm stainless sheet AISI 304 Material etc. (SC),Shri Sant Balbir Singh (2022-28),WS/MP140/2025-2026/71706,Regarding for giving single walled fabrication of 5000ltr water tanker to Village Sabuwal . 2mm stainless sheet AISI 304 Material etc. (SC),Shri Sant Balbir Singh (2022-28),93.6,High
Punjab,Sitting Rajya Sabha,Normal/Others,WS/MP140/2023-2024/35860,Regarding for giving single walled fabrication of 5000ltr water tanker to Village Kotha. 2mm stainless sheet AISI 304 Material etc. (SC),Shri Sant Balbir Singh (2022-28),WS/MP140/2023-2024/35868,Regarding for giving single walled fabrication of 5000ltr water tanker to Village Maharajwala. 2mm stainless sheet AISI 304 Material etc. (SC),Shri Sant Balbir Singh (2022-28),93.1,High
Punjab,Sitting Rajya Sabha,Normal/Others,WS/MP140/2023-2024/88157,Regarding for giving single walled fabrication of 5000ltr water tanker to Village Bodal. 2mm stainless sheet AISI 304 Material etc. (SC),Shri Sant Balbir Singh (2022-28),WS/MP140/2023-2024/35868,Regarding for giving single walled fabrication of 5000ltr water tanker to Village Maharajwala. 2mm stainless sheet AISI 304 Material etc. (SC),Shri Sant Balbir Singh (2022-28),93.1,High
Punjab,Sitting Rajya Sabha,Normal/Others,WS/MP140/2024-2025/132928,Regarding for giving single walled fabrication of 5000ltr water tanker to Village. 2mm stainless sheet AISI 304 Material etc. (SC),Shri Sant Balbir Singh (2022-28),WS/MP140/2023-2024/35868,Regarding for giving single walled fabrication of 5000ltr water tanker to Village Maharajwala. 2mm stainless sheet AISI 304 Material etc. (SC),Shri Sant Balbir Singh (2022-28),95.1,Very High
Punjab,Sitting Rajya Sabha,Normal/Others,WS/MP140/2023-2024/38486,Regarding for giving single walled fabrication of 5000ltr water tanker to Village Kakkar Kalan. 2mm stainless sheet AISI 304 Material etc. (SC),Shri Sant Balbir Singh (2022-28),WS/MP140/2023-2024/71705,Regarding for giving single walled fabrication of 5000ltr water tanker to Village Kohar Kalan. 2mm stainless sheet AISI 304 Material etc. (SC),Shri Sant Balbir Singh (2022-28),94.9,High
Punjab,Sitting Rajya Sabha,Normal/Others,WS/MP140/2024-2025/132928,Regarding for giving single walled fabrication of 5000ltr water tanker to Village. 2mm stainless sheet AISI 304 Material etc. (SC),Shri Sant Balbir Singh (2022-28),WS/MP140/2023-2024/38486,Regarding for giving single walled fabrication of 5000ltr water tanker to Village Kakkar Kalan. 2mm stainless sheet AISI 304 Material etc. (SC),Shri Sant Balbir Singh (2022-28),92.8,High
Punjab,Sitting Rajya Sabha,Normal/Others,WS/MP140/2023-2024/88157,Regarding for giving single walled fabrication of 5000ltr water tanker to Village Bodal. 2mm stainless sheet AISI 304 Material etc. (SC),Shri Sant Balbir Singh (2022-28),WS/MP140/2023-2024/45872,Regarding for giving single walled fabrication of 5000ltr water tanker to Village Dadwindi. 2mm stainless sheet AISI 304 Material etc. (SC),Shri Sant Balbir Singh (2022-28),93.8,High
Punjab,Sitting Rajya Sabha,Normal/Others,WS/MP140/2024-2025/132928,Regarding for giving single walled fabrication of 5000ltr water tanker to Village. 2mm stainless sheet AISI 304 Material etc. (SC),Shri Sant Balbir Singh (2022-28),WS/MP140/2023-2024/45872,Regarding for giving single walled fabrication of 5000ltr water tanker to Village Dadwindi. 2mm stainless sheet AISI 304 Material etc. (SC),Shri Sant Balbir Singh (2022-28),95.7,Very High
Punjab,Sitting Rajya Sabha,Normal/Others,WS/MP140/2023-2024/45872,Regarding for giving single walled fabrication of 5000ltr water tanker to Village Dadwindi. 2mm stainless sheet AISI 304 Material etc. (SC),Shri Sant Balbir Singh (2022-28),WS/MP140/2023-2024/49610,Regarding for giving single walled fabrication of 5000ltr water tanker to Village Dharmiwal. 2mm stainless sheet AISI 304 Material etc. (SC),Shri Sant Balbir Singh (2022-28),93.4,High
Punjab,Sitting Rajya Sabha,Normal/Others,WS/MP140/2023-2024/45872,Regarding for giving single walled fabrication of 5000ltr water tanker to Village Dadwindi. 2mm stainless sheet AISI 304 Material etc. (SC),Shri Sant Balbir Singh (2022-28),WS/MP140/2025-2026/71706,Regarding for giving single walled fabrication of 5000ltr water tanker to Village Sabuwal . 2mm stainless sheet AISI 304 Material etc. (SC),Shri Sant Balbir Singh (2022-28),93.3,High
Punjab,Sitting Rajya Sabha,Normal/Others,WS/MP140/2023-2024/45872,Regarding for giving single walled fabrication of 5000ltr water tanker to Village Dadwindi. 2mm stainless sheet AISI 304 Material etc. (SC),Shri Sant Balbir Singh (2022-28),WS/MP140/2023-2024/35860,Regarding for giving single walled fabrication of 5000ltr water tanker to Village Kotha. 2mm stainless sheet AISI 304 Material etc. (SC),Shri Sant Balbir Singh (2022-28),93.3,High
Punjab,Sitting Rajya Sabha,Normal/Others,WS/MP140/2023-2024/49610,Regarding for giving single walled fabrication of 5000ltr water tanker to Village Dharmiwal. 2mm stainless sheet AISI 304 Material etc. (SC),Shri Sant Balbir Singh (2022-28),WS/MP140/2025-2026/71706,Regarding for giving single walled fabrication of 5000ltr water tanker to Village Sabuwal . 2mm stainless sheet AISI 304 Material etc. (SC),Shri Sant Balbir Singh (2022-28),94.0,High
Punjab,Sitting Rajya Sabha,Normal/Others,WS/MP140/2023-2024/88157,Regarding for giving single walled fabrication of 5000ltr water tanker to Village Bodal. 2mm stainless sheet AISI 304 Material etc. (SC),Shri Sant Balbir Singh (2022-28),WS/MP140/2023-2024/49610,Regarding for giving single walled fabrication of 5000ltr water tanker to Village Dharmiwal. 2mm stainless sheet AISI 304 Material etc. (SC),Shri Sant Balbir Singh (2022-28),94.0,High
Punjab,Sitting Rajya Sabha,Normal/Others,WS/MP140/2023-2024/49610,Regarding for giving single walled fabrication of 5000ltr water tanker to Village Dharmiwal. 2mm stainless sheet AISI 304 Material etc. (SC),Shri Sant Balbir Singh (2022-28),WS/MP140/2023-2024/35860,Regarding for giving single walled fabrication of 5000ltr water tanker to Village Kotha. 2mm stainless sheet AISI 304 Material etc. (SC),Shri Sant Balbir Singh (2022-28),93.6,High
Punjab,Sitting Rajya Sabha,Normal/Others,WS/MP140/2024-2025/132928,Regarding for giving single walled fabrication of 5000ltr water tanker to Village. 2mm stainless sheet AISI 304 Material etc. (SC),Shri Sant Balbir Singh (2022-28),WS/MP140/2023-2024/49610,Regarding for giving single walled fabrication of 5000ltr water tanker to Village Dharmiwal. 2mm stainless sheet AISI 304 Material etc. (SC),Shri Sant Balbir Singh (2022-28),95.5,Very High
Punjab,Sitting Rajya Sabha,Normal/Others,WS/MP140/2024-2025/132928,Regarding for giving single walled fabrication of 5000ltr water tanker to Village. 2mm stainless sheet AISI 304 Material etc. (SC),Shri Sant Balbir Singh (2022-28),WS/MP140/2023-2024/58877,Regarding for giving single walled fabrication of 5000ltr water tanker to Village Kotli Gazran. 2mm stainless sheet AISI 304 Material etc. (SC),Shri Sant Balbir Singh (2022-28),92.8,High
Punjab,Sitting Rajya Sabha,Normal/Others,WS/MP140/2024-2025/132928,Regarding for giving single walled fabrication of 5000ltr water tanker to Village. 2mm stainless sheet AISI 304 Material etc. (SC),Shri Sant Balbir Singh (2022-28),WS/MP140/2023-2024/58878,Regarding for giving single walled fabrication of 5000ltr water tanker to Village Khurampur. 2mm stainless sheet AISI 304 Material etc. (SC),Shri Sant Balbir Singh (2022-28),95.5,Very High
Punjab,Sitting Rajya Sabha,Normal/Others,WS/MP140/2023-2024/49610,Regarding for giving single walled fabrication of 5000ltr water tanker to Village Dharmiwal. 2mm stainless sheet AISI 304 Material etc. (SC),Shri Sant Balbir Singh (2022-28),WS/MP140/2023-2024/58878,Regarding for giving single walled fabrication of 5000ltr water tanker to Village Khurampur. 2mm stainless sheet AISI 304 Material etc. (SC),Shri Sant Balbir Singh (2022-28),93.1,High
Punjab,Sitting Rajya Sabha,Normal/Others,WS/MP140/2023-2024/58878,Regarding for giving single walled fabrication of 5000ltr water tanker to Village Khurampur. 2mm stainless sheet AISI 304 Material etc. (SC),Shri Sant Balbir Singh (2022-28),WS/MP140/2025-2026/71706,Regarding for giving single walled fabrication of 5000ltr water tanker to Village Sabuwal . 2mm stainless sheet AISI 304 Material etc. (SC),Shri Sant Balbir Singh (2022-28),93.1,High
Punjab,Sitting Rajya Sabha,Normal/Others,WS/MP140/2023-2024/88157,Regarding for giving single walled fabrication of 5000ltr water tanker to Village Bodal. 2mm stainless sheet AISI 304 Material etc. (SC),Shri Sant Balbir Singh (2022-28),WS/MP140/2023-2024/58878,Regarding for giving single walled fabrication of 5000ltr water tanker to Village Khurampur. 2mm stainless sheet AISI 304 Material etc. (SC),Shri Sant Balbir Singh (2022-28),93.1,High
Punjab,Sitting Rajya Sabha,Normal/Others,WS/MP140/2024-2025/132928,Regarding for giving single walled fabrication of 5000ltr water tanker to Village. 2mm stainless sheet AISI 304 Material etc. (SC),Shri Sant Balbir Singh (2022-28),WS/MP140/2023-2024/71704,Regarding for giving single walled fabrication of 5000ltr water tanker to Village Sarai Kham. 2mm stainless sheet AISI 304 Material etc. (SC),Shri Sant Balbir Singh (2022-28),93.3,High
Punjab,Sitting Rajya Sabha,Normal/Others,WS/MP140/2023-2024/88157,Regarding for giving single walled fabrication of 5000ltr water tanker to Village Bodal. 2mm stainless sheet AISI 304 Material etc. (SC),Shri Sant Balbir Singh (2022-28),WS/MP140/2025-2026/71706,Regarding for giving single walled fabrication of 5000ltr water tanker to Village Sabuwal . 2mm stainless sheet AISI 304 Material etc. (SC),Shri Sant Balbir Singh (2022-28),94.4,High
Punjab,Sitting Rajya Sabha,Normal/Others,WS/MP140/2024-2025/132928,Regarding for giving single walled fabrication of 5000ltr water tanker to Village. 2mm stainless sheet AISI 304 Material etc. (SC),Shri Sant Balbir Singh (2022-28),WS/MP140/2025-2026/71706,Regarding for giving single walled fabrication of 5000ltr water tanker to Village Sabuwal . 2mm stainless sheet AISI 304 Material etc. (SC),Shri Sant Balbir Singh (2022-28),95.9,Very High
Punjab,Sitting Rajya Sabha,Normal/Others,WS/MP140/2023-2024/35860,Regarding for giving single walled fabrication of 5000ltr water tanker to Village Kotha. 2mm stainless sheet AISI 304 Material etc. (SC),Shri Sant Balbir Singh (2022-28),WS/MP140/2025-2026/71706,Regarding for giving single walled fabrication of 5000ltr water tanker to Village Sabuwal . 2mm stainless sheet AISI 304 Material etc. (SC),Shri Sant Balbir Singh (2022-28),93.5,High
Punjab,Sitting Rajya Sabha,Normal/Others,WS/MP140/2024-2025/132928,Regarding for giving single walled fabrication of 5000ltr water tanker to Village. 2mm stainless sheet AISI 304 Material etc. (SC),Shri Sant Balbir Singh (2022-28),WS/MP140/2023-2024/88157,Regarding for giving single walled fabrication of 5000ltr water tanker to Village Bodal. 2mm stainless sheet AISI 304 Material etc. (SC),Shri Sant Balbir Singh (2022-28),96.4,Very High
Punjab,Sitting Rajya Sabha,Normal/Others,WS/MP140/2024-2025/135334,Regarding for giving single walled fabrication of 5000 ltr water tanker to Village. 2mm stainless sheet AISI 304 Material etc. (SC),Shri Sant Balbir Singh (2022-28),WS/MP140/2024-2025/132928,Regarding for giving single walled fabrication of 5000ltr water tanker to Village. 2mm stainless sheet AISI 304 Material etc. (SC),Shri Sant Balbir Singh (2022-28),93.4,High
Punjab,Sitting Rajya Sabha,Normal/Others,WS/MP140/2024-2025/135340,Regarding for giving single walled fabrication of 3000 ltr water tanker to Village. 2mm stainless sheet AISI 304 Material etc. (SC),Shri Sant Balbir Singh (2022-28),WS/MP140/2024-2025/132928,Regarding for giving single walled fabrication of 5000ltr water tanker to Village. 2mm stainless sheet AISI 304 Material etc. (SC),Shri Sant Balbir Singh (2022-28),93.0,High
Punjab,Sitting Rajya Sabha,Normal/Others,WS/MP140/2024-2025/132928,Regarding for giving single walled fabrication of 5000ltr water tanker to Village. 2mm stainless sheet AISI 304 Material etc. (SC),Shri Sant Balbir Singh (2022-28),WS/MP140/2024-2025/168869,Regarding for giving single walled fabrication of 7000 ltr water tanker to Village. 2mm stainless sheet AISI 304 Material etc. (SC),Shri Sant Balbir Singh (2022-28),93.0,High
Punjab,Sitting Rajya Sabha,Normal/Others,WS/MP140/2024-2025/135340,Regarding for giving single walled fabrication of 3000 ltr water tanker to Village. 2mm stainless sheet AISI 304 Material etc. (SC),Shri Sant Balbir Singh (2022-28),WS/MP140/2024-2025/135334,Regarding for giving single walled fabrication of 5000 ltr water tanker to Village. 2mm stainless sheet AISI 304 Material etc. (SC),Shri Sant Balbir Singh (2022-28),95.3,Very High
Punjab,Sitting Rajya Sabha,Normal/Others,WS/MP140/2024-2025/135334,Regarding for giving single walled fabrication of 5000 ltr water tanker to Village. 2mm stainless sheet AISI 304 Material etc. (SC),Shri Sant Balbir Singh (2022-28),WS/MP140/2024-2025/168869,Regarding for giving single walled fabrication of 7000 ltr water tanker to Village. 2mm stainless sheet AISI 304 Material etc. (SC),Shri Sant Balbir Singh (2022-28),95.3,Very High
Punjab,Sitting Rajya Sabha,Normal/Others,WS/MP140/2024-2025/135340,Regarding for giving single walled fabrication of 3000 ltr water tanker to Village. 2mm stainless sheet AISI 304 Material etc. (SC),Shri Sant Balbir Singh (2022-28),WS/MP140/2024-2025/168869,Regarding for giving single walled fabrication of 7000 ltr water tanker to Village. 2mm stainless sheet AISI 304 Material etc. (SC),Shri Sant Balbir Singh (2022-28),95.3,Very High
Punjab,Sitting Rajya Sabha,Normal/Others,WS/MP141/2024-2025/135891,Development of public parks new focal point park no 1,Shri Harbhajan Singh (2022-28),WS/MP141/2024-2025/135892,Development of public parks new focal point park no 2,Shri Harbhajan Singh (2022-28),98.9,Extremely High
Punjab,Sitting Rajya Sabha,Normal/Others,WS/MP141/2024-2025/141798,for renovation of cremation ground,Shri Harbhajan Singh (2022-28),WS/MP141/2024-2025/141802,renovation of cremation ground,Shri Harbhajan Singh (2022-28),96.2,Very High
Punjab,Sitting Rajya Sabha,Normal/Others,WS/MP140/2024-2025/175515,Regarding for giving single septic vacuum of 6000 ltr water tanker to Village.,Shri Sant Balbir Singh (2022-28),WS/MP140/2024-2025/174144,Regarding for giving single septic vacuum of 6000 ltr water tanker to Village. (SC),Shri Sant Balbir Singh (2022-28),95.2,Very High
Punjab,Sitting Rajya Sabha,Normal/Others,WS/MP141/2025-2026/209608,"Providing and Fixing interlocking Tiles After Laying of Sewer in Street No. 2 B at Ranjit Nagar, Patiala",Shri Harbhajan Singh (2022-28),WS/MP141/2025-2026/209607,Providing and Fixing Interlocking Tiles After Laying of Sewer in Street No 2A at Ranjit Nagar Patiala,Shri Harbhajan Singh (2022-28),95.8,Very High
Punjab,Sitting Rajya Sabha,Normal/Others,WS/MP141/2025-2026/209607,Providing and Fixing Interlocking Tiles After Laying of Sewer in Street No 2A at Ranjit Nagar Patiala,Shri Harbhajan Singh (2022-28),WS/MP141/2025-2026/209610,"Providing and Fixing Interlocking Tiles After Laying of Sewer in Street No. 7 at Ranjit Nagar, Patiala",Shri Harbhajan Singh (2022-28),95.8,Very High
Punjab,Sitting Rajya Sabha,Normal/Others,WS/MP141/2025-2026/209614,"Providing and Fixing Interlocking Tiles After Laying of Sewer in Street No. 1 at Ranjit Nagar, Patiala",Shri Harbhajan Singh (2022-28),WS/MP141/2025-2026/209607,Providing and Fixing Interlocking Tiles After Laying of Sewer in Street No 2A at Ranjit Nagar Patiala,Shri Harbhajan Singh (2022-28),95.8,Very High
Punjab,Sitting Rajya Sabha,Normal/Others,WS/MP141/2025-2026/209608,"Providing and Fixing interlocking Tiles After Laying of Sewer in Street No. 2 B at Ranjit Nagar, Patiala",Shri Harbhajan Singh (2022-28),WS/MP141/2025-2026/209610,"Providing and Fixing Interlocking Tiles After Laying of Sewer in Street No. 7 at Ranjit Nagar, Patiala",Shri Harbhajan Singh (2022-28),98.8,Extremely High
Punjab,Sitting Rajya Sabha,Normal/Others,WS/MP141/2025-2026/209614,"Providing and Fixing Interlocking Tiles After Laying of Sewer in Street No. 1 at Ranjit Nagar, Patiala",Shri Harbhajan Singh (2022-28),WS/MP141/2025-2026/209608,"Providing and Fixing interlocking Tiles After Laying of Sewer in Street No. 2 B at Ranjit Nagar, Patiala",Shri Harbhajan Singh (2022-28),98.8,Extremely High
Punjab,Sitting Rajya Sabha,Normal/Others,WS/MP141/2025-2026/209608,"Providing and Fixing interlocking Tiles After Laying of Sewer in Street No. 2 B at Ranjit Nagar, Patiala",Shri Harbhajan Singh (2022-28),WS/MP141/2025-2026/209609,"r Providing and Fixing Interlocking Tiles After Laying of Sewer in Street No. 2C and 6 at Ranjit Nagar, Patiala",Shri Harbhajan Singh (2022-28),94.1,High
Punjab,Sitting Rajya Sabha,Normal/Others,WS/MP141/2025-2026/209608,"Providing and Fixing interlocking Tiles After Laying of Sewer in Street No. 2 B at Ranjit Nagar, Patiala",Shri Harbhajan Singh (2022-28),WS/MP141/2025-2026/209612,"Providing and Fixing Interlocking Tiles After Laying of Sewer in Street No. 3B and 8 at Ranjit Nagar, Patiala",Shri Harbhajan Singh (2022-28),94.1,High
Punjab,Sitting Rajya Sabha,Normal/Others,WS/MP141/2025-2026/209610,"Providing and Fixing Interlocking Tiles After Laying of Sewer in Street No. 7 at Ranjit Nagar, Patiala",Shri Harbhajan Singh (2022-28),WS/MP141/2025-2026/209609,"r Providing and Fixing Interlocking Tiles After Laying of Sewer in Street No. 2C and 6 at Ranjit Nagar, Patiala",Shri Harbhajan Singh (2022-28),93.5,High
Punjab,Sitting Rajya Sabha,Normal/Others,WS/MP141/2025-2026/209614,"Providing and Fixing Interlocking Tiles After Laying of Sewer in Street No. 1 at Ranjit Nagar, Patiala",Shri Harbhajan Singh (2022-28),WS/MP141/2025-2026/209609,"r Providing and Fixing Interlocking Tiles After Laying of Sewer in Street No. 2C and 6 at Ranjit Nagar, Patiala",Shri Harbhajan Singh (2022-28),93.5,High
Punjab,Sitting Rajya Sabha,Normal/Others,WS/MP141/2025-2026/209614,"Providing and Fixing Interlocking Tiles After Laying of Sewer in Street No. 1 at Ranjit Nagar, Patiala",Shri Harbhajan Singh (2022-28),WS/MP141/2025-2026/209610,"Providing and Fixing Interlocking Tiles After Laying of Sewer in Street No. 7 at Ranjit Nagar, Patiala",Shri Harbhajan Singh (2022-28),99.4,Extremely High
Punjab,Sitting Rajya Sabha,Normal/Others,WS/MP141/2025-2026/209612,"Providing and Fixing Interlocking Tiles After Laying of Sewer in Street No. 3B and 8 at Ranjit Nagar, Patiala",Shri Harbhajan Singh (2022-28),WS/MP141/2025-2026/209610,"Providing and Fixing Interlocking Tiles After Laying of Sewer in Street No. 7 at Ranjit Nagar, Patiala",Shri Harbhajan Singh (2022-28),94.1,High
Punjab,Sitting Rajya Sabha,Normal/Others,WS/MP141/2025-2026/209614,"Providing and Fixing Interlocking Tiles After Laying of Sewer in Street No. 1 at Ranjit Nagar, Patiala",Shri Harbhajan Singh (2022-28),WS/MP141/2025-2026/209612,"Providing and Fixing Interlocking Tiles After Laying of Sewer in Street No. 3B and 8 at Ranjit Nagar, Patiala",Shri Harbhajan Singh (2022-28),94.1,High
Punjab,Sitting Rajya Sabha,Normal/Others,WS/MP140/2026-2027/276215,Regarding for giving single walled fabrication of 5000 ltr mobile water tanker,Shri Sant Balbir Singh (2022-28),WS/MP140/2025-2026/213560,Regarding for giving single walled fabrication of 5000 ltr mobile water tanker. SC),Shri Sant Balbir Singh (2022-28),95.2,Very High
Punjab,Sitting Rajya Sabha,Normal/Others,WS/MP140/2025-2026/248498,Regarding for giving single walled fabrication of 5000 ltr mobile water tanker. 2mm stainless sheet AISI 304 Material etc.,Shri Sant Balbir Singh (2022-28),WS/MP140/2025-2026/213562,Regarding for giving single walled fabrication of 5000 ltr mobile water tanker. 2mm stainless sheet AISI 304 Material etc. (SC),Shri Sant Balbir Singh (2022-28),97.0,Very High
Punjab,Sitting Rajya Sabha,Normal/Others,WS/MP843/2025-2026/239581,For the construction Community Center,Dr. Ashok Kumar Mittal (2022-28),WS/MP843/2025-2026/239567,For the Construction of Community Center,Dr. Ashok Kumar Mittal (2022-28),97.7,Very High
Punjab,Sitting Rajya Sabha,Normal/Others,WS/MP140/2026-2027/304551,Regarding for giving single walled fabrication of 3000 ltr mobile water tanker,Shri Sant Balbir Singh (2022-28),WS/MP140/2026-2027/276215,Regarding for giving single walled fabrication of 5000 ltr mobile water tanker,Shri Sant Balbir Singh (2022-28),92.0,High
Uttarakhand,Sitting Rajya Sabha,Normal/Others,WS/MP850/2023-2024/100863,THANA KHANKHAL MEIN MAHILA HELP DESK HETU ROOM EVAM TOILET KA NIRMAN .. IA( KARYADAI SANSTATHA )- NAGAR PANCHAYAT PADALI GUJJAR,Shri Naresh Bansal (2020-26),WS/MP850/2023-2024/100869,THANA SHYAMPUR MEIN MAHILA HELP DESK HETU ROOM EVAM TOILET KA NIRMAN.. IA( KARYADAI SANSTATHA )- NAGAR PANCHAYAT PADALI GUJJAR,Shri Naresh Bansal (2020-26),93.0,High
Uttarakhand,Sitting Rajya Sabha,Normal/Others,WS/MP850/2023-2024/100865,KOTWALI JAWALAPUR MEIN MAHILA HELP DESK HETU ROOM EVAM TOILET KA NIRMAN.. IA( KARYADAI SANSTATHA )- NAGAR PANCHAYAT PADALI GUJJAR,Shri Naresh Bansal (2020-26),WS/MP850/2023-2024/100866,KOTWALI LAKSAR MEIN MAHILA HELP DESK HETU ROOM EVAM TOILET KA NIRMAN.. IA(KARYADAI SANSTATHA )- NAGAR PANCHAYAT PADALI GUJJAR,Shri Naresh Bansal (2020-26),93.8,High
Uttarakhand,Sitting Rajya Sabha,Normal/Others,WS/MP850/2023-2024/100865,KOTWALI JAWALAPUR MEIN MAHILA HELP DESK HETU ROOM EVAM TOILET KA NIRMAN.. IA( KARYADAI SANSTATHA )- NAGAR PANCHAYAT PADALI GUJJAR,Shri Naresh Bansal (2020-26),WS/MP850/2023-2024/100868,KOTWALI ROORKEE MEIN MAHILA HELP DESK HETU ROOM EVAM TOILET KA NIRMAN .. IA( KARYADAI SANSTATHA ) - NAGAR PANCHAYAT PADALI GUJJAR,Shri Naresh Bansal (2020-26),92.6,High
Uttarakhand,Sitting Rajya Sabha,Normal/Others,WS/MP850/2023-2024/100866,KOTWALI LAKSAR MEIN MAHILA HELP DESK HETU ROOM EVAM TOILET KA NIRMAN.. IA(KARYADAI SANSTATHA )- NAGAR PANCHAYAT PADALI GUJJAR,Shri Naresh Bansal (2020-26),WS/MP850/2023-2024/100868,KOTWALI ROORKEE MEIN MAHILA HELP DESK HETU ROOM EVAM TOILET KA NIRMAN .. IA( KARYADAI SANSTATHA ) - NAGAR PANCHAYAT PADALI GUJJAR,Shri Naresh Bansal (2020-26),93.3,High
Uttarakhand,Sitting Rajya Sabha,Normal/Others,WS/MP850/2024-2025/103006,THANA BAHADRABAD MEIN MAHILA HELP DESK HETU EK ROOM EVAM TOILET KA NIRMAN.. IA( KARYADAI SANSTATHA ) - NAGAR PANCHAYAT BHAGWANPUR,Shri Naresh Bansal (2020-26),WS/MP850/2024-2025/103007,THANA PATHRI MEIN MAHILA HELP DESK HETU EK ROOM EVAM TOILET KA NIRMAN .. IA(KARYADAI SANSTATHA ) - NAGAR PANCHAYAT BHAGWANPUR,Shri Naresh Bansal (2020-26),93.5,High
Uttarakhand,Sitting Rajya Sabha,Normal/Others,WS/MP850/2024-2025/103006,THANA BAHADRABAD MEIN MAHILA HELP DESK HETU EK ROOM EVAM TOILET KA NIRMAN.. IA( KARYADAI SANSTATHA ) - NAGAR PANCHAYAT BHAGWANPUR,Shri Naresh Bansal (2020-26),WS/MP850/2024-2025/103010,THANA BUGGAWALA MEIN MAHILA HELP DESK HETU EK ROOM EVAM TOILET KA NIRMAN ..... IA(KARYADAI SANSTATHA ) - NAGAR PANCHAYAT BHAGWANPUR,Shri Naresh Bansal (2020-26),93.3,High
Uttarakhand,Sitting Rajya Sabha,Normal/Others,WS/MP850/2024-2025/103006,THANA BAHADRABAD MEIN MAHILA HELP DESK HETU EK ROOM EVAM TOILET KA NIRMAN.. IA( KARYADAI SANSTATHA ) - NAGAR PANCHAYAT BHAGWANPUR,Shri Naresh Bansal (2020-26),WS/MP850/2024-2025/103009,THANA BHAGWANPUR MEIN MAHILA HELP DESK HETU EK ROOM EVAM TOILET KA NIRMAN .. IA(KARYADAI SANSTATHA) - NAGAR PANCHAYAT BHAGWANPUR,Shri Naresh Bansal (2020-26),94.9,High
Uttarakhand,Sitting Rajya Sabha,Normal/Others,WS/MP850/2024-2025/103009,THANA BHAGWANPUR MEIN MAHILA HELP DESK HETU EK ROOM EVAM TOILET KA NIRMAN .. IA(KARYADAI SANSTATHA) - NAGAR PANCHAYAT BHAGWANPUR,Shri Naresh Bansal (2020-26),WS/MP850/2024-2025/103007,THANA PATHRI MEIN MAHILA HELP DESK HETU EK ROOM EVAM TOILET KA NIRMAN .. IA(KARYADAI SANSTATHA ) - NAGAR PANCHAYAT BHAGWANPUR,Shri Naresh Bansal (2020-26),94.9,High
Uttarakhand,Sitting Rajya Sabha,Normal/Others,WS/MP850/2024-2025/103010,THANA BUGGAWALA MEIN MAHILA HELP DESK HETU EK ROOM EVAM TOILET KA NIRMAN ..... IA(KARYADAI SANSTATHA ) - NAGAR PANCHAYAT BHAGWANPUR,Shri Naresh Bansal (2020-26),WS/MP850/2024-2025/103007,THANA PATHRI MEIN MAHILA HELP DESK HETU EK ROOM EVAM TOILET KA NIRMAN .. IA(KARYADAI SANSTATHA ) - NAGAR PANCHAYAT BHAGWANPUR,Shri Naresh Bansal (2020-26),92.7,High
Uttarakhand,Sitting Rajya Sabha,Normal/Others,WS/MP850/2024-2025/103009,THANA BHAGWANPUR MEIN MAHILA HELP DESK HETU EK ROOM EVAM TOILET KA NIRMAN .. IA(KARYADAI SANSTATHA) - NAGAR PANCHAYAT BHAGWANPUR,Shri Naresh Bansal (2020-26),WS/MP850/2024-2025/103010,THANA BUGGAWALA MEIN MAHILA HELP DESK HETU EK ROOM EVAM TOILET KA NIRMAN ..... IA(KARYADAI SANSTATHA ) - NAGAR PANCHAYAT BHAGWANPUR,Shri Naresh Bansal (2020-26),95.2,Very High
Uttarakhand,Sitting Rajya Sabha,Normal/Others,WS/MP850/2026-2027/287521,sansad adarsh gram ibrahimpur masih mein main road se pappu prajapati ke makan ki aur interlocking tiles sadak nirman karya.ia(karyadai sanstatha)-block bhagwanpur,Shri Naresh Bansal (2020-26),WS/MP850/2026-2027/296387,sansad adarsh gram ibrahimpur masih mein main road se satpal ke makan ki aur interlocking tiles sadak nirman karya.ia(karyadai sanstatha)-block bhagwanpur,Shri Naresh Bansal (2020-26),92.5,High
Uttarakhand,Sitting Rajya Sabha,Normal/Others,WS/MP850/2026-2027/287529,sansad adarsh gram ibrahimpur masih ke majre ibrahimpur mein anusuchit basti mein main road se satish ke makan ki aur interlocking tiles sadak nirman karya.ia(karyadai sanstatha)-block bhagwanpur,Shri Naresh Bansal (2020-26),WS/MP850/2026-2027/287526,sansad adarsh gram ibrahimpur masih ke majre ibrahimpur mein ausuchit basti mein main road se saroj ke makan ki aur interlocking tiles sadak nirman karya.ia(karyadai sanstatha)-block bhagwanpur,Shri Naresh Bansal (2020-26),93.2,High
Uttarakhand,Sitting Rajya Sabha,Normal/Others,WS/MP850/2026-2027/287531,sansad adarsh gram ibrahimpur masih ke majre ibrahimpur mein anusuchit basti mein main road se rajipal ke makan ki aur interlocking tiles sadak nirman karya.ia(karyadai sanstatha)-block bhagwanpur,Shri Naresh Bansal (2020-26),WS/MP850/2026-2027/287526,sansad adarsh gram ibrahimpur masih ke majre ibrahimpur mein ausuchit basti mein main road se saroj ke makan ki aur interlocking tiles sadak nirman karya.ia(karyadai sanstatha)-block bhagwanpur,Shri Naresh Bansal (2020-26),93.1,High
Uttarakhand,Sitting Rajya Sabha,Normal/Others,WS/MP850/2026-2027/287532,sansad adarsh gram ibrahimpur masih ke majre ibrahimpur mein anusuchit basti mein main road se sishpal ke makan ki aur interlocking tiles sadak nirman karya.ia(karyadai sanstatha)-block bhagwanpur,Shri Naresh Bansal (2020-26),WS/MP850/2026-2027/287526,sansad adarsh gram ibrahimpur masih ke majre ibrahimpur mein ausuchit basti mein main road se saroj ke makan ki aur interlocking tiles sadak nirman karya.ia(karyadai sanstatha)-block bhagwanpur,Shri Naresh Bansal (2020-26),93.1,High
Uttarakhand,Sitting Rajya Sabha,Normal/Others,WS/MP850/2026-2027/287530,sansad adarsh gram ibrahimpur masih ke majre ibrahimpur mein anusuchit basti mein main road se jaipal ke makan ki aur interlocking tiles sadak nirman karya.ia(karyadai sanstatha)-block bhagwanpur,Shri Naresh Bansal (2020-26),WS/MP850/2026-2027/287526,sansad adarsh gram ibrahimpur masih ke majre ibrahimpur mein ausuchit basti mein main road se saroj ke makan ki aur interlocking tiles sadak nirman karya.ia(karyadai sanstatha)-block bhagwanpur,Shri Naresh Bansal (2020-26),92.9,High
Uttarakhand,Sitting Rajya Sabha,Normal/Others,WS/MP850/2026-2027/287534,sansad adarsh gram ibrahimpur masih ke majre ibrahimpur mein anusuchit basti mein main road se fakirchandr ke makan ki aur interlocking tiles sadak nirman karya.ia(karyadai sanstatha)-block bhagwanpur,Shri Naresh Bansal (2020-26),WS/MP850/2026-2027/287526,sansad adarsh gram ibrahimpur masih ke majre ibrahimpur mein ausuchit basti mein main road se saroj ke makan ki aur interlocking tiles sadak nirman karya.ia(karyadai sanstatha)-block bhagwanpur,Shri Naresh Bansal (2020-26),92.5,High
Uttarakhand,Sitting Rajya Sabha,Normal/Others,WS/MP850/2026-2027/287529,sansad adarsh gram ibrahimpur masih ke majre ibrahimpur mein anusuchit basti mein main road se satish ke makan ki aur interlocking tiles sadak nirman karya.ia(karyadai sanstatha)-block bhagwanpur,Shri Naresh Bansal (2020-26),WS/MP850/2026-2027/287532,sansad adarsh gram ibrahimpur masih ke majre ibrahimpur mein anusuchit basti mein main road se sishpal ke makan ki aur interlocking tiles sadak nirman karya.ia(karyadai sanstatha)-block bhagwanpur,Shri Naresh Bansal (2020-26),96.4,Very High
Uttarakhand,Sitting Rajya Sabha,Normal/Others,WS/MP850/2026-2027/287530,sansad adarsh gram ibrahimpur masih ke majre ibrahimpur mein anusuchit basti mein main road se jaipal ke makan ki aur interlocking tiles sadak nirman karya.ia(karyadai sanstatha)-block bhagwanpur,Shri Naresh Bansal (2020-26),WS/MP850/2026-2027/287529,sansad adarsh gram ibrahimpur masih ke majre ibrahimpur mein anusuchit basti mein main road se satish ke makan ki aur interlocking tiles sadak nirman karya.ia(karyadai sanstatha)-block bhagwanpur,Shri Naresh Bansal (2020-26),95.9,Very High
Uttarakhand,Sitting Rajya Sabha,Normal/Others,WS/MP850/2026-2027/287531,sansad adarsh gram ibrahimpur masih ke majre ibrahimpur mein anusuchit basti mein main road se rajipal ke makan ki aur interlocking tiles sadak nirman karya.ia(karyadai sanstatha)-block bhagwanpur,Shri Naresh Bansal (2020-26),WS/MP850/2026-2027/287529,sansad adarsh gram ibrahimpur masih ke majre ibrahimpur mein anusuchit basti mein main road se satish ke makan ki aur interlocking tiles sadak nirman karya.ia(karyadai sanstatha)-block bhagwanpur,Shri Naresh Bansal (2020-26),95.8,Very High
Uttarakhand,Sitting Rajya Sabha,Normal/Others,WS/MP850/2026-2027/287534,sansad adarsh gram ibrahimpur masih ke majre ibrahimpur mein anusuchit basti mein main road se fakirchandr ke makan ki aur interlocking tiles sadak nirman karya.ia(karyadai sanstatha)-block bhagwanpur,Shri Naresh Bansal (2020-26),WS/MP850/2026-2027/287529,sansad adarsh gram ibrahimpur masih ke majre ibrahimpur mein anusuchit basti mein main road se satish ke makan ki aur interlocking tiles sadak nirman karya.ia(karyadai sanstatha)-block bhagwanpur,Shri Naresh Bansal (2020-26),95.5,Very High
Uttarakhand,Sitting Rajya Sabha,Normal/Others,WS/MP850/2026-2027/287530,sansad adarsh gram ibrahimpur masih ke majre ibrahimpur mein anusuchit basti mein main road se jaipal ke makan ki aur interlocking tiles sadak nirman karya.ia(karyadai sanstatha)-block bhagwanpur,Shri Naresh Bansal (2020-26),WS/MP850/2026-2027/287531,sansad adarsh gram ibrahimpur masih ke majre ibrahimpur mein anusuchit basti mein main road se rajipal ke makan ki aur interlocking tiles sadak nirman karya.ia(karyadai sanstatha)-block bhagwanpur,Shri Naresh Bansal (2020-26),96.7,Very High
Uttarakhand,Sitting Rajya Sabha,Normal/Others,WS/MP850/2026-2027/287530,sansad adarsh gram ibrahimpur masih ke majre ibrahimpur mein anusuchit basti mein main road se jaipal ke makan ki aur interlocking tiles sadak nirman karya.ia(karyadai sanstatha)-block bhagwanpur,Shri Naresh Bansal (2020-26),WS/MP850/2026-2027/287532,sansad adarsh gram ibrahimpur masih ke majre ibrahimpur mein anusuchit basti mein main road se sishpal ke makan ki aur interlocking tiles sadak nirman karya.ia(karyadai sanstatha)-block bhagwanpur,Shri Naresh Bansal (2020-26),96.4,Very High
Uttarakhand,Sitting Rajya Sabha,Normal/Others,WS/MP850/2026-2027/287534,sansad adarsh gram ibrahimpur masih ke majre ibrahimpur mein anusuchit basti mein main road se fakirchandr ke makan ki aur interlocking tiles sadak nirman karya.ia(karyadai sanstatha)-block bhagwanpur,Shri Naresh Bansal (2020-26),WS/MP850/2026-2027/287530,sansad adarsh gram ibrahimpur masih ke majre ibrahimpur mein anusuchit basti mein main road se jaipal ke makan ki aur interlocking tiles sadak nirman karya.ia(karyadai sanstatha)-block bhagwanpur,Shri Naresh Bansal (2020-26),95.5,Very High
Uttarakhand,Sitting Rajya Sabha,Normal/Others,WS/MP850/2026-2027/287531,sansad adarsh gram ibrahimpur masih ke majre ibrahimpur mein anusuchit basti mein main road se rajipal ke makan ki aur interlocking tiles sadak nirman karya.ia(karyadai sanstatha)-block bhagwanpur,Shri Naresh Bansal (2020-26),WS/MP850/2026-2027/287532,sansad adarsh gram ibrahimpur masih ke majre ibrahimpur mein anusuchit basti mein main road se sishpal ke makan ki aur interlocking tiles sadak nirman karya.ia(karyadai sanstatha)-block bhagwanpur,Shri Naresh Bansal (2020-26),96.2,Very High
Uttarakhand,Sitting Rajya Sabha,Normal/Others,WS/MP850/2026-2027/287534,sansad adarsh gram ibrahimpur masih ke majre ibrahimpur mein anusuchit basti mein main road se fakirchandr ke makan ki aur interlocking tiles sadak nirman karya.ia(karyadai sanstatha)-block bhagwanpur,Shri Naresh Bansal (2020-26),WS/MP850/2026-2027/287531,sansad adarsh gram ibrahimpur masih ke majre ibrahimpur mein anusuchit basti mein main road se rajipal ke makan ki aur interlocking tiles sadak nirman karya.ia(karyadai sanstatha)-block bhagwanpur,Shri Naresh Bansal (2020-26),95.3,Very High
Uttarakhand,Sitting Rajya Sabha,Normal/Others,WS/MP850/2026-2027/287534,sansad adarsh gram ibrahimpur masih ke majre ibrahimpur mein anusuchit basti mein main road se fakirchandr ke makan ki aur interlocking tiles sadak nirman karya.ia(karyadai sanstatha)-block bhagwanpur,Shri Naresh Bansal (2020-26),WS/MP850/2026-2027/287532,sansad adarsh gram ibrahimpur masih ke majre ibrahimpur mein anusuchit basti mein main road se sishpal ke makan ki aur interlocking tiles sadak nirman karya.ia(karyadai sanstatha)-block bhagwanpur,Shri Naresh Bansal (2020-26),95.3,Very High
Uttarakhand,Sitting Rajya Sabha,Normal/Others,WS/MP850/2026-2027/296388,sansad adarsh gram ibrahimpur masih ke anusuchit basti mein main road se rajkumar ke ghar ki aur interlocking tiles sadak nirman karya.ia(karyadai sanstatha)-block bhagwanpur,Shri Naresh Bansal (2020-26),WS/MP850/2026-2027/296385,sansad adarsh gram ibrahimpur masih ke anusuchit basti mein main road se sumit ke ghar ki aur interlocking tiles sadak nirman karya.ia(karyadai sanstatha)-block bhagwanpur,Shri Naresh Bansal (2020-26),95.5,Very High
Rajasthan,Sitting Rajya Sabha,Normal/Others,WS/MP18295/2024-2025/148613,"Construction of a Prayer Meeting Hall and Tin Shed at Rajkiya Ucch Madhyamik Vidyalaya, Barangana, Gram Panchayat Barangana, Didwana, District Didwana-Kuchaman, Rajasthan",Smt. Sonia Gandhi (2024-30),WS/MP18295/2024-2025/148614,"Construction of a Prayer Meeting Hall and Tin Shed at Rajkiya Ucch Madhyamik Vidyalaya, Dikawa, Gram Panchayat Barangana, Didwana, District Didwana-Kuchaman, Rajasthan",Smt. Sonia Gandhi (2024-30),95.6,Very High
Rajasthan,Sitting Rajya Sabha,Normal/Others,WS/MP148/2024-2025/156295,"Installing hand pumps, at Jatav Basti, Village - Kusaida Tyagi/Khurd, Dist. - Dholpur",Shri Randeep Singh Surjewala (2022-28),WS/MP148/2024-2025/156297,"Installing hand pumps at Tyagi Basti, Village - Kusaida Tyagi/Khurd Dist. - Dholpur",Shri Randeep Singh Surjewala (2022-28),94.0,High
Rajasthan,Sitting Rajya Sabha,Normal/Others,WS/MP148/2024-2025/156296,"Installing hand pumps at Kushwah Basti, Village - Kusaida Tyagi/Khurd, Dist. - Dholpur",Shri Randeep Singh Surjewala (2022-28),WS/MP148/2024-2025/156297,"Installing hand pumps at Tyagi Basti, Village - Kusaida Tyagi/Khurd Dist. - Dholpur",Shri Randeep Singh Surjewala (2022-28),92.5,High
Rajasthan,Sitting Rajya Sabha,Normal/Others,WS/MP18295/2025-2026/165291,"Installation of High Mast Light at Village Barangana, Gram Panchayat Barangana, Panchayat Samiti Didwana, District Didwana Kuchhaman",Smt. Sonia Gandhi (2024-30),WS/MP18295/2025-2026/165292,"Installation of High Mast Light at Village Dikawa, Gram Panchayat Barangana, Panchayat Samiti Didwana, District Didwana Kuchhaman",Smt. Sonia Gandhi (2024-30),94.1,High
Rajasthan,Sitting Rajya Sabha,Normal/Others,WS/MP18295/2024-2025/165468,"Installation of a single-phase tube well with electrical connection in Dayal Ki Nangal, SC ST Mohalla, Gram Panchayat Dayal Ki Nangal, Panchayat Samiti Neem Ka Thana",Smt. Sonia Gandhi (2024-30),WS/MP18295/2025-2026/165470,"Installation of a single-phase tube well with electrical connection in Dayal Ki Nangal, SC ST Mohalla, Jhalra, Gram Panchayat Dayal Ki Nangal, Panchayat Samiti Neem Ka Thana",Smt. Sonia Gandhi (2024-30),96.7,Very High
Rajasthan,Sitting Rajya Sabha,Normal/Others,WS/MP18295/2025-2026/174448,"Construction of Public Library at Bhiksingh ka Vaas, Gram Panchayat Chetrodi, Panchayat Samiti Gadra Road, District Barmer",Smt. Sonia Gandhi (2024-30),WS/MP18295/2025-2026/174447,"Construction of Public Library at Kamalsingh ka Vaas, Gram Panchayat Chetrodi, Panchayat Samiti Gadra Road, District Barmer",Smt. Sonia Gandhi (2024-30),92.5,High
Jammu And Kashmir,Nominated Rajya Sabha,Normal/Others,WS/MP839/2023-2024/34107,LED HIGH MASK LIGHT NEAR HOUSE OF JAGJEET SINGH,Shri Gulam Ali (2022-28),WS/MP839/2023-2024/33889,LED HIGH MASK LIGHT NEAR HOUSE OF shrI JAGJEET SINGH,Shri Gulam Ali (2022-28),92.5,High
Jammu And Kashmir,Nominated Rajya Sabha,Normal/Others,WS/MP839/2023-2024/33895,LED HIGH MASK LIGHT NEAR CITY PARK HOUSE NO. A-91,Shri Gulam Ali (2022-28),WS/MP839/2023-2024/33907,LED HIGH MASK LIGHT NEAR CITY PARK HOUSE NO. E-91,Shri Gulam Ali (2022-28),98.8,Extremely High
Jammu And Kashmir,Nominated Rajya Sabha,Normal/Others,WS/MP839/2023-2024/33932,LED HIGHMASK LIGHT NEAR MAA PUNA GIRI BATTERY RIKSHAW SHOWROOM NORTH SIDE,Shri Gulam Ali (2022-28),WS/MP839/2023-2024/33933,LED HIGHMASK LIGHT NEAR MAA PUNA GIRI BATTERY RIKSHAW SHOWROOM SOUTH SIDE,Shri Gulam Ali (2022-28),92.2,High
Jammu And Kashmir,Nominated Rajya Sabha,Normal/Others,WS/MP839/2023-2024/102045,SUPPLY AND INSTALLATION OF LED SEMI HIGH MAST AT DIFFERENCE PLACE AT DISTT PILIBHIT AS PER LIST ENCLOSED SERIAL NO FROM 1 TO 8,Shri Gulam Ali (2022-28),WS/MP839/2023-2024/101991,SUPPLY AND INSTALLATION OF LED SEMI HIGH MAST AT DIFFERENCE PLACE AT DISTT PILIBHIT AS PER LIST ENCLOSED SERIAL NO FROM 9 TO 20,Shri Gulam Ali (2022-28),96.3,Very High
Himachal Pradesh,Sitting Rajya Sabha,Normal/Others,WS/MP078/2023-2024/93471,"Purchase of Books of Twenty (20) HSS/High School/GSSS, Schools of District solan located in Urban and Rural areas",Dr. Sikander Kumar (2022-28),WS/MP078/2023-2024/93489,"Purchase of Books of Twenty (20) HSS/High School/GSSS, Schools of District Una located in Urban and Rural areas",Dr. Sikander Kumar (2022-28),93.3,High
Himachal Pradesh,Sitting Rajya Sabha,Normal/Others,WS/MP078/2023-2024/93485,"Purchase of Books of Twenty (20) HSS/High School/GSSS, Schools of District Sirmour located in Urban and Rural areas",Dr. Sikander Kumar (2022-28),WS/MP078/2023-2024/93471,"Purchase of Books of Twenty (20) HSS/High School/GSSS, Schools of District solan located in Urban and Rural areas",Dr. Sikander Kumar (2022-28),92.8,High
Himachal Pradesh,Sitting Rajya Sabha,Normal/Others,WS/MP078/2023-2024/103364,"Purchase of Books of Twenty (20) HSS/High School/GSSS, Schools of District Bilaspur located in Urban and Rural areas",Dr. Sikander Kumar (2022-28),WS/MP078/2023-2024/93471,"Purchase of Books of Twenty (20) HSS/High School/GSSS, Schools of District solan located in Urban and Rural areas",Dr. Sikander Kumar (2022-28),92.6,High
Himachal Pradesh,Sitting Rajya Sabha,Normal/Others,WS/MP078/2023-2024/103368,"Purchase of Books of Twenty (20) HSS/High School/GSSS, Schools of District Chamba located in Urban and Rural areas",Dr. Sikander Kumar (2022-28),WS/MP078/2023-2024/93471,"Purchase of Books of Twenty (20) HSS/High School/GSSS, Schools of District solan located in Urban and Rural areas",Dr. Sikander Kumar (2022-28),92.6,High
Himachal Pradesh,Sitting Rajya Sabha,Normal/Others,WS/MP078/2023-2024/93485,"Purchase of Books of Twenty (20) HSS/High School/GSSS, Schools of District Sirmour located in Urban and Rural areas",Dr. Sikander Kumar (2022-28),WS/MP078/2023-2024/93489,"Purchase of Books of Twenty (20) HSS/High School/GSSS, Schools of District Una located in Urban and Rural areas",Dr. Sikander Kumar (2022-28),92.8,High
Himachal Pradesh,Sitting Rajya Sabha,Normal/Others,WS/MP078/2023-2024/103364,"Purchase of Books of Twenty (20) HSS/High School/GSSS, Schools of District Bilaspur located in Urban and Rural areas",Dr. Sikander Kumar (2022-28),WS/MP078/2023-2024/93485,"Purchase of Books of Twenty (20) HSS/High School/GSSS, Schools of District Sirmour located in Urban and Rural areas",Dr. Sikander Kumar (2022-28),92.6,High
Himachal Pradesh,Sitting Rajya Sabha,Normal/Others,WS/MP078/2023-2024/103368,"Purchase of Books of Twenty (20) HSS/High School/GSSS, Schools of District Chamba located in Urban and Rural areas",Dr. Sikander Kumar (2022-28),WS/MP078/2023-2024/93485,"Purchase of Books of Twenty (20) HSS/High School/GSSS, Schools of District Sirmour located in Urban and Rural areas",Dr. Sikander Kumar (2022-28),92.0,High
Himachal Pradesh,Sitting Rajya Sabha,Normal/Others,WS/MP078/2023-2024/103368,"Purchase of Books of Twenty (20) HSS/High School/GSSS, Schools of District Chamba located in Urban and Rural areas",Dr. Sikander Kumar (2022-28),WS/MP078/2023-2024/93489,"Purchase of Books of Twenty (20) HSS/High School/GSSS, Schools of District Una located in Urban and Rural areas",Dr. Sikander Kumar (2022-28),93.1,High
Himachal Pradesh,Sitting Rajya Sabha,Normal/Others,WS/MP078/2023-2024/103364,"Purchase of Books of Twenty (20) HSS/High School/GSSS, Schools of District Bilaspur located in Urban and Rural areas",Dr. Sikander Kumar (2022-28),WS/MP078/2023-2024/93489,"Purchase of Books of Twenty (20) HSS/High School/GSSS, Schools of District Una located in Urban and Rural areas",Dr. Sikander Kumar (2022-28),92.6,High
Himachal Pradesh,Sitting Rajya Sabha,Normal/Others,WS/MP078/2023-2024/103364,"Purchase of Books of Twenty (20) HSS/High School/GSSS, Schools of District Bilaspur located in Urban and Rural areas",Dr. Sikander Kumar (2022-28),WS/MP078/2023-2024/103368,"Purchase of Books of Twenty (20) HSS/High School/GSSS, Schools of District Chamba located in Urban and Rural areas",Dr. Sikander Kumar (2022-28),92.3,High
Himachal Pradesh,Sitting Rajya Sabha,Normal/Others,WS/MP18304/2025-2026/147631,construction work of Community Hall,Shri Harsh Mahajan (2024-30),WS/MP18304/2025-2026/146832,construction work of Community Hall’s,Shri Harsh Mahajan (2024-30),98.3,Extremely High
Himachal Pradesh,Sitting Rajya Sabha,Normal/Others,WS/MP18304/2024-2025/156164,Construction of Link Road and pathways,Shri Harsh Mahajan (2024-30),WS/MP18304/2024-2025/146842,construction work of Link Road and pathways,Shri Harsh Mahajan (2024-30),96.3,Very High
Himachal Pradesh,Sitting Rajya Sabha,Normal/Others,WS/MP18304/2025-2026/172610,Construction of link roads and pathways,Shri Harsh Mahajan (2024-30),WS/MP18304/2024-2025/146870,construction work of Link Roads And pathways,Shri Harsh Mahajan (2024-30),96.4,Very High
Himachal Pradesh,Sitting Rajya Sabha,Normal/Others,WS/MP078/2024-2025/147269,"Installation of Open Gym at G.P. Ghorpith, Dev. Block Baijnath, District Kangra as per the recommendation of Sh. Sunny Shukla. Executing agency BDO, Baijnath.",Dr. Sikander Kumar (2022-28),WS/MP078/2024-2025/147267,"Installation of Open Gym at G.P. Kudail, Dev. Block Baijnath, District Kangra as per the recommendation of Sh. Sunny Shukla. Executing agency BDO, Baijnath.",Dr. Sikander Kumar (2022-28),93.1,High
Himachal Pradesh,Sitting Rajya Sabha,Normal/Others,WS/MP18304/2025-2026/172572,Construction of culverts and bridges,Shri Harsh Mahajan (2024-30),WS/MP18304/2025-2026/147628,construction work of Culverts and Bridges,Shri Harsh Mahajan (2024-30),96.1,Very High
Himachal Pradesh,Sitting Rajya Sabha,Normal/Others,WS/MP18304/2024-2025/159034,Construction of Community Hall,Shri Harsh Mahajan (2024-30),WS/MP18304/2025-2026/147631,construction work of Community Hall,Shri Harsh Mahajan (2024-30),95.4,Very High
Himachal Pradesh,Sitting Rajya Sabha,Normal/Others,WS/MP078/2024-2025/154574,"Purchase of books for Schools and Public Library at Lahul, through Dy. Director Higher Education, L&S (Keylong), District Lahual and Spiti (HP). Executing agency: Dy. Director Higher Education.",Dr. Sikander Kumar (2022-28),WS/MP078/2024-2025/154573,"Purchase of Books for Schools and Public Library at Lahul, through Dy. Director Higher/Elementary Education, L&S (Keylong), District Lahual and Spiti (HP). Executing agency:Dy. Director, Higher Education",Dr. Sikander Kumar (2022-28),96.1,Very High
Himachal Pradesh,Sitting Rajya Sabha,Normal/Others,WS/MP18304/2024-2025/156164,Construction of Link Road and pathways,Shri Harsh Mahajan (2024-30),WS/MP18304/2024-2025/156129,Construction of Link Road & pathways,Shri Harsh Mahajan (2024-30),96.7,Very High
Himachal Pradesh,Sitting Rajya Sabha,Normal/Others,WS/MP18304/2025-2026/195833,Construction of Pucca Path Ambulance Road from Barour-II to Chaminu Phase-I,Shri Harsh Mahajan (2024-30),WS/MP18304/2025-2026/196110,Construction of Pucca Path Ambulance Road from Barour-II to Chaminu Phase-II,Shri Harsh Mahajan (2024-30),99.6,Extremely High
Himachal Pradesh,Sitting Rajya Sabha,Normal/Others,WS/MP18304/2025-2026/195833,Construction of Pucca Path Ambulance Road from Barour-II to Chaminu Phase-I,Shri Harsh Mahajan (2024-30),WS/MP18304/2025-2026/196109,Construction of Pucca Path Ambulance Road from Barour-II to Chaminu Phase-III,Shri Harsh Mahajan (2024-30),95.2,Very High
Himachal Pradesh,Sitting Rajya Sabha,Normal/Others,WS/MP18304/2025-2026/196110,Construction of Pucca Path Ambulance Road from Barour-II to Chaminu Phase-II,Shri Harsh Mahajan (2024-30),WS/MP18304/2025-2026/196109,Construction of Pucca Path Ambulance Road from Barour-II to Chaminu Phase-III,Shri Harsh Mahajan (2024-30),95.6,Very High
Himachal Pradesh,Sitting Rajya Sabha,Normal/Others,WS/MP078/2025-2026/220891,Purchase of Books for Public Library in different government schools located at District Una Through Dy Director Elementary Education Una District Una Himachal Pradesh Executing Agency Dy Director Elementary Education District Una,Dr. Sikander Kumar (2022-28),WS/MP078/2025-2026/267750,Purchase of Books for public library in different government schools located at District Una through Dy Director Elementary Education Una District Una Himachal Pradesh Executing Agency Dy Director Elementary Education Una,Dr. Sikander Kumar (2022-28),98.8,Extremely High
Himachal Pradesh,Sitting Rajya Sabha,Normal/Others,WS/MP078/2025-2026/220891,Purchase of Books for Public Library in different government schools located at District Una Through Dy Director Elementary Education Una District Una Himachal Pradesh Executing Agency Dy Director Elementary Education District Una,Dr. Sikander Kumar (2022-28),WS/MP078/2026-2027/260552,Purchase of Books for Public Library in different government schools located at District Una Through Dy Director Higher Education Una District Una Himachal Pradesh Executing Agency Dy Director Higher Education District Una,Dr. Sikander Kumar (2022-28),92.8,High
Himachal Pradesh,Sitting Rajya Sabha,Normal/Others,WS/MP078/2025-2026/220892,Purchase of books for public library for different Government Schools located at District Mandi Through Dy Director Higher Education Mandi District Mandi Himachal Pradesh Executing Agency Dy Director Higher Education Mandi,Dr. Sikander Kumar (2022-28),WS/MP078/2025-2026/220893,Purchase of Books for public library in different government schools located at District Mandi through Dy Director Elementary Education Mandi District Mandi Himachal Pradesh Executing Agency Dy Director Elementary Education Mandi,Dr. Sikander Kumar (2022-28),92.1,High
Himachal Pradesh,Sitting Rajya Sabha,Normal/Others,WS/MP078/2025-2026/220892,Purchase of books for public library for different Government Schools located at District Mandi Through Dy Director Higher Education Mandi District Mandi Himachal Pradesh Executing Agency Dy Director Higher Education Mandi,Dr. Sikander Kumar (2022-28),WS/MP078/2026-2027/269519,Purchase of Books for public library in different government schools located at District Solan through Dy Director Higher Education Solan District Solan Himachal Pradesh Executing Agency Dy Director Higher Education Solan,Dr. Sikander Kumar (2022-28),92.1,High
Himachal Pradesh,Sitting Rajya Sabha,Normal/Others,WS/MP078/2025-2026/220893,Purchase of Books for public library in different government schools located at District Mandi through Dy Director Elementary Education Mandi District Mandi Himachal Pradesh Executing Agency Dy Director Elementary Education Mandi,Dr. Sikander Kumar (2022-28),WS/MP078/2025-2026/267750,Purchase of Books for public library in different government schools located at District Una through Dy Director Elementary Education Una District Una Himachal Pradesh Executing Agency Dy Director Elementary Education Una,Dr. Sikander Kumar (2022-28),92.8,High
Himachal Pradesh,Sitting Rajya Sabha,Normal/Others,WS/MP18304/2025-2026/254198,Construction of Public Utility Community Hall Near District Court Complex for District Court Advocates welfare and Charitable fund Society Bilaspur phase-I,Shri Harsh Mahajan (2024-30),WS/MP18304/2025-2026/254199,Construction of Public Utility Community Hall Near District Court Complex for District Court Advocates welfare and Charitable fund Society Bilaspur phase-II,Shri Harsh Mahajan (2024-30),97.3,Very High
Himachal Pradesh,Sitting Rajya Sabha,Normal/Others,WS/MP078/2025-2026/254487,Construction of Link Road Ambulance road Phase II with protection wall from the house of late Sh Karam Chand towards Pulli at Village Loharda SC Basti Gram Panchayat Dabryana Development Block Bijri Executing Agency AE Zila Parishad Hamirpur,Dr. Sikander Kumar (2022-28),WS/MP078/2025-2026/254489,Construction of Link Road Ambulance road Phase III with Protection wall from the house of late Sh Karam Chand towards Pulli at Village Loharda SC Basti Gram Panchayat Dabryana Development Block Bijri Executing Agency AE Zila Parishad Hamirpur,Dr. Sikander Kumar (2022-28),97.4,Very High
Odisha,Sitting Rajya Sabha,Normal/Others,WS/MP138/2023-2024/15247,"Completion of Addl Class Room- 1 of Seshadev Basanti High School, GP-Bhubaneswarpur, Block-Jajpur, Dist-Jajpur, Odisha",Smt. Sulata Deo (2022-28),WS/MP138/2023-2024/15248,"Completion of Addl Class Room- 2 of Seshadev Basanti High School, GP-Bhubaneswarpur, Block-Jajpur, Dist-Jajpur, Odisha",Smt. Sulata Deo (2022-28),99.5,Extremely High
Odisha,Sitting Rajya Sabha,Normal/Others,WS/MP138/2023-2024/15731,"Completion of Addl Class Room -1 at Grama Mangal, Samiti High School, Rudhia, Malandapur GP, Jajpur, Odisha",Smt. Sulata Deo (2022-28),WS/MP138/2023-2024/15732,"Completion of Addl Class Room -2 at Grama Mangal, Samiti High School, Rudhia, Malandapur GP, Jajpur, Odisha",Smt. Sulata Deo (2022-28),99.4,Extremely High
Odisha,Sitting Rajya Sabha,Normal/Others,WS/MP138/2023-2024/15731,"Completion of Addl Class Room -1 at Grama Mangal, Samiti High School, Rudhia, Malandapur GP, Jajpur, Odisha",Smt. Sulata Deo (2022-28),WS/MP138/2023-2024/15733,"Completion of Addl Class Room -3 at Grama Mangal, Samiti High School, Rudhia, Malandapur GP, Jajpur, Odisha",Smt. Sulata Deo (2022-28),99.4,Extremely High
Odisha,Sitting Rajya Sabha,Normal/Others,WS/MP138/2023-2024/15731,"Completion of Addl Class Room -1 at Grama Mangal, Samiti High School, Rudhia, Malandapur GP, Jajpur, Odisha",Smt. Sulata Deo (2022-28),WS/MP138/2023-2024/15734,"Completion of Addl Class Room -4 at Grama Mangal, Samiti High School, Rudhia, Malandapur GP, Jajpur, Odisha",Smt. Sulata Deo (2022-28),99.4,Extremely High
Odisha,Sitting Rajya Sabha,Normal/Others,WS/MP138/2023-2024/15732,"Completion of Addl Class Room -2 at Grama Mangal, Samiti High School, Rudhia, Malandapur GP, Jajpur, Odisha",Smt. Sulata Deo (2022-28),WS/MP138/2023-2024/15733,"Completion of Addl Class Room -3 at Grama Mangal, Samiti High School, Rudhia, Malandapur GP, Jajpur, Odisha",Smt. Sulata Deo (2022-28),99.4,Extremely High
Odisha,Sitting Rajya Sabha,Normal/Others,WS/MP138/2023-2024/15732,"Completion of Addl Class Room -2 at Grama Mangal, Samiti High School, Rudhia, Malandapur GP, Jajpur, Odisha",Smt. Sulata Deo (2022-28),WS/MP138/2023-2024/15734,"Completion of Addl Class Room -4 at Grama Mangal, Samiti High School, Rudhia, Malandapur GP, Jajpur, Odisha",Smt. Sulata Deo (2022-28),99.4,Extremely High
Odisha,Sitting Rajya Sabha,Normal/Others,WS/MP138/2023-2024/15733,"Completion of Addl Class Room -3 at Grama Mangal, Samiti High School, Rudhia, Malandapur GP, Jajpur, Odisha",Smt. Sulata Deo (2022-28),WS/MP138/2023-2024/15734,"Completion of Addl Class Room -4 at Grama Mangal, Samiti High School, Rudhia, Malandapur GP, Jajpur, Odisha",Smt. Sulata Deo (2022-28),99.4,Extremely High
Odisha,Sitting Rajya Sabha,Normal/Others,WS/MP138/2023-2024/15735,"Completion of additional room at Hanuman Jew High School, Sahaspur GP, Jajpur, Odisha",Smt. Sulata Deo (2022-28),WS/MP138/2023-2024/15739,"Construction of additional room -1 at Hanuman Jew High School, Sahaspur GP, Jajpur, Odisha",Smt. Sulata Deo (2022-28),92.1,High
Odisha,Sitting Rajya Sabha,Normal/Others,WS/MP138/2023-2024/69154,"Construction of Dance Studio Room for Yoga & Music Learning Centre at Municipal High School, Jajpur Municipality, Jajpur under Jajpur Assembly Dist-Jajpur",Smt. Sulata Deo (2022-28),WS/MP138/2023-2024/69148,"Construction of Yoga Studio Room for Yoga & Music Learning Centre at Municipal High School, Jajpur Municipality, Jajpur under Jajpur Assembly Dist-Jajpur",Smt. Sulata Deo (2022-28),95.9,Very High
Odisha,Sitting Rajya Sabha,Normal/Others,WS/MP138/2023-2024/69156,"Construction of Music Room for Yoga & Music Learning Centre at Municipal High School, Jajpur Municipality, Jajpur under Jajpur Assembly Dist-Jajpur",Smt. Sulata Deo (2022-28),WS/MP138/2023-2024/69148,"Construction of Yoga Studio Room for Yoga & Music Learning Centre at Municipal High School, Jajpur Municipality, Jajpur under Jajpur Assembly Dist-Jajpur",Smt. Sulata Deo (2022-28),94.7,High
Odisha,Sitting Rajya Sabha,Normal/Others,WS/MP138/2023-2024/69149,"Construction of Meditation Room for Yoga & Music Learning Centre at Municipal High School, Jajpur Municipality, Jajpur under Jajpur Assembly Dist-Jajpur",Smt. Sulata Deo (2022-28),WS/MP138/2023-2024/69148,"Construction of Yoga Studio Room for Yoga & Music Learning Centre at Municipal High School, Jajpur Municipality, Jajpur under Jajpur Assembly Dist-Jajpur",Smt. Sulata Deo (2022-28),92.0,High
Odisha,Sitting Rajya Sabha,Normal/Others,WS/MP138/2023-2024/69149,"Construction of Meditation Room for Yoga & Music Learning Centre at Municipal High School, Jajpur Municipality, Jajpur under Jajpur Assembly Dist-Jajpur",Smt. Sulata Deo (2022-28),WS/MP138/2023-2024/69155,"Construction of Training Room for Yoga & Music Learning Centre at Municipal High School, Jajpur Municipality, Jajpur under Jajpur Assembly Dist-Jajpur",Smt. Sulata Deo (2022-28),92.6,High
Odisha,Sitting Rajya Sabha,Normal/Others,WS/MP138/2023-2024/69149,"Construction of Meditation Room for Yoga & Music Learning Centre at Municipal High School, Jajpur Municipality, Jajpur under Jajpur Assembly Dist-Jajpur",Smt. Sulata Deo (2022-28),WS/MP138/2023-2024/69150,"Construction of Treatment Room for Yoga & Music Learning Centre at Municipal High School, Jajpur Municipality, Jajpur under Jajpur Assembly Dist-Jajpur",Smt. Sulata Deo (2022-28),92.4,High
Odisha,Sitting Rajya Sabha,Normal/Others,WS/MP138/2023-2024/69149,"Construction of Meditation Room for Yoga & Music Learning Centre at Municipal High School, Jajpur Municipality, Jajpur under Jajpur Assembly Dist-Jajpur",Smt. Sulata Deo (2022-28),WS/MP138/2023-2024/69156,"Construction of Music Room for Yoga & Music Learning Centre at Municipal High School, Jajpur Municipality, Jajpur under Jajpur Assembly Dist-Jajpur",Smt. Sulata Deo (2022-28),94.9,High
Odisha,Sitting Rajya Sabha,Normal/Others,WS/MP138/2023-2024/69155,"Construction of Training Room for Yoga & Music Learning Centre at Municipal High School, Jajpur Municipality, Jajpur under Jajpur Assembly Dist-Jajpur",Smt. Sulata Deo (2022-28),WS/MP138/2023-2024/69150,"Construction of Treatment Room for Yoga & Music Learning Centre at Municipal High School, Jajpur Municipality, Jajpur under Jajpur Assembly Dist-Jajpur",Smt. Sulata Deo (2022-28),92.8,High
Odisha,Sitting Rajya Sabha,Normal/Others,WS/MP138/2023-2024/69156,"Construction of Music Room for Yoga & Music Learning Centre at Municipal High School, Jajpur Municipality, Jajpur under Jajpur Assembly Dist-Jajpur",Smt. Sulata Deo (2022-28),WS/MP138/2023-2024/69150,"Construction of Treatment Room for Yoga & Music Learning Centre at Municipal High School, Jajpur Municipality, Jajpur under Jajpur Assembly Dist-Jajpur",Smt. Sulata Deo (2022-28),94.7,High
Odisha,Sitting Rajya Sabha,Normal/Others,WS/MP138/2023-2024/69151,"Construction of Locker Room for Yoga & Music Learning Centre at Municipal High School, Jajpur Municipality, Jajpur under Jajpur Assembly Dist-Jajpur",Smt. Sulata Deo (2022-28),WS/MP138/2023-2024/69150,"Construction of Treatment Room for Yoga & Music Learning Centre at Municipal High School, Jajpur Municipality, Jajpur under Jajpur Assembly Dist-Jajpur",Smt. Sulata Deo (2022-28),92.0,High
Odisha,Sitting Rajya Sabha,Normal/Others,WS/MP138/2023-2024/69151,"Construction of Locker Room for Yoga & Music Learning Centre at Municipal High School, Jajpur Municipality, Jajpur under Jajpur Assembly Dist-Jajpur",Smt. Sulata Deo (2022-28),WS/MP138/2023-2024/69156,"Construction of Music Room for Yoga & Music Learning Centre at Municipal High School, Jajpur Municipality, Jajpur under Jajpur Assembly Dist-Jajpur",Smt. Sulata Deo (2022-28),95.3,Very High
Odisha,Sitting Rajya Sabha,Normal/Others,WS/MP138/2023-2024/69151,"Construction of Locker Room for Yoga & Music Learning Centre at Municipal High School, Jajpur Municipality, Jajpur under Jajpur Assembly Dist-Jajpur",Smt. Sulata Deo (2022-28),WS/MP138/2023-2024/69155,"Construction of Training Room for Yoga & Music Learning Centre at Municipal High School, Jajpur Municipality, Jajpur under Jajpur Assembly Dist-Jajpur",Smt. Sulata Deo (2022-28),92.2,High
Odisha,Sitting Rajya Sabha,Normal/Others,WS/MP138/2023-2024/69156,"Construction of Music Room for Yoga & Music Learning Centre at Municipal High School, Jajpur Municipality, Jajpur under Jajpur Assembly Dist-Jajpur",Smt. Sulata Deo (2022-28),WS/MP138/2023-2024/69153,"Construction of Restrooms for Yoga & Music Learning Centre at Municipal High School, Jajpur Municipality, Jajpur under Jajpur Assembly Dist-Jajpur",Smt. Sulata Deo (2022-28),92.4,High
Odisha,Sitting Rajya Sabha,Normal/Others,WS/MP138/2023-2024/69154,"Construction of Dance Studio Room for Yoga & Music Learning Centre at Municipal High School, Jajpur Municipality, Jajpur under Jajpur Assembly Dist-Jajpur",Smt. Sulata Deo (2022-28),WS/MP138/2023-2024/69156,"Construction of Music Room for Yoga & Music Learning Centre at Municipal High School, Jajpur Municipality, Jajpur under Jajpur Assembly Dist-Jajpur",Smt. Sulata Deo (2022-28),92.0,High
Odisha,Sitting Rajya Sabha,Normal/Others,WS/MP138/2023-2024/69156,"Construction of Music Room for Yoga & Music Learning Centre at Municipal High School, Jajpur Municipality, Jajpur under Jajpur Assembly Dist-Jajpur",Smt. Sulata Deo (2022-28),WS/MP138/2023-2024/69155,"Construction of Training Room for Yoga & Music Learning Centre at Municipal High School, Jajpur Municipality, Jajpur under Jajpur Assembly Dist-Jajpur",Smt. Sulata Deo (2022-28),94.9,High
Odisha,Sitting Rajya Sabha,Normal/Others,WS/MP138/2023-2024/99273,"supply, Installation and required electrification of medical equipment for labour rooms at the rural medical centre under MPLADS, a health-related project for mother and newborn baby care, Block Rasulpur, Place BRAHMABARADA, Health Unit Name -PHC, BRAHMABARADA",Smt. Sulata Deo (2022-28),WS/MP138/2023-2024/99274,"supply, Installation and required electrification of medical equipment for labour rooms at the rural medical centre under MPLADS, a health-related project for mother and newborn baby care, Block Rasulpur, Place HARIPURHAT Health Unit Name -PHC, HARIPURHAT",Smt. Sulata Deo (2022-28),93.5,High
Odisha,Sitting Rajya Sabha,Normal/Others,WS/MP138/2025-2026/172969,"Installation And Electrification of Medical Equipment for Labour Room under Korei Block Jajpur District, Place Panikoili PHC (New).",Smt. Sulata Deo (2022-28),WS/MP138/2025-2026/172970,"Installation And Electrification of Medical Equipment for Labour Room under Korei Block Jajpur District, Place Sankhachilla PHC (New).",Smt. Sulata Deo (2022-28),92.1,High
Odisha,Sitting Rajya Sabha,Normal/Others,WS/MP138/2025-2026/210949,Installation of Semi High Mast Light at Bhoi Sahi Chhaka Village Raghunathpur Ward No 1 GP Ukundara Block Biridi Distt Jagatsinghpur,Smt. Sulata Deo (2022-28),WS/MP138/2025-2026/210947,Installation of Semi High Mast Light at Harijan Sahi Chhaka Village Raghunathpur Ward No 3 GP Ukundara Block Biridi Distt Jagatsinghpur,Smt. Sulata Deo (2022-28),93.5,High
Odisha,Sitting Rajya Sabha,Normal/Others,WS/MP138/2025-2026/210949,Installation of Semi High Mast Light at Bhoi Sahi Chhaka Village Raghunathpur Ward No 1 GP Ukundara Block Biridi Distt Jagatsinghpur,Smt. Sulata Deo (2022-28),WS/MP138/2025-2026/210948,Installation of Semi High Mast Light at Bhoi Sahi Chhaka Village Ukundara Ward No 15 GP Ukundara Block Biridi Distt Jagatsinghpur,Smt. Sulata Deo (2022-28),92.6,High
Odisha,Sitting Rajya Sabha,Normal/Others,WS/MP18283/2025-2026/234293,Installation of Semi High Mast light at Dadapur Laxmi Narayan Mandir Chaka.,Shri Subhasish Khuntia (2024-30),WS/MP18283/2025-2026/234277,Installation of Semi High Mast light at Laxmi Narayan Mandir Chaka.,Shri Subhasish Khuntia (2024-30),92.1,High
Karnataka,Sitting Rajya Sabha,Normal/Others,WS/MP084/2024-2025/38002,"Construction of room in Basava Residential School, Huskuru Village, Bangalore North Taluk, Bangalore Urban.",Shri Jaggesh (2022-28),WS/MP084/2024-2025/38072,"Construction work of Room-2, Basava Residential High School, Huskuru village, Bangalore North Taluk, Bangalore Urban",Shri Jaggesh (2022-28),92.7,High
Karnataka,Sitting Rajya Sabha,Normal/Others,WS/MP084/2024-2025/38083,"CC Road Works, Ward No.6, Hesaraghatta Grama Panchayat, Yelahanka Taluk, Banglaore Urban",Shri Jaggesh (2022-28),WS/MP084/2024-2025/38085,"CC Road works, Ward No.6, Hesaraghatta Grama Panchayat, Yelahanka Taluk, Banglore Urban",Shri Jaggesh (2022-28),93.5,High
Karnataka,Sitting Rajya Sabha,Normal/Others,WS/MP084/2024-2025/38106,"CC Road work, Hesaraghatta Grama Panchayat, Yelahanka Taluk, Bangalore Urban.",Shri Jaggesh (2022-28),WS/MP084/2024-2025/38103,"CC Road works, Hesaraghatta Grama Panchayat, Yelahanka Taluk, Bangalore Urban",Shri Jaggesh (2022-28),95.6,Very High
Karnataka,Sitting Rajya Sabha,Normal/Others,WS/MP084/2024-2025/38398,"C.C Road development work, Machohali Village, Machohalli Grama Panchayat, Bangalore North Taluk, Bangalore Urban",Shri Jaggesh (2022-28),WS/MP084/2024-2025/38396,"C.C Road Development work, Machohalli Village, Machohalli Grama Panchayat, Bangalore North Taluk, Bangalore Urban.",Shri Jaggesh (2022-28),95.7,Very High
Karnataka,Sitting Rajya Sabha,Normal/Others,WS/MP084/2024-2025/38396,"C.C Road Development work, Machohalli Village, Machohalli Grama Panchayat, Bangalore North Taluk, Bangalore Urban.",Shri Jaggesh (2022-28),WS/MP084/2024-2025/38416,"Road Development work, Machohalli Village, Machohalli Grama Panchayat, Bangalore North Taluk, Bangalore Urban.",Shri Jaggesh (2022-28),98.9,Extremely High
Karnataka,Sitting Rajya Sabha,Normal/Others,WS/MP084/2024-2025/38466,"C.C Road development work, Machohalli Village, Machohalli Grama Panchayat, Bangalore North, Bangalore Urban.",Shri Jaggesh (2022-28),WS/MP084/2024-2025/38396,"C.C Road Development work, Machohalli Village, Machohalli Grama Panchayat, Bangalore North Taluk, Bangalore Urban.",Shri Jaggesh (2022-28),93.9,High
Karnataka,Sitting Rajya Sabha,Normal/Others,WS/MP084/2024-2025/38398,"C.C Road development work, Machohali Village, Machohalli Grama Panchayat, Bangalore North Taluk, Bangalore Urban",Shri Jaggesh (2022-28),WS/MP084/2024-2025/38416,"Road Development work, Machohalli Village, Machohalli Grama Panchayat, Bangalore North Taluk, Bangalore Urban.",Shri Jaggesh (2022-28),94.6,High
Karnataka,Sitting Rajya Sabha,Normal/Others,WS/MP084/2024-2025/38414,"C.C Drainage development work, Machohalli Village, Machohalli Grama Panchayat, Banalore North Taluk, Bangalore Urban.",Shri Jaggesh (2022-28),WS/MP084/2024-2025/38415,"C.C.Drainage development work, Machohalli Village, Machohalli Grama Panchayat, Bangalore North Taluk, Bangalore Urban.",Shri Jaggesh (2022-28),95.7,Very High
Karnataka,Sitting Rajya Sabha,Normal/Others,WS/MP084/2024-2025/38466,"C.C Road development work, Machohalli Village, Machohalli Grama Panchayat, Bangalore North, Bangalore Urban.",Shri Jaggesh (2022-28),WS/MP084/2024-2025/38416,"Road Development work, Machohalli Village, Machohalli Grama Panchayat, Bangalore North Taluk, Bangalore Urban.",Shri Jaggesh (2022-28),92.7,High
Karnataka,Sitting Rajya Sabha,Normal/Others,WS/MP084/2025-2026/38658,12/12.5 meter high mast light installation.,Shri Jaggesh (2022-28),WS/MP084/2025-2026/38659,12/12.5 meter high mast light installation work.,Shri Jaggesh (2022-28),96.6,Very High
Karnataka,Sitting Rajya Sabha,Normal/Others,WS/MP084/2024-2025/38757,"Road development work, Ramohalli, Ramohalli Grama Panchayat, Kengeri Hobli, Bangalore South Taluk, Bangalore Urban.",Shri Jaggesh (2022-28),WS/MP084/2024-2025/38758,"Road development work, Ramohalli Village, Ramohalli Grama Panchayat, Kengeri Hobli, Bangalore South Taluk, Bangalore Urban.",Shri Jaggesh (2022-28),94.2,High
Karnataka,Sitting Rajya Sabha,Normal/Others,WS/MP084/2024-2025/38760,"Link road development work, Ramohalli Village, Ramohalli Grama Panchayat, Bangalore South Taluk, Bangalore Urban.",Shri Jaggesh (2022-28),WS/MP084/2024-2025/38759,"Road development work, Ramohalli Village, Ramohalli Grama Panchayat, Bangalore South Taluk, Bangalore Urban.",Shri Jaggesh (2022-28),94.6,High
Karnataka,Sitting Rajya Sabha,Normal/Others,WS/MP084/2023-2024/50291,"Concrete road and drainage construction work, Aditya Nagar, Machohalli Gram Panchayat, Bangalore North Taluk, Bangalore Urban District.",Shri Jaggesh (2022-28),WS/MP084/2023-2024/50293,"Concrete Road Construction work, Aditya Nagar, Machohalli Gram Panchayat, Bangalore North Taluk, Bangalore Urban District.",Shri Jaggesh (2022-28),93.8,High
Karnataka,Sitting Rajya Sabha,Normal/Others,WS/MP084/2024-2025/133707,"Road Development work at Gangondanahalli village, Madanayakanahalli city Municipal council, Yelahanka Assembly, Bangalore North Taluk, Bengaluru Urban District.",Shri Jaggesh (2022-28),WS/MP084/2024-2025/133708,"Road Development work at K.G.Lakkenahalli village, Madanayakanahalli city Municipal council, Yelahanka Assembly, Bangalore North Taluk, Bengaluru Urban District.",Shri Jaggesh (2022-28),92.5,High
Karnataka,Sitting Rajya Sabha,Normal/Others,WS/MP084/2024-2025/133834,"Road Development Work : Anadagu village, Mayasandra Gram Panchayat, Turuvekere Taluk, Tumakuru District.",Shri Jaggesh (2022-28),WS/MP084/2024-2025/133833,"Road Development Work at Anadagu village, Mayasandra Gram Panchayat, Turuvekere Taluk, Tumakuru District.",Shri Jaggesh (2022-28),99.1,Extremely High
Karnataka,Sitting Rajya Sabha,Normal/Others,WS/MP084/2024-2025/133833,"Road Development Work at Anadagu village, Mayasandra Gram Panchayat, Turuvekere Taluk, Tumakuru District.",Shri Jaggesh (2022-28),WS/MP084/2024-2025/134112,"Road Development Work, Mayasandra Village, Mayasandra Gram Panchayat, Turuvekere Taluk, Tumakuru District.",Shri Jaggesh (2022-28),93.0,High
Karnataka,Sitting Rajya Sabha,Normal/Others,WS/MP084/2024-2025/133834,"Road Development Work : Anadagu village, Mayasandra Gram Panchayat, Turuvekere Taluk, Tumakuru District.",Shri Jaggesh (2022-28),WS/MP084/2024-2025/134112,"Road Development Work, Mayasandra Village, Mayasandra Gram Panchayat, Turuvekere Taluk, Tumakuru District.",Shri Jaggesh (2022-28),93.3,High
Karnataka,Sitting Rajya Sabha,Normal/Others,WS/MP084/2024-2025/133837,"Road Development Work from Chikkasettikere Main Road to Radhakrishna Thota, Chikkasettikere village, Mayasandra Gram Panchayat, Turuvekere Taluk, Tumakuru District.",Shri Jaggesh (2022-28),WS/MP084/2024-2025/133839,"Road Development Work from Chikkasettikere Main Road to Ramanna Thota, Chikkasettikere village, Mayasandra Gram Panchayat, Turuvekere Taluk, Tumakuru District.",Shri Jaggesh (2022-28),92.9,High
Karnataka,Sitting Rajya Sabha,Normal/Others,WS/MP084/2024-2025/133939,"Road Development Work, Mayasandra, Mayasandra Gram Panchayat, Turuvekere Taluk, Tumakuru District.",Shri Jaggesh (2022-28),WS/MP084/2024-2025/134112,"Road Development Work, Mayasandra Village, Mayasandra Gram Panchayat, Turuvekere Taluk, Tumakuru District.",Shri Jaggesh (2022-28),93.1,High
Karnataka,Sitting Rajya Sabha,Normal/Others,WS/MP18296/2024-2025/147343,Construction CC Road,Dr. Syed Naseer Hussain (2024-30),WS/MP18296/2024-2025/147361,Construction of CC Road,Dr. Syed Naseer Hussain (2024-30),95.8,Very High
Karnataka,Sitting Rajya Sabha,Normal/Others,WS/MP18296/2024-2025/155205,Construction of CC Roads and Drains,Dr. Syed Naseer Hussain (2024-30),WS/MP18296/2024-2025/155200,Construction of CC Roads & Drains,Dr. Syed Naseer Hussain (2024-30),96.4,Very High
Karnataka,Sitting Rajya Sabha,Normal/Others,WS/MP086/2025-2026/170915,"Construction of chain link fencing from 13A cross to 14th cross, Ward no 178, JP nagar 1st phase, Bangalore",Shri G.C. Chandrashekhar (2024-30),WS/MP086/2025-2026/170916,"Construction of chain link fencing from 14th cross to 14 A cross, Ward no 178, JP nagar 1st phase, Bangalore",Shri G.C. Chandrashekhar (2024-30),92.4,High
Karnataka,Sitting Rajya Sabha,Normal/Others,WS/MP084/2025-2026/190707,"Construction of Cement Concrete Road (C C Road) at Kadabagere village, Dasanapura Hobli, Bengaluru North Taluk, Bengaluru Urban, Karnataka",Shri Jaggesh (2022-28),WS/MP084/2025-2026/190708,"Construction of Cement Concrete Road (C C Road) at Kuduragere village, Dasanapura Hobli, Bengaluru North Taluk, Bengaluru Urban, Karnataka",Shri Jaggesh (2022-28),92.5,High
Karnataka,Sitting Rajya Sabha,Normal/Others,WS/MP084/2025-2026/193067,"Construction of Cement Concrete Road (C C Road) from Amasegowda House to Gangganna House, Janardhanapura village, Mayasandra hobli and Grama Panchayat, Turuvekere Taluk, Tumakuru District, Karnataka.",Shri Jaggesh (2022-28),WS/MP084/2025-2026/193068,"Construction of Cement Concrete Road (C C Road) from Gangganna House to Rajanna House, Janardhanapura village, Mayasandra hobli and Grama Panchayat, Turuvekere Taluk, Tumakuru District, Karnataka.",Shri Jaggesh (2022-28),92.8,High
Karnataka,Sitting Rajya Sabha,Normal/Others,WS/MP084/2026-2027/282592,"Installation of High Mast Light at Aroodi Village, Sasalu Hobli, Doddaballapur Taluk, Bengaluru Rural District, Karnataka.",Shri Jaggesh (2022-28),WS/MP084/2026-2027/282591,"Installation of High Mast Light at Sasalu Village, Sasalu Hobli, Doddaballapur Taluk, Bengaluru Rural District, Karnataka.",Shri Jaggesh (2022-28),94.4,High
Karnataka,Sitting Rajya Sabha,Normal/Others,WS/MP084/2026-2027/282597,"Installation of High Mast Light at Kadathippur Village, Sasalu Hobli, Doddaballapur Taluk, Bengaluru Rural District, Karnataka.",Shri Jaggesh (2022-28),WS/MP084/2026-2027/282591,"Installation of High Mast Light at Sasalu Village, Sasalu Hobli, Doddaballapur Taluk, Bengaluru Rural District, Karnataka.",Shri Jaggesh (2022-28),94.2,High
Karnataka,Sitting Rajya Sabha,Normal/Others,WS/MP084/2026-2027/282596,"Installation of High Mast Light at Banavathi Village, Sasalu Hobli, Doddaballapur Taluk, Bengaluru Rural District, Karnataka.",Shri Jaggesh (2022-28),WS/MP084/2026-2027/282591,"Installation of High Mast Light at Sasalu Village, Sasalu Hobli, Doddaballapur Taluk, Bengaluru Rural District, Karnataka.",Shri Jaggesh (2022-28),94.1,High
Karnataka,Sitting Rajya Sabha,Normal/Others,WS/MP084/2026-2027/282593,"Installation of High Mast Light at Alahalli Village, Kasaba Hobli, Doddaballapur Taluk, Bengaluru Rural District, Karnataka.",Shri Jaggesh (2022-28),WS/MP084/2026-2027/282594,"Installation of High Mast Light at Vaddarahalli Village, Kasaba Hobli, Doddaballapur Taluk, Bengaluru Rural District, Karnataka.",Shri Jaggesh (2022-28),92.8,High
Karnataka,Sitting Rajya Sabha,Normal/Others,WS/MP084/2026-2027/286962,"Installation of High Mast Light at Bhaktharahalli Village, Doddabelavangala Hobli, Dodda Ballapur Taluk, Bengaluru Rural District, Karnataka State.",Shri Jaggesh (2022-28),WS/MP084/2026-2027/286963,"Installation of High Mast Light at Ramapura Village, Doddabelavangala Hobli, Dodda Ballapur Taluk, Bengaluru Rural District, Karnataka State.",Shri Jaggesh (2022-28),92.0,High
Karnataka,Sitting Rajya Sabha,Normal/Others,WS/MP084/2026-2027/286962,"Installation of High Mast Light at Bhaktharahalli Village, Doddabelavangala Hobli, Dodda Ballapur Taluk, Bengaluru Rural District, Karnataka State.",Shri Jaggesh (2022-28),WS/MP084/2026-2027/286965,"Installation of High Mast Light at Hanabe Village, Doddabelavangala Hobli, Dodda Ballapur Taluk, Bengaluru Rural District, Karnataka State.",Shri Jaggesh (2022-28),92.0,High
Karnataka,Sitting Rajya Sabha,Normal/Others,WS/MP084/2026-2027/286963,"Installation of High Mast Light at Ramapura Village, Doddabelavangala Hobli, Dodda Ballapur Taluk, Bengaluru Rural District, Karnataka State.",Shri Jaggesh (2022-28),WS/MP084/2026-2027/286966,"Installation of High Mast Light at Thippur Village, Doddabelavangala Hobli, Dodda Ballapur Taluk, Bengaluru Rural District, Karnataka State.",Shri Jaggesh (2022-28),93.0,High
Karnataka,Sitting Rajya Sabha,Normal/Others,WS/MP084/2026-2027/286965,"Installation of High Mast Light at Hanabe Village, Doddabelavangala Hobli, Dodda Ballapur Taluk, Bengaluru Rural District, Karnataka State.",Shri Jaggesh (2022-28),WS/MP084/2026-2027/286963,"Installation of High Mast Light at Ramapura Village, Doddabelavangala Hobli, Dodda Ballapur Taluk, Bengaluru Rural District, Karnataka State.",Shri Jaggesh (2022-28),92.8,High
Karnataka,Sitting Rajya Sabha,Normal/Others,WS/MP084/2026-2027/286965,"Installation of High Mast Light at Hanabe Village, Doddabelavangala Hobli, Dodda Ballapur Taluk, Bengaluru Rural District, Karnataka State.",Shri Jaggesh (2022-28),WS/MP084/2026-2027/286966,"Installation of High Mast Light at Thippur Village, Doddabelavangala Hobli, Dodda Ballapur Taluk, Bengaluru Rural District, Karnataka State.",Shri Jaggesh (2022-28),92.5,High
Karnataka,Sitting Rajya Sabha,Normal/Others,WS/MP092/2026-2027/305015,Construction of Vijayanagara District Cultural Center (Rangamandira) at Hospete - Phase 1,Smt. Nirmala Sitharaman (2022-28),WS/MP092/2026-2027/305016,Construction of Vijayanagara District Cultural Center (Rangamandira) at Hospete - Phase 2,Smt. Nirmala Sitharaman (2022-28),99.3,Extremely High
Nagaland,Sitting Rajya Sabha,Normal/Others,WS/MP233/2026-2027/281641,"Construction of Fishery Project at Liphi,Khumsu Village, Bhandari, Wokha The proposed fishery project aims to develop a sustainable and eco-friendly fish farming system in hilly areas by utilizing available natural water resources and suitable land conditions. The project will support livelihood generation, improve local fish production, and promote rural economic development. Site Development, Land clearing, levelling, and slope stabilization. Construction of access pathways and drainage system",Smt. S. Phangnon Konyak (2022-28),WS/MP233/2026-2027/281628,"Construction of Fishery Project at Longjung Village, Bhandari, Wokha The proposed fishery project aims to develop a sustainable and eco-friendly fish farming system in hilly areas by utilizing available natural water resources and suitable land conditions. The project will support livelihood generation, improve local fish production, and promote rural economic development. Site Development, Land clearing, levelling, and slope stabilization. Construction of access pathways and drainage systems.",Smt. S. Phangnon Konyak (2022-28),95.6,Very High
Tamil Nadu,Nominated Rajya Sabha,Normal/Others,WS/MP014/2025-2026/64500,"Construction of Bus Stop in Bodi - Uttamapalayam Road East Side, Theni District- 625524",Shri Ilaiyaraaja (2022-28),WS/MP014/2025-2026/64501,"Construction of Bus Stop in Bodi - Uttamapalayam Road West Side, Theni District- 625524",Shri Ilaiyaraaja (2022-28),92.0,High
Andhra Pradesh,Sitting Rajya Sabha,Normal/Others,WS/MP18373/2024-2025/165124,"Construction of CC Road towards East Side near Ankammathalli temple in Anamanamuru Village,Korisapadu Mandal,Bapatla District",Shri Yerram Venkata Subba Reddy (2024-30),WS/MP18373/2024-2025/165125,"Construction of CC Road towards West Side near Ankammathalli temple in Anamanamuru Village,Korisapadu Mandal,Bapatla District",Shri Yerram Venkata Subba Reddy (2024-30),94.2,High
Andhra Pradesh,Sitting Rajya Sabha,Normal/Others,WS/MP18373/2024-2025/165124,"Construction of CC Road towards East Side near Ankammathalli temple in Anamanamuru Village,Korisapadu Mandal,Bapatla District",Shri Yerram Venkata Subba Reddy (2024-30),WS/MP18373/2024-2025/165127,"Construction of CC Road towards South Side near Ankammathalli temple in Anamanamuru Village,Korisapadu Mandal, Bapatla District",Shri Yerram Venkata Subba Reddy (2024-30),93.5,High
Andhra Pradesh,Sitting Rajya Sabha,Normal/Others,WS/MP18373/2024-2025/165124,"Construction of CC Road towards East Side near Ankammathalli temple in Anamanamuru Village,Korisapadu Mandal,Bapatla District",Shri Yerram Venkata Subba Reddy (2024-30),WS/MP18373/2024-2025/165126,"Construction of CC Road towards North Side near Ankammathalli temple in Anamanamuru Village,Korisapadu Mandal,Bapatla District",Shri Yerram Venkata Subba Reddy (2024-30),93.0,High
Andhra Pradesh,Sitting Rajya Sabha,Normal/Others,WS/MP18373/2024-2025/165127,"Construction of CC Road towards South Side near Ankammathalli temple in Anamanamuru Village,Korisapadu Mandal, Bapatla District",Shri Yerram Venkata Subba Reddy (2024-30),WS/MP18373/2024-2025/165125,"Construction of CC Road towards West Side near Ankammathalli temple in Anamanamuru Village,Korisapadu Mandal,Bapatla District",Shri Yerram Venkata Subba Reddy (2024-30),93.5,High
Andhra Pradesh,Sitting Rajya Sabha,Normal/Others,WS/MP18373/2024-2025/165126,"Construction of CC Road towards North Side near Ankammathalli temple in Anamanamuru Village,Korisapadu Mandal,Bapatla District",Shri Yerram Venkata Subba Reddy (2024-30),WS/MP18373/2024-2025/165125,"Construction of CC Road towards West Side near Ankammathalli temple in Anamanamuru Village,Korisapadu Mandal,Bapatla District",Shri Yerram Venkata Subba Reddy (2024-30),93.0,High
Andhra Pradesh,Sitting Rajya Sabha,Normal/Others,WS/MP18373/2024-2025/165126,"Construction of CC Road towards North Side near Ankammathalli temple in Anamanamuru Village,Korisapadu Mandal,Bapatla District",Shri Yerram Venkata Subba Reddy (2024-30),WS/MP18373/2024-2025/165127,"Construction of CC Road towards South Side near Ankammathalli temple in Anamanamuru Village,Korisapadu Mandal, Bapatla District",Shri Yerram Venkata Subba Reddy (2024-30),93.7,High
Andhra Pradesh,Sitting Rajya Sabha,Normal/Others,WS/MP18427/2025-2026/190359,"Providing CC Road from Door no 43 259 4 1 to 43 259 16 1 , Industrial estate, Prakash Nagar at 14 th Division Kadapa",Shri Ryaga Krishnaiah (2024-28),WS/MP18427/2025-2026/190358,"Providing CC Road from Door no 43 259 7 to 43 259 4 , Industrial estate,Prakash Nagar at 14 th Division Kadapa",Shri Ryaga Krishnaiah (2024-28),95.1,Very High
Andhra Pradesh,Sitting Rajya Sabha,Normal/Others,WS/MP18428/2025-2026/204761,Laying of CC Road from Social Welfare Hostel to Payyalapalem Road via Gadi Kayallu and Polathota upto Irrigation Bridge in Gandavaram GP(Bit-1) of Kodavalur Mandal,Shri Masthan Rao Yadav Beedha (2024-28),WS/MP18428/2025-2026/204762,Laying of CC Road from Social Welfare Hostel to Payyalapalem Road via Gadi Kayallu and Polathota upto Irrigation Bridge in Gandavaram GP(Bit-2) of Kodavalur Mandal,Shri Masthan Rao Yadav Beedha (2024-28),99.6,Extremely High
Andhra Pradesh,Sitting Rajya Sabha,Normal/Others,WS/MP18428/2025-2026/212171,Providing CC Road to Chavadi Road Bit-1 in Karatampadu GP of Atmakur mandal,Shri Masthan Rao Yadav Beedha (2024-28),WS/MP18428/2025-2026/212172,Providing CC Road to Chavadi Road Bit-2 in Karatampadu GP of Atmakur mandal,Shri Masthan Rao Yadav Beedha (2024-28),99.2,Extremely High
Andhra Pradesh,Sitting Rajya Sabha,Normal/Others,WS/MP18334/2025-2026/215003,"Construction of Protection wall to protect culvert on downstream side near Mudampadu Village, T. Sundupalle Mandal",Shri Meda Raghunadha Reddy (2024-30),WS/MP18334/2025-2026/215002,"Construction of Protection wall to protect culvert on upstream side near Mudampadu Village, T. Sundupalle Mandal",Shri Meda Raghunadha Reddy (2024-30),92.2,High
Andhra Pradesh,Sitting Rajya Sabha,Normal/Others,WS/MP18373/2025-2026/215498,"Providing RO Plant with Shed in SC Colony Ward No 7, Ravinuthala Village, Korisapadu Mandal, Bapatla Distict.",Shri Yerram Venkata Subba Reddy (2024-30),WS/MP18373/2025-2026/215499,"Providing RO Plant with Shed in SC Colony Ward No 8, Ravinuthala Village, Korisapadu Mandal, Bapatla Distict.",Shri Yerram Venkata Subba Reddy (2024-30),99.4,Extremely High
Andhra Pradesh,Sitting Rajya Sabha,Normal/Others,WS/MP18428/2025-2026/229688,Construction of Compound wall at Muslim Burial ground at Ibrahim Peta Bit-2 in VNR Peta (GP) of Bogole,Shri Masthan Rao Yadav Beedha (2024-28),WS/MP18428/2025-2026/229687,Construction of Compound wall at Muslim Burrial ground at Ibrahim Peta Bit-1 in VNR Peta (GP) of Bogole,Shri Masthan Rao Yadav Beedha (2024-28),92.4,High
Andhra Pradesh,Sitting Rajya Sabha,Normal/Others,WS/MP18428/2025-2026/229692,"Construction of Compound Wall Bit-1 for Burial Ground in Karrabalavolu GP of Ozili Mandal, Tirupati District",Shri Masthan Rao Yadav Beedha (2024-28),WS/MP18428/2025-2026/229693,"Construction of Compound Wall Bit-2 for Burial Ground in Karrabalavolu GP of Ozili Mandal, Tirupati District",Shri Masthan Rao Yadav Beedha (2024-28),99.4,Extremely High
Andhra Pradesh,Sitting Rajya Sabha,Normal/Others,WS/MP18428/2025-2026/234789,Construction of Internal CC Roads at Karijatha(Bit-1) of Karijatha GP in Tada Manadal,Shri Masthan Rao Yadav Beedha (2024-28),WS/MP18428/2025-2026/234790,Construction of Internal CC Roads at Karijatha(Bit-2) of Karijatha GP in Tada Manadal,Shri Masthan Rao Yadav Beedha (2024-28),99.3,Extremely High
Andhra Pradesh,Sitting Rajya Sabha,Normal/Others,WS/MP18373/2025-2026/239899,"Gravelling the Road from Health Center, Chatlamitla to MPP School, Rajampalli at 0.0 km to 0.8 km, Chatlamitla V and GP of Pedaraveedu mandal, Prakasam District.",Shri Yerram Venkata Subba Reddy (2024-30),WS/MP18373/2025-2026/239900,"Gravelling the Road from Health Center Chatlamitla to MPP School Rajampalli at 0.8 km to 0.16 km, Chatlamitla V and GP of Pedaraveedu Mandal, Prakasam District.",Shri Yerram Venkata Subba Reddy (2024-30),96.5,Very High
Andhra Pradesh,Sitting Rajya Sabha,Normal/Others,WS/MP18427/2025-2026/267342,"Contruction of CC road from Bevinahalli to to Pochanapalli 150 to 200 meters of Bevinahalli (V), Hindupur Mandal, Satyasai Dist",Shri Ryaga Krishnaiah (2024-28),WS/MP18427/2025-2026/267338,"Contruction of CC road from Bevinahalli to to Pochanapalli 200 to 250 meters of Bevinahalli (V), Hindupur Mandal, Satyasai Dist",Shri Ryaga Krishnaiah (2024-28),92.8,High
Andhra Pradesh,Sitting Rajya Sabha,Normal/Others,WS/MP18427/2025-2026/267341,"Contruction of CC road from Bevinahalli to Pochanapalli 50 to 100 meters Bevinahalli (V), Hindupur Mandal, Satyasai Dist",Shri Ryaga Krishnaiah (2024-28),WS/MP18427/2025-2026/267339,"Contruction of CC road from Bevinahalli to to Pochanapalli 0 to 50 meters of Bevinahalli (V), Hindupur Mandal, Satyasai Dist",Shri Ryaga Krishnaiah (2024-28),94.4,High
Andhra Pradesh,Sitting Rajya Sabha,Normal/Others,WS/MP18428/2026-2027/289675,"Construction of Compound wall at Left side of Community Health Center at Yallur village, Gospadu(M), Nandyala(D) Bit-1",Shri Masthan Rao Yadav Beedha (2024-28),WS/MP18428/2026-2027/289676,"Construction of Compound wall at Left side of Community Health Center at Yallur village, Gospadu(M), Nandyala(D) Bit-2",Shri Masthan Rao Yadav Beedha (2024-28),99.5,Extremely High
Andhra Pradesh,Sitting Rajya Sabha,Normal/Others,WS/MP18428/2026-2027/289677,"Construction of Compound wall at Back side of Community Health Center at Yallur village, Gospadu(M), Nandyala(D) Bit-1",Shri Masthan Rao Yadav Beedha (2024-28),WS/MP18428/2026-2027/289678,"Construction of Compound wall at Back side of Community Health Center at Yallur village, Gospadu(M), Nandyala(D) Bit-2",Shri Masthan Rao Yadav Beedha (2024-28),99.5,Extremely High
Andhra Pradesh,Sitting Rajya Sabha,Normal/Others,WS/MP18428/2026-2027/289679,"Construction of Compound wall at Right Side side of Community Health Center at Yallur village, Gospadu(M), Nandyala(D) Bit-1",Shri Masthan Rao Yadav Beedha (2024-28),WS/MP18428/2026-2027/289680,"Construction of Compound wall at Right Side side of Community Health Center at Yallur village, Gospadu(M), Nandyala(D) Bit-2",Shri Masthan Rao Yadav Beedha (2024-28),99.5,Extremely High
Karnataka,Nominated Rajya Sabha,Normal/Others,WS/MP838/2025-2026/93166,Providing Data Processing Milk Collection Unit (1 Nos) to Marakala Milk Producers Cooperative Society,Dr. Dharmasthala Veerendra Heggade (2022-28),WS/MP838/2025-2026/93342,Providing Data Processing Milk Collection Unit (1 Nos) to Marakhala Milk Producers Cooperative Society,Dr. Dharmasthala Veerendra Heggade (2022-28),92.4,High
Karnataka,Nominated Rajya Sabha,Normal/Others,WS/MP838/2025-2026/93370,Providing Data Processing Milk Collection Unit (1 Nos) to Chitta K Milk Producers Cooperative Society,Dr. Dharmasthala Veerendra Heggade (2022-28),WS/MP838/2025-2026/93203,Providing Data Processing Milk Collection Unit (1 Nos) to Chitta Milk Producers Cooperative Society,Dr. Dharmasthala Veerendra Heggade (2022-28),99.4,Extremely High
Karnataka,Nominated Rajya Sabha,Normal/Others,WS/MP838/2024-2025/93994,Providing Stainless Steel Cans (6 No's) to Hippalagaon Milk Producers Cooperative Society,Dr. Dharmasthala Veerendra Heggade (2022-28),WS/MP838/2024-2025/94342,Providing Stainless Steel Cans (8 No's) to Hippalagaon Milk Producers Cooperative Society,Dr. Dharmasthala Veerendra Heggade (2022-28),99.3,Extremely High
Karnataka,Nominated Rajya Sabha,Normal/Others,WS/MP838/2024-2025/94258,Providing Stainless Steel Cans (8 No's) to Mirakhal Milk Producers Cooperative Society,Dr. Dharmasthala Veerendra Heggade (2022-28),WS/MP838/2024-2025/94259,Providing Stainless Steel Cans (8 No's) to Mirakhal Thanda Milk Producers Cooperative Society,Dr. Dharmasthala Veerendra Heggade (2022-28),93.6,High
Karnataka,Nominated Rajya Sabha,Normal/Others,WS/MP838/2024-2025/94277,Providing Stainless Steel Cans (8 No's) to Siddeshwara Milk Producers Cooperative Society,Dr. Dharmasthala Veerendra Heggade (2022-28),WS/MP838/2024-2025/94275,Providing Stainless Steel Cans (8 No's) to Siddeshwara Wadi Milk Producers Cooperative Society,Dr. Dharmasthala Veerendra Heggade (2022-28),94.3,High
Karnataka,Nominated Rajya Sabha,Normal/Others,WS/MP838/2024-2025/94917,Providing Stainless Steel Cans (6 No's) to Chitta K Milk Producers Cooperative Society,Dr. Dharmasthala Veerendra Heggade (2022-28),WS/MP838/2024-2025/94493,Providing Stainless Steel Cans (8 No's) to Chitta Milk Producers Cooperative Society,Dr. Dharmasthala Veerendra Heggade (2022-28),98.6,Extremely High
Karnataka,Nominated Rajya Sabha,Normal/Others,WS/MP838/2024-2025/94493,Providing Stainless Steel Cans (8 No's) to Chitta Milk Producers Cooperative Society,Dr. Dharmasthala Veerendra Heggade (2022-28),WS/MP838/2024-2025/94496,Providing Stainless Steel Cans (8 No's) to Chitta Wadi Milk Producers Cooperative Society,Dr. Dharmasthala Veerendra Heggade (2022-28),94.2,High
Karnataka,Nominated Rajya Sabha,Normal/Others,WS/MP838/2024-2025/94917,Providing Stainless Steel Cans (6 No's) to Chitta K Milk Producers Cooperative Society,Dr. Dharmasthala Veerendra Heggade (2022-28),WS/MP838/2024-2025/94496,Providing Stainless Steel Cans (8 No's) to Chitta Wadi Milk Producers Cooperative Society,Dr. Dharmasthala Veerendra Heggade (2022-28),93.5,High
Karnataka,Nominated Rajya Sabha,Normal/Others,WS/MP838/2025-2026/216511,Construction of a 25x8 concrete retaining wall for the Ashoka Nagar Scheduled Caste Colony under the jurisdiction of Dharmasthala Gram Panchayat Belthangady Taluk.,Dr. Dharmasthala Veerendra Heggade (2022-28),WS/MP838/2025-2026/216512,"Construction of a 5x8 concrete retaining wall for the Ashoka Nagar Scheduled Caste Colony under the jurisdiction of Dharmasthala Gram Panchayat, Belthangady Taluk",Dr. Dharmasthala Veerendra Heggade (2022-28),95.1,Very High
Karnataka,Nominated Rajya Sabha,Normal/Others,WS/MP838/2025-2026/216522,"Construction of a 15x5 (length x height) concrete retaining wall for the Ashoka Nagar Scheduled Caste Colony under the jurisdiction of Dharmasthala Gram Panchayat, Belthangady Taluk.",Dr. Dharmasthala Veerendra Heggade (2022-28),WS/MP838/2025-2026/216520,"Construction of a 25x7 (length x height) concrete retaining wall for the Ashoka Nagar Scheduled Caste Colony under the jurisdiction of Dharmasthala Gram Panchayat, Belthangady Taluk.",Dr. Dharmasthala Veerendra Heggade (2022-28),95.1,Very High
Chhattisgarh,Sitting Rajya Sabha,Normal/Others,WS/MP225/2024-2025/157012,"Supply of LED Barrier, Mortuary Freezer, Floor Cleaning Machine, ECG Machine, BP Machine, Sell Counter, High-mast Light, and Other Necessary Medical Equipment for the Government Community Health Centre, Dondi, in Balod District, Chhattisgarh.",Smt. Ranjeet Ranjan (2022-28),WS/MP225/2024-2025/157013,"Supply of LED Barrier, Mortuary Freezer, Floor Cleaning Machine, ECG Machine, BP Machine, Sell Counter, High-mast Light, and Other Necessary Medical Equipment for the Government Community Health Centre, Dondilohara, in Balod District, Chhattisgarh.",Smt. Ranjeet Ranjan (2022-28),96.3,Very High
Chhattisgarh,Sitting Rajya Sabha,Normal/Others,WS/MP225/2024-2025/158944,Installation of a Hybrid Solar High-Mast Light,Smt. Ranjeet Ranjan (2022-28),WS/MP225/2025-2026/190750,Installation of Hybrid Solar High Mast Light,Smt. Ranjeet Ranjan (2022-28),98.7,Extremely High
Chhattisgarh,Sitting Rajya Sabha,Normal/Others,WS/MP225/2025-2026/255018,Installation of multigym equipment Post Matric Scheduled caste Boys Hostel Np Pamgarh Janjgir Champa district of Chhattisgarh,Smt. Ranjeet Ranjan (2022-28),WS/MP225/2025-2026/255021,Installation of multigym equipment Pre Matric Scheduled caste Boys Hostel Np Pamgarh Janjgir Champa district of Chhattisgarh,Smt. Ranjeet Ranjan (2022-28),93.5,High
Chhattisgarh,Sitting Rajya Sabha,Normal/Others,WS/MP225/2025-2026/255019,Installation of multigym equipment Pre Matric Scheduled caste Boys Hostel Np Kharod Janjgir Champa district of Chhattisgarh,Smt. Ranjeet Ranjan (2022-28),WS/MP225/2025-2026/255042,Installation of multigym equipment Pre Matric Scheduled caste Boys Hostel Np Rahod Janjgir Champa district of Chhattisgarh,Smt. Ranjeet Ranjan (2022-28),93.4,High
Chhattisgarh,Sitting Rajya Sabha,Normal/Others,WS/MP225/2025-2026/255019,Installation of multigym equipment Pre Matric Scheduled caste Boys Hostel Np Kharod Janjgir Champa district of Chhattisgarh,Smt. Ranjeet Ranjan (2022-28),WS/MP225/2025-2026/255021,Installation of multigym equipment Pre Matric Scheduled caste Boys Hostel Np Pamgarh Janjgir Champa district of Chhattisgarh,Smt. Ranjeet Ranjan (2022-28),92.5,High
Chhattisgarh,Sitting Rajya Sabha,Normal/Others,WS/MP225/2025-2026/255034,Installation of multigym equipment Pre Matric Scheduled caste Girls Hostel Np Nawagarh Janjgir Champa district of Chhattisgarh,Smt. Ranjeet Ranjan (2022-28),WS/MP225/2025-2026/255020,Installation of multigym equipment Pre Matric Scheduled caste Girls Hostel Np Pamgarh Janjgir Champa district of Chhattisgarh,Smt. Ranjeet Ranjan (2022-28),93.5,High
Chhattisgarh,Sitting Rajya Sabha,Normal/Others,WS/MP225/2025-2026/255021,Installation of multigym equipment Pre Matric Scheduled caste Boys Hostel Np Pamgarh Janjgir Champa district of Chhattisgarh,Smt. Ranjeet Ranjan (2022-28),WS/MP225/2025-2026/255020,Installation of multigym equipment Pre Matric Scheduled caste Girls Hostel Np Pamgarh Janjgir Champa district of Chhattisgarh,Smt. Ranjeet Ranjan (2022-28),93.0,High
Chhattisgarh,Sitting Rajya Sabha,Normal/Others,WS/MP225/2025-2026/255021,Installation of multigym equipment Pre Matric Scheduled caste Boys Hostel Np Pamgarh Janjgir Champa district of Chhattisgarh,Smt. Ranjeet Ranjan (2022-28),WS/MP225/2025-2026/255042,Installation of multigym equipment Pre Matric Scheduled caste Boys Hostel Np Rahod Janjgir Champa district of Chhattisgarh,Smt. Ranjeet Ranjan (2022-28),92.7,High
Chhattisgarh,Sitting Rajya Sabha,Normal/Others,WS/MP225/2025-2026/255035,Installation of multigym equipment Pre Matric Scheduled caste Girls Hostel Village Bhuigaon Janjgir Champa district of Chhattisgarh,Smt. Ranjeet Ranjan (2022-28),WS/MP225/2025-2026/255036,Installation of multigym equipment Pre Matric Scheduled caste Girls Hostel Village Birra Janjgir Champa district of Chhattisgarh,Smt. Ranjeet Ranjan (2022-28),93.0,High
Chhattisgarh,Sitting Rajya Sabha,Normal/Others,WS/MP225/2025-2026/255035,Installation of multigym equipment Pre Matric Scheduled caste Girls Hostel Village Bhuigaon Janjgir Champa district of Chhattisgarh,Smt. Ranjeet Ranjan (2022-28),WS/MP225/2025-2026/255038,Installation of multigym equipment Pre Matric Scheduled caste Girls Hostel Village Hardi Janjgir Champa district of Chhattisgarh,Smt. Ranjeet Ranjan (2022-28),92.6,High
Chhattisgarh,Sitting Rajya Sabha,Normal/Others,WS/MP225/2025-2026/255036,Installation of multigym equipment Pre Matric Scheduled caste Girls Hostel Village Birra Janjgir Champa district of Chhattisgarh,Smt. Ranjeet Ranjan (2022-28),WS/MP225/2025-2026/255038,Installation of multigym equipment Pre Matric Scheduled caste Girls Hostel Village Hardi Janjgir Champa district of Chhattisgarh,Smt. Ranjeet Ranjan (2022-28),92.8,High
Chhattisgarh,Sitting Rajya Sabha,Normal/Others,WS/MP225/2026-2027/281978,Construction work of borewell pump installation along with water tank 10 units,Smt. Ranjeet Ranjan (2022-28),WS/MP225/2026-2027/281977,Construction work of borewell pump installation along with water tank 10 units Phase 2,Smt. Ranjeet Ranjan (2022-28),92.6,High
Gujarat,Sitting Rajya Sabha,Normal/Others,WS/MP18288/2025-2026/211225,installing of tube well with motor,Dr. Parmar Jashvantsinh Salamsinh (2024-30),WS/MP18288/2025-2026/211215,installing tube well with motor,Dr. Parmar Jashvantsinh Salamsinh (2024-30),97.2,Very High
Gujarat,Sitting Rajya Sabha,Normal/Others,WS/MP18288/2025-2026/238213,Existing bore construction of recharging structure with roof top at main primary school,Dr. Parmar Jashvantsinh Salamsinh (2024-30),WS/MP18288/2025-2026/238177,Existing bore construction of recharging structure with roof top at main primary school betiya,Dr. Parmar Jashvantsinh Salamsinh (2024-30),94.0,High
Gujarat,Sitting Rajya Sabha,Normal/Others,WS/MP18288/2025-2026/238213,Existing bore construction of recharging structure with roof top at main primary school,Dr. Parmar Jashvantsinh Salamsinh (2024-30),WS/MP18288/2025-2026/238187,Existing bore construction of recharging structure with roof top at main primary school erandi,Dr. Parmar Jashvantsinh Salamsinh (2024-30),94.0,High
Gujarat,Sitting Rajya Sabha,Normal/Others,WS/MP18288/2025-2026/238213,Existing bore construction of recharging structure with roof top at main primary school,Dr. Parmar Jashvantsinh Salamsinh (2024-30),WS/MP18288/2025-2026/238202,Existing bore construction of recharging structure with roof top at main primary school orwada,Dr. Parmar Jashvantsinh Salamsinh (2024-30),94.0,High
Gujarat,Sitting Rajya Sabha,Normal/Others,WS/MP18288/2025-2026/238213,Existing bore construction of recharging structure with roof top at main primary school,Dr. Parmar Jashvantsinh Salamsinh (2024-30),WS/MP18288/2025-2026/238215,Existing bore construction of recharging structure with roof top at main primary school chhavad,Dr. Parmar Jashvantsinh Salamsinh (2024-30),93.7,High
Gujarat,Sitting Rajya Sabha,Normal/Others,WS/MP18288/2025-2026/238213,Existing bore construction of recharging structure with roof top at main primary school,Dr. Parmar Jashvantsinh Salamsinh (2024-30),WS/MP18288/2025-2026/238258,Existing bore construction of recharging structure with roof top at Parvadi main primary school,Dr. Parmar Jashvantsinh Salamsinh (2024-30),93.7,High
Gujarat,Sitting Rajya Sabha,Normal/Others,WS/MP18288/2025-2026/238213,Existing bore construction of recharging structure with roof top at main primary school,Dr. Parmar Jashvantsinh Salamsinh (2024-30),WS/MP18288/2025-2026/238520,Existing bore construction of recharging structure with roof top at main primary school chalali,Dr. Parmar Jashvantsinh Salamsinh (2024-30),93.7,High
Gujarat,Sitting Rajya Sabha,Normal/Others,WS/MP889/2025-2026/241988,"Adhgam Ta. Kankrej, Work of providing sports (sports equipment) (with fittings) at Main Government Primary School (2025-26)",Shri Babubhai Jesangbhai Desai (2023-29),WS/MP889/2025-2026/241990,"Changa Ta. Kankrej, Work of providing sports (sports equipment) (with fittings) at Main Government Primary School (2025-26)",Shri Babubhai Jesangbhai Desai (2023-29),92.7,High
Gujarat,Sitting Rajya Sabha,Normal/Others,WS/MP18288/2026-2027/249430,construction of protection wall part-1 near IMA hall on Mesari river,Dr. Parmar Jashvantsinh Salamsinh (2024-30),WS/MP18288/2026-2027/252587,construction of protection wall part -2 near IMA hall on Mesari river,Dr. Parmar Jashvantsinh Salamsinh (2024-30),99.1,Extremely High
Gujarat,Sitting Rajya Sabha,Normal/Others,WS/MP18288/2026-2027/249446,installation of tube well and bore moter,Dr. Parmar Jashvantsinh Salamsinh (2024-30),WS/MP18288/2025-2026/252591,installation tube well and bore moter,Dr. Parmar Jashvantsinh Salamsinh (2024-30),97.7,Very High
Gujarat,Sitting Rajya Sabha,Normal/Others,WS/MP892/2025-2026/252322,"Smart Class Facility-Integrated Blended Classroom Solution in Garudeshwar Government Primary School, Garudeshwar, Narmada",Shri S. Jaishankar (2023-29),WS/MP892/2025-2026/252321,"Smart Class Facility-Integrated Blended Classroom Solution in Kharagada Government Primary School, Garudeshwar, Narmada",Shri S. Jaishankar (2023-29),93.9,High
Gujarat,Sitting Rajya Sabha,Normal/Others,WS/MP892/2025-2026/252323,"Smart Class Facility-Integrated Blended Classroom Solution in Gabhana Government Primary School, Garudeshwar, Narmada",Shri S. Jaishankar (2023-29),WS/MP892/2025-2026/252322,"Smart Class Facility-Integrated Blended Classroom Solution in Garudeshwar Government Primary School, Garudeshwar, Narmada",Shri S. Jaishankar (2023-29),94.4,High
Gujarat,Sitting Rajya Sabha,Normal/Others,WS/MP892/2026-2027/296219,"Integrated Blended Classroom Solution at Savli Primary School, Village Savli, Block Tilakwada, Narmada District, Gujarat",Shri S. Jaishankar (2023-29),WS/MP892/2026-2027/296220,"Integrated Blended Classroom Solution at Utavali Primary School, Village Utavali, Block Tilakwada, Narmada District, Gujarat",Shri S. Jaishankar (2023-29),92.3,High
Gujarat,Sitting Rajya Sabha,Normal/Others,WS/MP892/2026-2027/304017,"Smart Class Facility 'Integrated Blended Classroom Solutions' at Babada Primary School, Village Babada, Block Chikada, District Narmada",Shri S. Jaishankar (2023-29),WS/MP892/2026-2027/304019,"Smart Class Facility 'Integrated Blended Classroom Solutions' at Dabhavan Primary School, Village Dabhavan, Block Chikada, District Narmada",Shri S. Jaishankar (2023-29),92.3,High
Gujarat,Sitting Rajya Sabha,Normal/Others,WS/MP892/2026-2027/304026,"Smart Class Facility 'Integrated Blended Classroom Solutions' at Amletha Primary School, Village Amletha, Block Nandod, District Narmada",Shri S. Jaishankar (2023-29),WS/MP892/2026-2027/304029,"Smart Class Facility 'Integrated Blended Classroom Solutions' at Vaghetha Primary School, Village Vaghetha, Block Nandod, District Narmada",Shri S. Jaishankar (2023-29),92.7,High
Gujarat,Sitting Rajya Sabha,Normal/Others,WS/MP892/2026-2027/304031,"Smart Class Facility 'Integrated Blended Classroom Solutions' at Javli Primary School, Village Javli, Block Sagbara, District Narmada",Shri S. Jaishankar (2023-29),WS/MP892/2026-2027/304033,"Smart Class Facility 'Integrated Blended Classroom Solutions' at Movi Primary School, Village Movi, Block Sagbara, District Narmada",Shri S. Jaishankar (2023-29),92.6,High
Gujarat,Sitting Rajya Sabha,Normal/Others,WS/MP892/2026-2027/304032,"Smart Class Facility 'Integrated Blended Classroom Solutions' at Khopi Primary School, Village Khopi, Block Sagbara, District Narmada",Shri S. Jaishankar (2023-29),WS/MP892/2026-2027/304033,"Smart Class Facility 'Integrated Blended Classroom Solutions' at Movi Primary School, Village Movi, Block Sagbara, District Narmada",Shri S. Jaishankar (2023-29),92.6,High
Gujarat,Sitting Rajya Sabha,Normal/Others,WS/MP892/2026-2027/304040,"Smart Class Facility 'Integreted Blended Classroom Solution' at RMSA Govt. Secondary School, Chopadvav, Village Chopadvav, Block Sagbara, District Narmada",Shri S. Jaishankar (2023-29),WS/MP892/2026-2027/304042,"Smart Class Facility 'Integreted Blended Classroom Solution' at RMSA Govt. Secondary School, Mahupada, Village Mahupada, Block Sagbara, District Narmada",Shri S. Jaishankar (2023-29),92.7,High
Gujarat,Sitting Rajya Sabha,Normal/Others,WS/MP892/2026-2027/304040,"Smart Class Facility 'Integreted Blended Classroom Solution' at RMSA Govt. Secondary School, Chopadvav, Village Chopadvav, Block Sagbara, District Narmada",Shri S. Jaishankar (2023-29),WS/MP892/2026-2027/304043,"Smart Class Facility 'Integreted Blended Classroom Solution' at RMSA Govt. Secondary School, Khopi, Village Khopi, Block Sagbara, District Narmada",Shri S. Jaishankar (2023-29),92.2,High
Gujarat,Sitting Rajya Sabha,Normal/Others,WS/MP892/2026-2027/304055,"Smart Class Facility 'Integreted Blended Classroom Solution' at RMSA Govt. Secondary School, Kareli, Village Kareli, Block Garudeshwar, District Narmada",Shri S. Jaishankar (2023-29),WS/MP892/2026-2027/304057,"Smart Class Facility 'Integreted Blended Classroom Solution' at RMSA Govt. Secondary School, Zarvani, Village Zarvani, Block Garudeshwar, District Narmada",Shri S. Jaishankar (2023-29),92.7,High
Andhra Pradesh,Nominated Rajya Sabha,Normal/Others,WS/MP840/2023-2024/87025,"Construction of 2nd floor of Community Hall at Datta Temple in Panchadevepad village, Makthal Mandal, Narayanpet District",Shri V. Vijayendra Prasad (2022-28),WS/MP840/2023-2024/87030,"Construction of balance work of 2nd floor of Community Hall at Datta Temple in Panchadevepad village, Makthal Mandal, Narayanpet District",Shri V. Vijayendra Prasad (2022-28),93.1,High
Andhra Pradesh,Nominated Rajya Sabha,Normal/Others,WS/MP840/2024-2025/109124,Providing LED High Mast Lighting at the location given below: GP/Village/Mandal : Abbapur Thanda/ Navipet; District : Nizamabad;,Shri V. Vijayendra Prasad (2022-28),WS/MP840/2024-2025/109138,Providing LED High Mast Lighting at the location given below: GP/Village/Mandal : Dharyapur Thanda/ Navipet; District : Nizamabad;,Shri V. Vijayendra Prasad (2022-28),93.5,High
Andhra Pradesh,Nominated Rajya Sabha,Normal/Others,WS/MP840/2024-2025/109124,Providing LED High Mast Lighting at the location given below: GP/Village/Mandal : Abbapur Thanda/ Navipet; District : Nizamabad;,Shri V. Vijayendra Prasad (2022-28),WS/MP840/2024-2025/109140,Providing LED High Mast Lighting at the location given below: GP/Village/Mandal : Shiva Thanda/ Navipet; District : Nizamabad;,Shri V. Vijayendra Prasad (2022-28),92.5,High
Andhra Pradesh,Nominated Rajya Sabha,Normal/Others,WS/MP840/2024-2025/109138,Providing LED High Mast Lighting at the location given below: GP/Village/Mandal : Dharyapur Thanda/ Navipet; District : Nizamabad;,Shri V. Vijayendra Prasad (2022-28),WS/MP840/2024-2025/109140,Providing LED High Mast Lighting at the location given below: GP/Village/Mandal : Shiva Thanda/ Navipet; District : Nizamabad;,Shri V. Vijayendra Prasad (2022-28),92.5,High
Andhra Pradesh,Nominated Rajya Sabha,Normal/Others,WS/MP840/2024-2025/109148,Providing LED High Mast Lighting at the location given below: GP/Village/Mandal : Dharmaram Thanda/ Nizamabad Rural; District : Nizamabad;,Shri V. Vijayendra Prasad (2022-28),WS/MP840/2024-2025/109144,Providing LED High Mast Lighting at the location given below: GP/Village/Mandal : Malkapur Thanda/ Nizamabad Rural; District : Nizamabad;,Shri V. Vijayendra Prasad (2022-28),92.5,High
Andhra Pradesh,Nominated Rajya Sabha,Normal/Others,WS/MP840/2024-2025/109197,Providing LED High Mast Lighting at the location given below: GP/Village/Mandal : Amrabad Thanda/ Mugpal; District : Nizamabad,Shri V. Vijayendra Prasad (2022-28),WS/MP840/2024-2025/109190,Providing LED High Mast Lighting at the location given below: GP/Village/Mandal : Bhairapur Thanda/ Mugpal; District : Nizamabad;,Shri V. Vijayendra Prasad (2022-28),92.5,High
Andhra Pradesh,Nominated Rajya Sabha,Normal/Others,WS/MP840/2024-2025/109197,Providing LED High Mast Lighting at the location given below: GP/Village/Mandal : Amrabad Thanda/ Mugpal; District : Nizamabad,Shri V. Vijayendra Prasad (2022-28),WS/MP840/2024-2025/109204,Providing LED High Mast Lighting at the location given below: GP/Village/Mandal : Yellammakunta Thanda/ Mugpal; District : Nizamabad;,Shri V. Vijayendra Prasad (2022-28),92.0,High
Andhra Pradesh,Nominated Rajya Sabha,Normal/Others,WS/MP840/2024-2025/109221,Providing LED High Mast Lighting at the location given below: GP/Village/Mandal : Doosgaon Thanda/ Dichpally; District : Nizamabad;,Shri V. Vijayendra Prasad (2022-28),WS/MP840/2024-2025/109225,Providing LED High Mast Lighting at the location given below: GP/Village/Mandal : Sampally Thanda/ Dichpally; District : Nizamabad;,Shri V. Vijayendra Prasad (2022-28),92.1,High
Andhra Pradesh,Nominated Rajya Sabha,Normal/Others,WS/MP840/2024-2025/109227,Providing LED High Mast Lighting at the location given below: GP/Village/Mandal : Mittapally Thanda/ Dichpally; District : Nizamabad;,Shri V. Vijayendra Prasad (2022-28),WS/MP840/2024-2025/109225,Providing LED High Mast Lighting at the location given below: GP/Village/Mandal : Sampally Thanda/ Dichpally; District : Nizamabad;,Shri V. Vijayendra Prasad (2022-28),93.5,High
Andhra Pradesh,Nominated Rajya Sabha,Normal/Others,WS/MP840/2024-2025/109232,Providing LED High Mast Lighting at the location given below: GP/Village/Mandal : Makloor Thanda/ Indalwai; District : Nizamabad;,Shri V. Vijayendra Prasad (2022-28),WS/MP840/2024-2025/109260,Providing LED High Mast Lighting at the location given below: GP/Village/Mandal : Pati Thanda/ Indalwai; District : Nizamabad;,Shri V. Vijayendra Prasad (2022-28),92.7,High
Andhra Pradesh,Nominated Rajya Sabha,Normal/Others,WS/MP840/2024-2025/109232,Providing LED High Mast Lighting at the location given below: GP/Village/Mandal : Makloor Thanda/ Indalwai; District : Nizamabad;,Shri V. Vijayendra Prasad (2022-28),WS/MP840/2024-2025/109263,Providing LED High Mast Lighting at the location given below: GP/Village/Mandal : Megyanayak Thanda/ Indalwai; District : Nizamabad;,Shri V. Vijayendra Prasad (2022-28),92.3,High
Andhra Pradesh,Nominated Rajya Sabha,Normal/Others,WS/MP840/2024-2025/109263,Providing LED High Mast Lighting at the location given below: GP/Village/Mandal : Megyanayak Thanda/ Indalwai; District : Nizamabad;,Shri V. Vijayendra Prasad (2022-28),WS/MP840/2024-2025/109260,Providing LED High Mast Lighting at the location given below: GP/Village/Mandal : Pati Thanda/ Indalwai; District : Nizamabad;,Shri V. Vijayendra Prasad (2022-28),92.0,High
Andhra Pradesh,Nominated Rajya Sabha,Normal/Others,WS/MP840/2024-2025/109274,Providing LED High Mast Lighting at the location given below: GP/Village/Mandal : DB Thanda/ Dharpally; District : Nizamabad;,Shri V. Vijayendra Prasad (2022-28),WS/MP840/2024-2025/109273,Providing LED High Mast Lighting at the location given below: GP/Village/Mandal : Maddul Thanda/ Dharpally; District : Nizamabad;,Shri V. Vijayendra Prasad (2022-28),93.5,High
Andhra Pradesh,Nominated Rajya Sabha,Normal/Others,WS/MP840/2024-2025/109273,Providing LED High Mast Lighting at the location given below: GP/Village/Mandal : Maddul Thanda/ Dharpally; District : Nizamabad;,Shri V. Vijayendra Prasad (2022-28),WS/MP840/2024-2025/109275,Providing LED High Mast Lighting at the location given below: GP/Village/Mandal : Salpa Thanda/ Dharpally; District : Nizamabad;,Shri V. Vijayendra Prasad (2022-28),93.3,High
Andhra Pradesh,Nominated Rajya Sabha,Normal/Others,WS/MP840/2024-2025/109274,Providing LED High Mast Lighting at the location given below: GP/Village/Mandal : DB Thanda/ Dharpally; District : Nizamabad;,Shri V. Vijayendra Prasad (2022-28),WS/MP840/2024-2025/109275,Providing LED High Mast Lighting at the location given below: GP/Village/Mandal : Salpa Thanda/ Dharpally; District : Nizamabad;,Shri V. Vijayendra Prasad (2022-28),93.2,High
Andhra Pradesh,Nominated Rajya Sabha,Normal/Others,WS/MP840/2024-2025/155334,"Laying of CC Roads, Construction of drains at Ward No.13",Shri V. Vijayendra Prasad (2022-28),WS/MP840/2025-2026/155333,"Laying of CC Roads, Construction of drains at Ward No.8",Shri V. Vijayendra Prasad (2022-28),92.6,High
Andhra Pradesh,Nominated Rajya Sabha,Normal/Others,WS/MP840/2025-2026/206151,Construction of CC road East side of community hall near Datta temple in Panchadevpad,Shri V. Vijayendra Prasad (2022-28),WS/MP840/2025-2026/206157,Construction of CC road West side of community hall near Datta temple in Panchadevpad,Shri V. Vijayendra Prasad (2022-28),92.0,High
Andhra Pradesh,Nominated Rajya Sabha,Normal/Others,WS/MP840/2025-2026/215456,Metaling on road from eduluru to kurumarthy from 0.750 to 1 km,Shri V. Vijayendra Prasad (2022-28),WS/MP840/2025-2026/215490,Metaling on road from eduluru to kurumarthy from 1.750 to 2 km,Shri V. Vijayendra Prasad (2022-28),98.1,Extremely High
Andhra Pradesh,Nominated Rajya Sabha,Normal/Others,WS/MP840/2025-2026/215458,Metaling on road from eduluru to kurumarthy from 1.250 to 1.500 Km,Shri V. Vijayendra Prasad (2022-28),WS/MP840/2025-2026/215495,Metaling on road from eduluru to kurumarthy from 2.250 to 2.500 km,Shri V. Vijayendra Prasad (2022-28),98.2,Extremely High
Andhra Pradesh,Nominated Rajya Sabha,Normal/Others,WS/MP840/2025-2026/215506,Metaling on road from Eduluru to kurumarthy from 0.250 to 0.500,Shri V. Vijayendra Prasad (2022-28),WS/MP840/2025-2026/215458,Metaling on road from eduluru to kurumarthy from 1.250 to 1.500 Km,Shri V. Vijayendra Prasad (2022-28),92.3,High
Andhra Pradesh,Nominated Rajya Sabha,Normal/Others,WS/MP840/2025-2026/215506,Metaling on road from Eduluru to kurumarthy from 0.250 to 0.500,Shri V. Vijayendra Prasad (2022-28),WS/MP840/2025-2026/215495,Metaling on road from eduluru to kurumarthy from 2.250 to 2.500 km,Shri V. Vijayendra Prasad (2022-28),92.3,High
Andhra Pradesh,Nominated Rajya Sabha,Normal/Others,WS/MP840/2025-2026/231633,Construction of Community hall Extension BIT 3,Shri V. Vijayendra Prasad (2022-28),WS/MP840/2025-2026/231634,Construction of Community hall Extension BIT 4,Shri V. Vijayendra Prasad (2022-28),98.7,Extremely High
Andhra Pradesh,Nominated Rajya Sabha,Normal/Others,WS/MP840/2025-2026/244867,Construction of Primary School new building class room 1,Shri V. Vijayendra Prasad (2022-28),WS/MP840/2025-2026/244868,Construction of Primary School new building class room 2,Shri V. Vijayendra Prasad (2022-28),98.9,Extremely High
Kerala,Sitting Rajya Sabha,Normal/Others,WS/MP099/2025-2026/166658,"Purchase and distribution of one motorized tricycle to eligible person with disabilities residing in Division No. 24, Kannur Municipal Corporation, Kannur District",Dr. John Brittas (2021-27),WS/MP099/2025-2026/166704,"Purchase and distribution of one motorized tricycle to eligible person with disabilities residing in Division No. 50, Kannur Municipal Corporation, Kannur District",Dr. John Brittas (2021-27),94.8,High
Kerala,Sitting Rajya Sabha,Normal/Others,WS/MP096/2026-2027/239488,"Setting up of Mini mast light at Thattara Nattuvetti road Kalarikkal junction, Ward No.30, Malappuram Municipality",Shri Abdul Wahab (2021-27),WS/MP096/2026-2027/239487,"Setting up of Mini mast light at Thattara Nattuvetti road Kappattiyil junction, Ward No.30, Malappuram Municipality",Shri Abdul Wahab (2021-27),92.1,High
Kerala,Nominated Rajya Sabha,Normal/Others,WS/MP842/2026-2027/165448,Construction of Thrikottur UP School Canal Mukku Road (Concreting) in Ward No 17 Thikkodi (GP) Melady (BP) Kozhikode,Smt. P. T. Usha (2022-28),WS/MP842/2026-2027/165447,Construction of Thrikottur UP School Prasanthi Mukku Road (Concreting) in Ward No 17 Thikkodi (GP) Melady (BP) Kozhikode,Smt. P. T. Usha (2022-28),92.3,High
Telangana,Sitting Rajya Sabha,Normal/Others,WS/MP846/2024-2025/137319,"Construction of Compound wall (East Side) to Old age home Velma Sankshema Mandali at Nookapally (v) MP.Mallial,Jagtial Dist.",Shri Damodar Rao Divakonda (2022-28),WS/MP846/2024-2025/137315,"Construction of Compound wall (North Side) to Old age home Velma Sankshema Mandali at Nookapally (v) MP.Mallial, Jagtial Dist.",Shri Damodar Rao Divakonda (2022-28),93.2,High
Telangana,Sitting Rajya Sabha,Normal/Others,WS/MP846/2024-2025/137315,"Construction of Compound wall (North Side) to Old age home Velma Sankshema Mandali at Nookapally (v) MP.Mallial, Jagtial Dist.",Shri Damodar Rao Divakonda (2022-28),WS/MP846/2024-2025/137320,"Construction of Compound wall (West Side) to Old age home Velma Sankshema Mandali at Nookapally (v) MP.Mallial, Jagtial Dist.",Shri Damodar Rao Divakonda (2022-28),93.2,High
Telangana,Sitting Rajya Sabha,Normal/Others,WS/MP846/2024-2025/137319,"Construction of Compound wall (East Side) to Old age home Velma Sankshema Mandali at Nookapally (v) MP.Mallial,Jagtial Dist.",Shri Damodar Rao Divakonda (2022-28),WS/MP846/2024-2025/137320,"Construction of Compound wall (West Side) to Old age home Velma Sankshema Mandali at Nookapally (v) MP.Mallial, Jagtial Dist.",Shri Damodar Rao Divakonda (2022-28),94.5,High
Telangana,Sitting Rajya Sabha,Normal/Others,WS/MP171/2024-2025/147168,"Erection of LED High mast lights in Dhannur (V), Neradigonda(M)",Shri Ravi Chandra Vaddiraju (2024-30),WS/MP171/2024-2025/147173,"Erection of LED one High mast lights in Dhannur D(V), Neradigonda(M)",Shri Ravi Chandra Vaddiraju (2024-30),92.1,High
Telangana,Sitting Rajya Sabha,Normal/Others,WS/MP846/2024-2025/148634,Drilling of Borewell at Near Primary school in Gudur (v) of Palakurthy(M) Jangaon Dist,Shri Damodar Rao Divakonda (2022-28),WS/MP846/2024-2025/148638,Drilling of Borewell at Primary School in Gudur(v) Of Palakurthy(M) Jangaon Dist,Shri Damodar Rao Divakonda (2022-28),93.7,High
Telangana,Sitting Rajya Sabha,Normal/Others,WS/MP18374/2024-2025/150305,"Providing 5 KV Solar power system at Govt.BC Boys College Hostel, Amberpet",Shri Anil Kumar Yadav Mandadi (2024-30),WS/MP18374/2024-2025/150299,"Providing 5 KV Solar power system at Govt.BC Boys Hostel, Amberpet",Shri Anil Kumar Yadav Mandadi (2024-30),92.5,High
Telangana,Sitting Rajya Sabha,Normal/Others,WS/MP18374/2024-2025/150305,"Providing 5 KV Solar power system at Govt.BC Boys College Hostel, Amberpet",Shri Anil Kumar Yadav Mandadi (2024-30),WS/MP18374/2024-2025/150307,"Providing 5 KV Solar power system at Govt.BC Boys College Hostel, Amberpet (Old)",Shri Anil Kumar Yadav Mandadi (2024-30),94.8,High
Telangana,Sitting Rajya Sabha,Normal/Others,WS/MP18374/2024-2025/150311,"Providing 5 KV Solar power system at Govt. BC Girls College Hostel, Secunderabad",Shri Anil Kumar Yadav Mandadi (2024-30),WS/MP18374/2024-2025/150313,"Providing 5 KV Solar power system at Govt. BC Girls College Hostel, Secunderabad Contonment",Shri Anil Kumar Yadav Mandadi (2024-30),92.4,High
Telangana,Sitting Rajya Sabha,Normal/Others,WS/MP171/2025-2026/195963,"Providing LED High-Mast Lights West Side of Parking Area(North West Corner) of Balabrahmeshwara Swamy Temple at Alampur, Jogulamba Gadwal District",Shri Ravi Chandra Vaddiraju (2024-30),WS/MP171/2025-2026/195962,"Providing LED High-Mast Lights West Side of Parking Area(South West Corner) of Balabrahmeshwara Swamy Temple at Alampur, Jogulamba Gadwal District",Shri Ravi Chandra Vaddiraju (2024-30),94.7,High
Telangana,Sitting Rajya Sabha,Normal/Others,WS/MP18374/2025-2026/200995,laying of CC Road from SC Colony to Muthyalamma Gudi at Lasmipuram G.P of Miryalguda Mandal Bit - I,Shri Anil Kumar Yadav Mandadi (2024-30),WS/MP18374/2025-2026/200994,Laying of CC Road from SC Colony to Muthyalamma Gudi at Lasmipuram G.P of Miryalguda Mandal Bit - II,Shri Anil Kumar Yadav Mandadi (2024-30),96.6,Very High
Telangana,Sitting Rajya Sabha,Normal/Others,WS/MP18374/2025-2026/218025,Construction of Additional room to Library at East side in Division No.44 of Nizamabad Town,Shri Anil Kumar Yadav Mandadi (2024-30),WS/MP18374/2025-2026/218023,Construction of Additional room to Library at East west side in Division No.44 of Nizamabad Town,Shri Anil Kumar Yadav Mandadi (2024-30),94.8,High
Telangana,Sitting Rajya Sabha,Normal/Others,WS/MP18374/2025-2026/218023,Construction of Additional room to Library at East west side in Division No.44 of Nizamabad Town,Shri Anil Kumar Yadav Mandadi (2024-30),WS/MP18374/2025-2026/218026,Construction of Additional room to Library at West side in Division No.44 of Nizamabad Town,Shri Anil Kumar Yadav Mandadi (2024-30),94.8,High
Telangana,Sitting Rajya Sabha,Normal/Others,WS/MP18374/2025-2026/218025,Construction of Additional room to Library at East side in Division No.44 of Nizamabad Town,Shri Anil Kumar Yadav Mandadi (2024-30),WS/MP18374/2025-2026/218026,Construction of Additional room to Library at West side in Division No.44 of Nizamabad Town,Shri Anil Kumar Yadav Mandadi (2024-30),92.1,High
Telangana,Sitting Rajya Sabha,Normal/Others,WS/MP18381/2026-2027/273280,"Installation of One High Mast Light near Shri Venkateshwara Swamy Temple at Janakampeta village, Velipoor Mandal, Nizambad District, Telangana",Smt. Renuka Chowdhury (2024-30),WS/MP18381/2026-2027/273282,"Installation of One High Mast Light near Shri Venkateshwara Swamy Temple at Venkatapur Village, Velipoor Mandal, Nizambad District, Telangana",Smt. Renuka Chowdhury (2024-30),92.9,High
Maharashtra,Sitting Rajya Sabha,Normal/Others,WS/MP18290/2025-2026/199067,construction of Cement Road in ward no 1,Shri Chandrakant Damodar Handore (2024-30),WS/MP18290/2025-2026/199068,construction of cement road in ward no 2,Shri Chandrakant Damodar Handore (2024-30),98.5,Extremely High
Maharashtra,Sitting Rajya Sabha,Normal/Others,WS/MP18290/2025-2026/210848,"To erect Solar Highmast in Ward 3, Warapgaon Ambejogai Dist Beed",Shri Chandrakant Damodar Handore (2024-30),WS/MP18290/2025-2026/210846,"To erect Solar Highmast in Ward No.1, Warapgaon, Ambejogai, Dist. Beed",Shri Chandrakant Damodar Handore (2024-30),93.2,High
Maharashtra,Sitting Rajya Sabha,Normal/Others,WS/MP112/2026-2027/249185,"Providing 01 printer and 02 computer sets to Vidyamandir School at Bange, Taluka Kagal, Dist. Kolhapur",Shri Dhananjay Bhimrao Mahadik (2022-28),WS/MP112/2026-2027/249190,"Providing 01 printer and 02 computer sets to Vidyamandir School at Sonage, Taluka Kagal, Dist. Kolhapur",Shri Dhananjay Bhimrao Mahadik (2022-28),92.3,High
West Bengal,Sitting Rajya Sabha,Normal/Others,WS/MP18382/2025-2026/254268,Installation integrated solar street lights 20 nos,Smt. Mamata Thakur (2024-30),WS/MP18382/2025-2026/254269,Installation of integrated solar street lights 20 nos,Smt. Mamata Thakur (2024-30),98.3,Extremely High
West Bengal,Sitting Rajya Sabha,Normal/Others,WS/MP893/2025-2026/271209,Development of Footpath of M M Ali Road (Eastern Flank) by laying Paver Block from crossing of Sudhir Bose to crossing of Ekbalpore Road in ward no 77 under KMC,Shri Samirul Islam (2023-29),WS/MP18299/2025-2026/271177,Development of Footpath of M M Ali Road (Western Flank) by laying Paver Block from crossing of Sudhir Bose to crossing of Ekbalpore Road in ward no 77 under KMC.,Smt. Sagarika Ghose (2024-30),95.6,Very High
West Bengal,Sitting Rajya Sabha,Normal/Others,WS/MP893/2025-2026/271182,Development of footpath along Ibrahim Road by laying Paver Block at Eastern Flank from crossing of Ekbalpore Road to crossing of Sudhir Bose Road in ward no 77 under KMC,Shri Samirul Islam (2023-29),WS/MP893/2025-2026/271183,Development of footpath along Ibrahim Road by laying Paver Block at Western Flank from crossing of Ekbalpore Road to crossing of Sudhir Bose Road in ward no 77 under KMC,Shri Samirul Islam (2023-29),95.8,Very High
Haryana,Sitting Rajya Sabha,Normal/Others,WS/MP18425/2026-2027/292494,"Installation of 1 100 Ltr SS-304 Water Cooler (50 LPH cooling capacity) with protective steel cage, concrete base, BIS/ISI compliance, complete fittings, earthing and 6-month warranty",Smt. Rekha Sharma (2024-28),WS/MP18425/2026-2027/292488,"Installation of 2 100 Ltr SS-304 Water Cooler (50 LPH cooling capacity) with protective steel cage, concrete base, BIS/ISI compliance, complete fittings, earthing and 6-month warranty",Smt. Rekha Sharma (2024-28),99.7,Extremely High
Haryana,Sitting Rajya Sabha,Normal/Others,WS/MP18425/2026-2027/292496,"Installation of 100 Ltr SS-304 Water Cooler (50 LPH cooling capacity) with protective steel cage, concrete base, BIS/ISI compliance, complete fittings, earthing and 6-month warranty",Smt. Rekha Sharma (2024-28),WS/MP18425/2026-2027/292488,"Installation of 2 100 Ltr SS-304 Water Cooler (50 LPH cooling capacity) with protective steel cage, concrete base, BIS/ISI compliance, complete fittings, earthing and 6-month warranty",Smt. Rekha Sharma (2024-28),99.7,Extremely High
Haryana,Sitting Rajya Sabha,Normal/Others,WS/MP18425/2026-2027/292494,"Installation of 1 100 Ltr SS-304 Water Cooler (50 LPH cooling capacity) with protective steel cage, concrete base, BIS/ISI compliance, complete fittings, earthing and 6-month warranty",Smt. Rekha Sharma (2024-28),WS/MP18425/2026-2027/292496,"Installation of 100 Ltr SS-304 Water Cooler (50 LPH cooling capacity) with protective steel cage, concrete base, BIS/ISI compliance, complete fittings, earthing and 6-month warranty",Smt. Rekha Sharma (2024-28),99.7,Extremely High
Haryana,Sitting Rajya Sabha,Normal/Others,WS/MP18425/2026-2027/292561,"installation of 2100 Lt SS304 Water Cooler 50 LPH cooling capacity with protective steel cage, concrete base, BIS,ISI compliance, complete fittings, earthing and 6 month warranty",Smt. Rekha Sharma (2024-28),WS/MP18425/2026-2027/292560,"installation of one 100 Lt SS304 Water Cooler 50 LPH cooling capacity with protective steel cage, concrete base, BIS,ISI compliance, complete fittings, earthing and 6 month warranty",Smt. Rekha Sharma (2024-28),94.3,High
Delhi,Sitting Rajya Sabha,Normal/Others,WS/MP878/2026-2027/282362,SUPPLY AND INSTALLATION OF CHILDREN PLAY EQUIPMENTS AT D PARK INDERPURI WARD NO 140 KAROL BAGH ZONE,Shri Sanjay Singh (2024-30),WS/MP878/2026-2027/282348,SUPPLY AND INSTALLATION OF CHILDREN PLAY EQUIPMENTS AT SHASTRI PARK INDERPURI WARD NO 140 KAROL BAGH ZONE,Shri Sanjay Singh (2024-30),94.3,High
Delhi,Sitting Rajya Sabha,Normal/Others,WS/MP878/2026-2027/282364,SUPPLY AND INSTALLATION OF CHILDREN PLAY EQUIPMENTS AT C PARK INDERPURI WARD NO 140 KAROL BAGH ZONE,Shri Sanjay Singh (2024-30),WS/MP878/2026-2027/282348,SUPPLY AND INSTALLATION OF CHILDREN PLAY EQUIPMENTS AT SHASTRI PARK INDERPURI WARD NO 140 KAROL BAGH ZONE,Shri Sanjay Singh (2024-30),94.3,High
Delhi,Sitting Rajya Sabha,Normal/Others,WS/MP878/2026-2027/282364,SUPPLY AND INSTALLATION OF CHILDREN PLAY EQUIPMENTS AT C PARK INDERPURI WARD NO 140 KAROL BAGH ZONE,Shri Sanjay Singh (2024-30),WS/MP878/2026-2027/282362,SUPPLY AND INSTALLATION OF CHILDREN PLAY EQUIPMENTS AT D PARK INDERPURI WARD NO 140 KAROL BAGH ZONE,Shri Sanjay Singh (2024-30),99.4,Extremely High
